Date,fully_diluted_market_cap,circulating_market_cap
2020-06-16,785793159.08,0.00
2020-06-17,785793159.08,0.00
2020-06-18,673063859.30,0.00
2020-06-19,1462733720.82,0.00
2020-06-20,2201418163.02,566780576.18
2020-06-21,2598906734.88,667044801.76
2020-06-22,3362163225.86,864031335.33
2020-06-23,2803043981.37,721437309.93
2020-06-24,2415682391.01,623040869.65
2020-06-25,2090654521.87,560416474.88
2020-06-26,2299696860.56,617581038.71
2020-06-27,2620429014.79,760591168.62
2020-06-28,2312310965.74,683262624.36
2020-06-29,2416981869.18,709092339.00
2020-06-30,2332141236.57,686391453.51
2020-07-01,2157322774.87,637581261.45
2020-07-02,2006906765.04,595615385.29
2020-07-03,1799581070.42,533305699.58
2020-07-04,1720643225.21,510332383.53
2020-07-05,1805067631.77,537651437.95
2020-07-06,2003907408.83,590854010.62
2020-07-07,1954014324.85,596533817.85
2020-07-08,1872890846.50,571709346.16
2020-07-09,1849992526.36,564518972.87
2020-07-10,1800001003.13,550776849.07
2020-07-11,1749935934.70,537043993.70
2020-07-12,1778005776.28,544708607.48
2020-07-13,1762241214.58,540235646.90
2020-07-14,1659076608.14,508777141.38
2020-07-15,1640786057.45,505289305.33
2020-07-16,1604029858.59,495267602.36
2020-07-17,1551145090.88,477246774.99
2020-07-18,1685605862.93,519876009.48
2020-07-19,1637401786.84,504494524.87
2020-07-20,1630341659.71,503762734.71
2020-07-21,1583282810.41,490439102.16
2020-07-22,1597227735.31,493327026.20
2020-07-23,1578125013.84,488519532.93
2020-07-24,1569134575.36,486204081.94
2020-07-25,1550938673.12,480611709.40
2020-07-26,1555391991.44,482864350.13
2020-07-27,1576262114.16,489904063.59
2020-07-28,1361559013.50,423452804.97
2020-07-29,1360489223.08,428106408.00
2020-07-30,1331186131.72,420146413.59
2020-07-31,1329472001.15,420196873.48
2020-08-01,1345526565.52,425290754.59
2020-08-02,1380522490.27,436654889.16
2020-08-03,1276767606.04,404212042.12
2020-08-04,1270082798.29,401869913.98
2020-08-05,1318995191.28,418337421.08
2020-08-06,1360325119.86,432170766.16
2020-08-07,1367206370.86,434723290.84
2020-08-08,1543166012.02,490118945.24
2020-08-09,1511502436.16,479668945.12
2020-08-10,1704205352.06,539978268.81
2020-08-11,1764065022.92,563907573.97
2020-08-12,1935964701.81,616010505.56
2020-08-13,2170793078.66,694793345.30
2020-08-14,2046589490.21,653381946.68
2020-08-15,1963661237.23,628402853.68
2020-08-16,1966392308.95,629288248.54
2020-08-17,2005587099.69,638941804.49
2020-08-18,1846996861.13,593160347.27
2020-08-19,1848205355.23,593231847.19
2020-08-20,1818401610.74,583559784.76
2020-08-21,1798349039.32,577979927.82
2020-08-22,1694848487.92,539017557.81
2020-08-23,1742838047.26,556196278.49
2020-08-24,1692985196.11,545536227.49
2020-08-25,1808822171.61,582589650.86
2020-08-26,1657571113.26,535192457.05
2020-08-27,1796950676.35,579938980.71
2020-08-28,1716462657.14,553619382.39
2020-08-29,1888137010.94,612176686.58
2020-08-30,1957448507.20,636575898.42
2020-08-31,2165323610.03,699586980.91
2020-09-01,2440236095.52,791853356.94
2020-09-02,2563527001.00,843872396.37
2020-09-03,2234632183.78,726392199.46
2020-09-04,1857305229.13,606848678.80
2020-09-05,1877872126.79,621926567.28
2020-09-06,1576697538.04,522995380.70
2020-09-07,1721923509.09,572482790.19
2020-09-08,1788145987.75,592740284.60
2020-09-09,1739314633.83,576694023.42
2020-09-10,1778496234.30,586782797.55
2020-09-11,1716682000.43,569581076.58
2020-09-12,1730640936.21,575094654.53
2020-09-13,1802234758.76,595647389.42
2020-09-14,1650556895.63,548608310.59
2020-09-15,1658661548.68,549691124.20
2020-09-16,1546425406.89,513385930.04
2020-09-17,1531579759.69,508435802.86
2020-09-18,1582515061.82,528576728.11
2020-09-19,1528259414.71,507114267.93
2020-09-20,1520751367.14,505426770.27
2020-09-21,1446704707.59,481420905.73
2020-09-22,1291456786.09,431692174.72
2020-09-23,1439381349.23,480759688.36
2020-09-24,1273312504.76,423853634.87
2020-09-25,1387420347.29,460628488.63
2020-09-26,1399179598.05,464534440.17
2020-09-27,1442675300.81,479542997.17
2020-09-28,1388886455.64,459987511.16
2020-09-29,1313971634.84,434354945.46
2020-09-30,1325615325.02,441036594.44
2020-10-01,1331375076.67,442245278.59
2020-10-02,1291882228.75,428430436.39
2020-10-03,1204457014.26,399315906.18
2020-10-04,1215263317.76,404711561.03
2020-10-05,1196393065.67,398180175.31
2020-10-06,1220820798.27,405820555.18
2020-10-07,1055220303.20,348992006.85
2020-10-08,1105500741.75,364922574.15
2020-10-09,1075446863.27,356326007.49
2020-10-10,1156739045.81,382930685.25
2020-10-11,1137437893.07,378021717.97
2020-10-12,1153875494.56,383173022.21
2020-10-13,1173062479.92,389542048.16
2020-10-14,1140112422.35,378757212.64
2020-10-15,1079573516.80,358469340.92
2020-10-16,1068261039.57,354805405.12
2020-10-17,1031524052.73,342718300.16
2020-10-18,1032015775.25,342259221.73
2020-10-19,1047267943.67,347593097.19
2020-10-20,1028336725.37,397829075.45
2020-10-21,950407364.13,366446170.29
2020-10-22,952120176.24,367897826.59
2020-10-23,1016329472.42,393846485.35
2020-10-24,1029653228.30,398584406.11
2020-10-25,1054558237.27,409317190.37
2020-10-26,1015116680.50,394410588.94
2020-10-27,1001466478.86,388977159.40
2020-10-28,1088272042.87,423271503.74
2020-10-29,1080911963.62,419943844.54
2020-10-30,965800242.36,373804431.39
2020-10-31,920488541.03,359557000.46
2020-11-01,905118381.19,352945277.32
2020-11-02,936667147.45,365326266.50
2020-11-03,910295077.93,356177007.23
2020-11-04,873579820.81,340108264.01
2020-11-05,885424470.38,345578786.44
2020-11-06,911202881.26,355843259.34
2020-11-07,955758817.84,374345485.80
2020-11-08,926921683.82,363204115.97
2020-11-09,974682696.23,382256398.13
2020-11-10,945846633.76,370808509.89
2020-11-11,1020549696.72,400418331.71
2020-11-12,1029217614.95,404006106.00
2020-11-13,1040729289.57,409171180.93
2020-11-14,1110068112.49,429115420.44
2020-11-15,1226929394.56,478102093.59
2020-11-16,1200101294.91,472973771.79
2020-11-17,1202040131.22,472838322.26
2020-11-18,1217983361.87,478687138.35
2020-11-19,1144192499.53,450760293.03
2020-11-20,1133238491.04,446715148.92
2020-11-21,1161713867.13,457559168.70
2020-11-22,1273123808.80,500393935.58
2020-11-23,1165179648.64,462276377.86
2020-11-24,1253846863.96,491428282.37
2020-11-25,1272772893.48,501571786.57
2020-11-26,1231399007.61,487822795.51
2020-11-27,1067744257.89,421215101.41
2020-11-28,1045337082.26,413330437.18
2020-11-29,1082217424.29,427902094.37
2020-11-30,1106125300.52,437772753.51
2020-12-01,1115670590.58,443735140.88
2020-12-02,1053822956.27,419448364.21
2020-12-03,1138531183.00,453102756.63
2020-12-04,1318573016.79,524254589.01
2020-12-05,1270962843.21,501601527.33
2020-12-06,1426642540.32,564476668.88
2020-12-07,1367621206.79,550914968.50
2020-12-08,1495587241.10,602354269.49
2020-12-09,1547572096.35,628523617.02
2020-12-10,1666604708.82,673248376.22
2020-12-11,1491047885.37,603498841.66
2020-12-12,1429403821.01,576131122.72
2020-12-13,1442677451.79,585107931.44
2020-12-14,1469629037.77,593176031.84
2020-12-15,1529086111.68,619314927.28
2020-12-16,1500568237.15,612702457.60
2020-12-17,1553182627.54,632397564.63
2020-12-18,1778331468.58,722252802.74
2020-12-19,1607383909.64,655856163.38
2020-12-20,1557846962.49,635749252.16
2020-12-21,1529933500.36,625220979.25
2020-12-22,1432944253.07,587402814.90
2020-12-23,1456790658.41,597314747.52
2020-12-24,1300240469.13,537310021.79
2020-12-25,1365591591.64,558731691.09
2020-12-26,1377657621.94,565917467.58
2020-12-27,1299395041.81,533317446.84
2020-12-28,1314556776.29,544483397.20
2020-12-29,1431901267.17,587473691.52
2020-12-30,1403572169.26,578324784.98
2020-12-31,1577219322.01,649224830.39
2021-01-01,1504254092.45,619544293.97
2021-01-02,1454012719.53,598613837.02
2021-01-03,1369111741.80,563121690.39
2021-01-04,1463394171.22,613425865.67
2021-01-05,1454656105.05,596383919.37
2021-01-06,1624197551.19,668553376.22
2021-01-07,1815255423.33,749840305.27
2021-01-08,1739216691.18,712310756.05
2021-01-09,1658235339.43,681737863.05
2021-01-10,1827226752.89,761976856.56
2021-01-11,1970837983.82,813954330.40
2021-01-12,1685813822.35,694554118.80
2021-01-13,1842766134.98,763619782.05
2021-01-14,2117594487.28,879663439.23
2021-01-15,2127258095.15,878020014.70
2021-01-16,2026182165.34,847953833.01
2021-01-17,2082145219.16,866929246.07
2021-01-18,2153523033.02,908240247.79
2021-01-19,2254837816.38,933945040.82
2021-01-20,2130726356.86,892553269.92
2021-01-21,2129692582.58,881976045.35
2021-01-22,1777358782.62,747683746.67
2021-01-23,2001245885.26,830872258.26
2021-01-24,2067369473.74,859521638.41
2021-01-25,2506682327.77,1048691481.71
2021-01-26,2140002879.26,896422856.41
2021-01-27,2368182607.35,989675615.20
2021-01-28,2206399350.09,921919313.21
2021-01-29,2535395295.56,1082505833.30
2021-01-30,2912604431.23,1217460620.08
2021-01-31,3370187491.00,1431019298.14
2021-02-01,3477574844.31,1479060359.85
2021-02-02,3623828984.76,1542777409.74
2021-02-03,3563199762.32,1529577669.12
2021-02-04,3884096796.68,1663510860.69
2021-02-05,4550618842.57,1985429208.15
2021-02-06,5352873989.42,2294764136.91
2021-02-07,4632120539.45,1998780150.59
2021-02-08,4572410720.31,1978792955.83
2021-02-09,4563035749.13,1941271489.59
2021-02-10,4877029718.73,2099921841.20
2021-02-11,4755218069.50,2059282256.08
2021-02-12,5012551820.61,2160529980.16
2021-02-13,5350076462.82,2297469845.07
2021-02-14,5106315779.25,2211330186.53
2021-02-15,4716372467.84,2036924570.61
2021-02-16,4590159454.49,1976940120.42
2021-02-17,4558017109.00,1964717576.57
2021-02-18,4741944019.28,2036556049.38
2021-02-19,4576769997.47,1973186331.39
2021-02-20,4524578698.41,1952306211.45
2021-02-21,4560190500.64,1940135992.92
2021-02-22,4552155702.09,1968479308.50
2021-02-23,4259134994.65,1834608999.27
2021-02-24,3797913400.59,1636661207.60
2021-02-25,4376292570.86,1877886695.66
2021-02-26,3973466056.39,1731387287.42
2021-02-27,3989024467.04,1732434033.97
2021-02-28,4022675308.58,1737799853.49
2021-03-01,4001515978.84,1743235015.13
2021-03-02,4943583786.20,2142570644.73
2021-03-03,5014381139.41,2175708690.01
2021-03-04,4942061401.26,2154214746.92
2021-03-05,4724578817.33,2054968646.40
2021-03-06,4791538582.46,2077348070.75
2021-03-07,4934318148.66,2152266860.78
2021-03-08,4897213273.96,2130339715.06
2021-03-09,4794257050.96,2089092265.79
2021-03-10,5023780301.43,2186944391.87
2021-03-11,4601250727.20,2011681886.54
2021-03-12,4656794617.04,2025532561.82
2021-03-13,4352138320.98,1901297120.49
2021-03-14,4638956800.85,2023179335.57
2021-03-15,4412287762.14,1939232004.35
2021-03-16,4316063724.79,1893113506.83
2021-03-17,4330460742.69,1883838628.06
2021-03-18,4393234273.62,1920230030.51
2021-03-19,4304014227.63,1890682204.13
2021-03-20,4424810181.51,1976933398.07
2021-03-21,4165698726.24,1877164749.67
2021-03-22,4038317472.71,1808968130.95
2021-03-23,3792341303.78,1708119374.19
2021-03-24,3610581106.33,1620210425.03
2021-03-25,3452223716.75,1558886721.49
2021-03-26,3591766814.75,1610825293.15
2021-03-27,3688404702.87,1651286724.16
2021-03-28,3617369137.59,1633245813.68
2021-03-29,3621790647.20,1631620348.06
2021-03-30,4067783371.86,1829658180.03
2021-03-31,4021364179.78,1812178916.02
2021-04-01,3982285624.35,1913889788.08
2021-04-02,4505614126.48,2191805501.59
2021-04-03,4871763887.00,2379284552.13
2021-04-04,4788933030.28,2331780838.23
2021-04-05,5501993704.95,2669264942.36
2021-04-06,5109488946.05,2482740516.76
2021-04-07,4831364342.13,2354237949.77
2021-04-08,4432906246.99,2224302142.34
2021-04-09,4563170743.23,2267781598.36
2021-04-10,4531278537.77,2278589494.24
2021-04-11,4506934678.64,2264565968.14
2021-04-12,4604557485.76,2316214033.96
2021-04-13,4650437751.50,2334347158.57
2021-04-14,4863149053.93,2445852163.03
2021-04-15,4844421104.36,2442526645.79
2021-04-16,5646335537.05,2847946028.54
2021-04-17,5636713791.90,2844126298.45
2021-04-18,5392318587.33,2723056860.78
2021-04-19,4879804190.16,2469629848.78
2021-04-20,4759661902.11,2400835241.26
2021-04-21,4834993001.92,2443891648.67
2021-04-22,4935624907.57,2495416009.81
2021-04-23,5356002897.29,2737458861.87
2021-04-24,6220362786.08,3150041519.81
2021-04-25,5672462715.08,2900539526.71
2021-04-26,5506932553.27,2780563586.33
2021-04-27,6440405671.46,3261066241.27
2021-04-28,6525358563.06,3298502881.20
2021-04-29,6476152697.77,3284900358.13
2021-04-30,6438274175.39,3284155215.69
2021-05-01,7432315227.87,3787589140.00
2021-05-02,8057137014.13,4123610442.86
2021-05-03,8106935726.00,4150504984.13
2021-05-04,8278949903.05,4224833954.14
2021-05-05,7372607825.91,3798984393.21
2021-05-06,7879833764.23,4026445112.96
2021-05-07,7388514150.09,3784095613.07
2021-05-08,7145473984.95,3656054002.38
2021-05-09,7826082163.19,4004605058.31
2021-05-10,7695842697.64,3952075132.31
2021-05-11,7797745607.46,3994166994.87
2021-05-12,8544502587.59,4393666482.88
2021-05-13,7440415124.37,3944732612.07
2021-05-14,7678911309.99,3922224674.51
2021-05-15,7777141588.31,4021614519.29
2021-05-16,6891328532.81,3554578183.88
2021-05-17,6872119826.66,3517024587.35
2021-05-18,7006082189.50,3618066025.94
2021-05-19,6679343289.15,3425996070.95
2021-05-20,4857501379.30,2539293457.14
2021-05-21,5441023128.65,2798152561.44
2021-05-22,4429337423.78,2295555419.01
2021-05-23,3857509826.03,2007484040.80
2021-05-24,3445411404.43,1774770825.58
2021-05-25,4226588802.57,2190354848.26
2021-05-26,4241838823.66,2196607883.03
2021-05-27,4614074879.53,2398589449.59
2021-05-28,4214872121.40,2201770463.60
2021-05-29,3773196197.55,1959960765.20
2021-05-30,3550790058.04,1862403544.39
2021-05-31,4046404020.95,2109618092.60
2021-06-01,4348329852.74,2262786569.40
2021-06-02,4272299891.65,2228367385.43
2021-06-03,4366729010.15,2271733383.97
2021-06-04,4504022405.77,2356831293.12
2021-06-05,4026177423.59,2103374390.89
2021-06-06,3863405916.03,2004416955.97
2021-06-07,3881893404.14,2025589338.54
2021-06-08,3414999733.27,1804682422.80
2021-06-09,3505310040.05,1829102510.38
2021-06-10,3635876315.12,1903053655.87
2021-06-11,3281227807.38,1740106198.98
2021-06-12,2959372621.22,1568254813.62
2021-06-13,2978721137.59,1582916455.40
2021-06-14,3249141170.00,1701411832.62
2021-06-15,3375213620.32,1781276036.15
2021-06-16,3276989368.55,1734424673.77
2021-06-17,3039751732.30,1604844342.53
2021-06-18,3072619594.39,1617084211.34
2021-06-19,2772826483.97,1482204799.93
2021-06-20,2742219684.02,1460449939.45
2021-06-21,2935910213.98,1566212094.64
2021-06-22,2233424669.67,1210297241.25
2021-06-23,2340346184.85,1244507686.14
2021-06-24,2416693924.92,1292055261.75
2021-06-25,2566013275.93,1373737624.22
2021-06-26,2271210246.60,1216186687.76
2021-06-27,2223710225.19,1188188356.58
2021-06-28,2569315614.59,1369437692.93
2021-06-29,3108152420.31,1661687634.90
2021-06-30,3104454114.41,1669969899.45
2021-07-01,3344914361.02,1790332940.54
2021-07-02,3347312850.82,1793500992.02
2021-07-03,3644588379.95,1950625149.45
2021-07-04,3787071051.78,2025336950.92
2021-07-05,4448592594.71,2390332467.23
2021-07-06,4947109692.87,2657506146.60
2021-07-07,4792956007.97,2576197387.81
2021-07-08,4383201778.56,2356334011.38
2021-07-09,4175631242.43,2244804867.81
2021-07-10,4357172195.21,2336676191.47
2021-07-11,4233713493.96,2279140010.71
2021-07-12,4347977507.56,2338543081.07
2021-07-13,4151184855.41,2233316714.61
2021-07-14,3842593104.39,2069491903.20
2021-07-15,4104442463.18,2209687164.10
2021-07-16,3951609589.45,2129039103.73
2021-07-17,3696408154.93,1992251525.35
2021-07-18,3800430305.72,2053844532.71
2021-07-19,3815222516.50,2052954879.36
2021-07-20,3420670270.04,1863342154.67
2021-07-21,3516247504.98,1899857778.61
2021-07-22,3761135154.92,2023142193.67
2021-07-23,4143394585.76,2237899446.54
2021-07-24,4175341296.90,2255694107.48
2021-07-25,4102737311.04,2208120937.52
2021-07-26,3937943367.94,2126402622.19
2021-07-27,3905207701.37,2112808071.66
2021-07-28,3910065898.18,2101265272.47
2021-07-29,3881604728.94,2096574815.54
2021-07-30,3976532867.27,2149688744.00
2021-07-31,4044769978.29,2183712993.25
2021-08-01,4070641743.06,2199784401.28
2021-08-02,4098361326.17,2201134891.25
2021-08-03,4090729064.99,2216438179.66
2021-08-04,3965407204.30,2150081386.92
2021-08-05,4637294794.73,2500009739.39
2021-08-06,4760446741.58,2578638696.91
2021-08-07,4673439813.77,2525941000.45
2021-08-08,5077293743.88,2735354196.71
2021-08-09,4671359955.05,2524612580.65
2021-08-10,4684042571.32,2540146332.60
2021-08-11,4735887486.03,2553082046.17
2021-08-12,4690077879.43,2532485188.65
2021-08-13,4532103525.96,2442198313.08
2021-08-14,4831854922.42,2604043675.45
2021-08-15,4758470278.62,2556077532.98
2021-08-16,4884704938.63,2634552869.61
2021-08-17,4710359694.02,2586411720.65
2021-08-18,4470883069.53,2439128407.99
2021-08-19,4410258273.85,2389729005.01
2021-08-20,4547277572.72,2423344922.14
2021-08-21,4786063528.42,2583254794.31
2021-08-22,4637048535.93,2503946768.32
2021-08-23,4578418956.80,2475321371.07
2021-08-24,4655882331.49,2516382160.12
2021-08-25,4244977979.27,2301075459.30
2021-08-26,4351938556.95,2350855756.16
2021-08-27,4108900870.53,2231163967.70
2021-08-28,4206212898.45,2273792052.07
2021-08-29,4138867696.10,2234748088.94
2021-08-30,4191074098.16,2258549387.58
2021-08-31,4203561076.35,2271616092.69
2021-09-01,4423436664.45,2387843261.63
2021-09-02,4797226468.88,2592489164.35
2021-09-03,4637645767.95,2496133508.12
2021-09-04,4663787414.42,2513938521.20
2021-09-05,4720571773.63,2553224796.58
2021-09-06,5110736822.93,2758840046.44
2021-09-07,5114867190.87,2769287254.27
2021-09-08,4149954474.82,2240231951.60
2021-09-09,4091794938.82,2214395610.65
2021-09-10,4120253146.69,2227263877.77
2021-09-11,3909478053.35,2109773779.55
2021-09-12,3966056226.15,2139899194.40
2021-09-13,4045367155.10,2188623578.62
2021-09-14,3857417726.43,2074951803.02
2021-09-15,4463912920.61,2408687948.05
2021-09-16,4422513602.50,2384134064.72
2021-09-17,4228015433.58,2282041466.75
2021-09-18,3996974873.43,2168745137.30
2021-09-19,4014325092.51,2166004160.63
2021-09-20,3927777446.26,2121936559.36
2021-09-21,3378311311.55,1812151429.44
2021-09-22,3112284830.89,1664120449.01
2021-09-23,3460950016.23,1865869161.28
2021-09-24,3734938787.73,2017480839.12
2021-09-25,3391738699.80,1835692873.65
2021-09-26,3329252285.35,1898107290.21
2021-09-27,3511065149.82,1997509800.55
2021-09-28,3387374707.73,1949716891.37
2021-09-29,3195290080.57,1830303262.46
2021-09-30,3001146997.68,1701486446.19
2021-10-01,3121323002.93,1837311569.59
2021-10-02,3263602904.59,1919557945.88
2021-10-03,3381391687.16,1991153659.32
2021-10-04,3271862831.72,1989175439.54
2021-10-05,3132186273.52,1908599702.41
2021-10-06,3104928576.08,1890541015.84
2021-10-07,3070385372.91,1868020196.18
2021-10-08,3159852631.86,1921270713.75
2021-10-09,3135638701.93,1902087651.62
2021-10-10,3310757365.26,2015110789.83
2021-10-11,3045682237.73,1860721287.24
2021-10-12,3027720445.32,1830267843.42
2021-10-13,3056561329.79,1863532245.37
2021-10-14,3047524655.00,1856119467.94
2021-10-15,3143810649.70,1913183439.25
2021-10-16,3182070156.78,1939665088.85
2021-10-17,3180299814.39,1937120945.91
2021-10-18,3111227899.12,1895421023.36
2021-10-19,3054647701.57,1867210351.46
2021-10-20,3073253810.86,1872431538.22
2021-10-21,3238100711.65,1976226637.85
2021-10-22,3165384308.48,1934455637.19
2021-10-23,3174128906.45,1939649762.29
2021-10-24,3117404832.57,1904922681.33
2021-10-25,3091578840.36,1886947898.42
2021-10-26,3227303724.02,1970617416.70
2021-10-27,3425678073.57,2090138084.48
2021-10-28,3038783232.13,1863859428.14
2021-10-29,3138186772.26,1908765489.25
2021-10-30,3267056713.44,2004232987.83
2021-10-31,3190818786.37,1951156355.60
2021-11-01,3449209455.09,2115017222.62
2021-11-02,3634887849.67,2223129950.18
2021-11-03,3616797867.98,2216670003.11
2021-11-04,3841445356.43,2353172475.46
2021-11-05,3676548464.55,2237166059.61
2021-11-06,3594414391.05,2199074954.19
2021-11-07,3554074165.32,2174193860.20
2021-11-08,3629546869.61,2226129334.61
2021-11-09,3603004754.25,2218681335.28
2021-11-10,3572921505.86,2200661970.44
2021-11-11,3278442204.26,2006645924.34
2021-11-12,3360382923.71,2064845925.20
2021-11-13,3261325358.07,2002170774.95
2021-11-14,3548424152.79,2178739412.15
2021-11-15,3482024367.03,2133248679.21
2021-11-16,3337911783.95,2052575745.04
2021-11-17,3143045155.25,1934779566.16
2021-11-18,3235432301.32,1989026226.94
2021-11-19,2935953821.81,1806857701.34
2021-11-20,3097625303.29,1904892550.94
2021-11-21,3167697509.15,1953109783.24
2021-11-22,3074473603.15,1908490736.94
2021-11-23,2885098891.09,1781913012.75
2021-11-24,2918416797.08,1802912906.36
2021-11-25,2769489933.49,1711074124.83
2021-11-26,2876828960.76,1781714290.24
2021-11-27,2604561576.39,1611026322.56
2021-11-28,2674090106.63,1646651441.14
2021-11-29,2869227532.60,1775955752.68
2021-11-30,2896064957.10,1794970329.50
2021-12-01,2789431847.11,1730601480.82
2021-12-02,2720007369.58,1686219215.77
2021-12-03,2697145078.92,1673297507.93
2021-12-04,2562690670.97,1586630728.02
2021-12-05,2196183473.87,1359515407.26
2021-12-06,2108883188.84,1305818326.67
2021-12-07,2229017545.81,1383737734.81
2021-12-08,2237501148.33,1387314806.96
2021-12-09,2179976104.15,1348510906.29
2021-12-10,1944980525.30,1216113126.89
2021-12-11,1846508095.38,1158481655.19
2021-12-12,1954566398.89,1214101792.71
2021-12-13,1986221863.11,1232904182.01
2021-12-14,1811937017.95,1136232794.75
2021-12-15,1860208777.66,1161795707.67
2021-12-16,1915443652.21,1195810161.16
2021-12-17,1873214102.01,1171424015.31
2021-12-18,2106467231.66,1326774094.44
2021-12-19,2046374959.99,1284890656.67
2021-12-20,1954634012.28,1234676652.84
2021-12-21,1892189247.92,1193398500.36
2021-12-22,1948259176.54,1225165824.74
2021-12-23,2069259422.19,1303982403.92
2021-12-24,2305642972.41,1446860210.35
2021-12-25,2309030765.24,1453409998.99
2021-12-26,2286944117.42,1438737122.08
2021-12-27,2351054811.05,1481330022.24
2021-12-28,2365883755.50,1495779959.93
2021-12-29,2097866833.74,1327147493.42
2021-12-30,1983338909.51,1241918590.62
2021-12-31,1996755941.26,1258024316.91
2022-01-01,2001708157.07,1266899303.38
2022-01-02,2109185261.36,1324243222.86
2022-01-03,2107876537.34,1333643653.34
2022-01-04,2209133410.36,1399756425.98
2022-01-05,2243157260.47,1430149983.60
2022-01-06,2057533080.47,1306541290.01
2022-01-07,2044862634.93,1295497466.53
2022-01-08,1942601985.88,1227003932.12
2022-01-09,1886620700.64,1198419400.08
2022-01-10,1942800783.25,1224490111.49
2022-01-11,1834527721.37,1157750548.16
2022-01-12,1896545036.28,1201406158.81
2022-01-13,1966455143.79,1245981081.69
2022-01-14,1876343476.44,1188065675.29
2022-01-15,1903908367.96,1202535674.11
2022-01-16,1907115885.23,1206908963.31
2022-01-17,1914120015.22,1212768473.41
2022-01-18,1816560754.94,1150901630.20
2022-01-19,1784446628.22,1131143342.83
2022-01-20,1689428293.12,1075508568.84
2022-01-21,1614953761.80,1030623229.34
2022-01-22,1388862150.96,883480437.16
2022-01-23,1227164713.39,795011431.71
2022-01-24,1281678394.92,835452064.92
2022-01-25,1235591934.99,808022810.92
2022-01-26,1275556091.33,832090694.96
2022-01-27,1256929817.63,824570969.38
2022-01-28,1234262725.47,802003159.12
2022-01-29,1228934038.24,803391361.16
2022-01-30,1238017310.61,806441107.51
2022-01-31,1179629641.09,772317157.76
2022-02-01,1220806995.07,794395332.27
2022-02-02,1265112295.27,829965293.91
2022-02-03,1204756773.88,789264950.58
2022-02-04,1241376845.06,809412209.11
2022-02-05,1354057035.31,879820104.23
2022-02-06,1365391053.75,896710725.52
2022-02-07,1407295988.07,920988445.58
2022-02-08,1491453481.90,976149978.28
2022-02-09,1477875885.59,968991140.28
2022-02-10,1449104417.80,948792552.71
2022-02-11,1337369582.21,877458997.19
2022-02-12,1257491666.30,823719368.32
2022-02-13,1274470676.25,836015083.04
2022-02-14,1249339816.11,820558680.71
2022-02-15,1262853455.97,830395564.27
2022-02-16,1359136866.72,895630141.15
2022-02-17,1367442992.41,898922093.63
2022-02-18,1228038992.43,807338668.56
2022-02-19,1216044115.49,799788873.63
2022-02-20,1225445450.37,804757310.56
2022-02-21,1149070798.83,762109954.14
2022-02-22,1062471675.40,701894042.84
2022-02-23,1128169196.22,743049501.53
2022-02-24,1096721292.10,722302990.72
2022-02-25,1074655165.39,705072925.85
2022-02-26,1129451774.59,745926989.02
2022-02-27,1125496849.34,740792197.50
2022-02-28,1071615201.72,706568220.29
2022-03-01,1203217950.23,791225932.40
2022-03-02,1259248106.82,829995487.40
2022-03-03,1207499269.58,798097832.46
2022-03-04,1173810223.84,777101494.97
2022-03-05,1086590019.78,718591329.01
2022-03-06,1097952038.41,725037427.95
2022-03-07,1013380757.79,669423934.15
2022-03-08,1016849321.17,671750198.63
2022-03-09,1041757006.49,688809192.80
2022-03-10,1102135260.55,728650708.08
2022-03-11,1032549922.56,682941351.74
2022-03-12,1012638024.35,673329646.32
2022-03-13,1020168727.11,676238773.60
2022-03-14,989703499.62,656103647.43
2022-03-15,1014055798.49,671896106.43
2022-03-16,1042783809.43,693666921.73
2022-03-17,1104159756.77,731402699.30
2022-03-18,1116909065.22,740771190.95
2022-03-19,1198307683.97,797056995.35
2022-03-20,1195779828.94,793573457.59
2022-03-21,1151460572.11,766865168.51
2022-03-22,1133750564.98,753610450.26
2022-03-23,1141681368.66,758905895.33
2022-03-24,1161382499.62,772864308.04
2022-03-25,1188214559.06,790256226.34
2022-03-26,1161466715.22,771962034.33
2022-03-27,1218293960.92,806022085.47
2022-03-28,1257878027.14,835870567.46
2022-03-29,1230090790.51,830531744.34
2022-03-30,1459078312.27,962157157.92
2022-03-31,1579302933.98,1052976797.56
2022-04-01,1486433249.62,989486802.01
2022-04-02,1579452110.62,1055253561.45
2022-04-03,1512286190.78,1012641709.80
2022-04-04,1721830639.57,1152551290.05
2022-04-05,1631497947.86,1089706632.13
2022-04-06,1540368791.78,1034046539.50
2022-04-07,1342590042.60,900059338.97
2022-04-08,1389512300.56,933034934.59
2022-04-09,1345010266.53,894928482.94
2022-04-10,1373473782.07,916141497.49
2022-04-11,1347184694.50,905234165.37
2022-04-12,1174640079.77,788877671.85
2022-04-13,1288883121.99,863380690.28
2022-04-14,1495571808.79,1004902225.96
2022-04-15,1439761543.69,968974618.97
2022-04-16,1478305579.66,990902776.70
2022-04-17,1440629450.43,968897742.15
2022-04-18,1420050942.60,951478285.93
2022-04-19,1402844755.98,937518567.38
2022-04-20,1425870797.28,956341742.58
2022-04-21,1465759632.48,983710636.24
2022-04-22,1363758068.94,915348037.99
2022-04-23,1352680071.83,908657008.37
2022-04-24,1313920949.97,887713934.09
2022-04-25,1294711609.90,872344170.96
2022-04-26,1327925604.45,893207332.35
2022-04-27,1205210361.09,808976033.34
2022-04-28,1244967974.60,836895563.05
2022-04-29,1222650914.63,821076398.54
2022-04-30,1139525644.61,767450387.82
2022-05-01,1044907811.65,701000856.41
2022-05-02,1058779145.29,712485638.51
2022-05-03,1045106781.75,704040151.95
2022-05-04,1028190945.98,692455523.28
2022-05-05,1155090134.93,777251773.43
2022-05-06,1045547811.07,704142529.06
2022-05-07,1034065850.38,697677809.46
2022-05-08,988186570.60,666465764.28
2022-05-09,972705097.74,655733958.00
2022-05-10,802431608.09,556103467.32
2022-05-11,882263062.08,603335350.86
2022-05-12,683815117.84,470946608.90
2022-05-13,613303756.46,420315201.81
2022-05-14,682057984.53,466732346.03
2022-05-15,717969653.27,490794876.78
2022-05-16,748615385.71,511331521.73
2022-05-17,669044215.97,459988946.95
2022-05-18,741977552.09,508177782.60
2022-05-19,644810273.48,442709214.56
2022-05-20,676728803.23,463999439.24
2022-05-21,661261887.96,452964099.16
2022-05-22,683730571.33,470058998.82
2022-05-23,710611887.37,488084560.55
2022-05-24,690588505.21,474650987.34
2022-05-25,702104026.52,481360945.45
2022-05-26,658831863.48,452448529.85
2022-05-27,597118800.56,411884222.74
2022-05-28,556889046.03,380812486.14
2022-05-29,570250207.69,392396201.35
2022-05-30,570846649.29,392013535.19
2022-05-31,630476493.08,430976791.68
2022-06-01,638153775.08,437707812.87
2022-06-02,580722452.72,410162633.62
2022-06-03,588965710.06,404655150.36
2022-06-04,560122010.60,382894299.84
2022-06-05,579949125.93,395630379.14
2022-06-06,578407536.58,397631816.28
2022-06-07,595225595.88,408729422.79
2022-06-08,574064301.02,395017230.56
2022-06-09,555763980.79,381991852.60
2022-06-10,554533487.12,380329841.04
2022-06-11,512757103.40,351547608.04
2022-06-12,453737271.12,310369079.11
2022-06-13,418590135.68,288430418.07
2022-06-14,354806268.09,240352441.75
2022-06-15,351147160.24,239784212.21
2022-06-16,353905203.93,242574696.22
2022-06-17,300967804.42,205954703.11
2022-06-18,324441272.26,222719637.65
2022-06-19,287369280.95,196726017.25
2022-06-20,318109055.76,217239738.11
2022-06-21,349346589.29,240385354.69
2022-06-22,393307582.80,270222547.59
2022-06-23,395961698.65,272649667.71
2022-06-24,433553742.96,297551601.92
2022-06-25,465586180.17,321630456.19
2022-06-26,545067707.62,372929272.96
2022-06-27,507853034.37,348133276.88
2022-06-28,495561053.31,339633977.53
2022-06-29,463620712.45,317495491.24
2022-06-30,491344268.52,337457045.24
2022-07-01,451589582.92,312976806.94
2022-07-02,479841714.04,329612636.56
2022-07-03,473908827.50,324845771.78
2022-07-04,492388945.18,337861315.14
2022-07-05,493045812.70,337590541.07
2022-07-06,459779858.14,315635643.93
2022-07-07,463775224.88,318152761.60
2022-07-08,484563653.47,332162065.21
2022-07-09,476032437.47,325908054.71
2022-07-10,554416265.06,380498092.29
2022-07-11,532823367.64,364760484.56
2022-07-12,487973821.66,333563439.30
2022-07-13,463544646.06,320339557.09
2022-07-14,491978144.32,336964517.74
2022-07-15,552524709.96,379308146.94
2022-07-16,554999417.35,380718344.20
2022-07-17,555380546.26,380572466.66
2022-07-18,552393658.51,379160140.96
2022-07-19,575162272.08,392032099.34
2022-07-20,608178820.34,416598379.13
2022-07-21,560576650.63,387419841.52
2022-07-22,578246841.36,397993576.91
2022-07-23,559838858.29,383605642.60
2022-07-24,557803509.05,382268799.92
2022-07-25,553444889.83,380605457.54
2022-07-26,505930223.36,347969435.52
2022-07-27,489236669.99,335392913.36
2022-07-28,552127130.17,376287262.60
2022-07-29,579307904.82,397332072.86
2022-07-30,578829739.83,399543191.06
2022-07-31,579581770.01,396196242.01
2022-08-01,572643358.69,392808973.81
2022-08-02,589451700.14,403102290.34
2022-08-03,569490886.61,391710215.63
2022-08-04,560417777.04,383296409.86
2022-08-05,570917232.30,388548469.37
2022-08-06,610048397.04,417627240.95
2022-08-07,648816714.00,444524859.26
2022-08-08,628768567.04,430437225.26
2022-08-09,628341958.31,431243894.60
2022-08-10,591851441.02,405745134.49
2022-08-11,659342674.27,451413387.90
2022-08-12,633455894.28,434388495.63
2022-08-13,652840546.66,447565748.37
2022-08-14,655619597.84,449559936.20
2022-08-15,629070499.96,431595151.43
2022-08-16,615949884.68,420375823.76
2022-08-17,612542381.03,420085646.17
2022-08-18,582910529.50,401390023.77
2022-08-19,563990901.85,386709107.79
2022-08-20,503635994.73,345621284.43
2022-08-21,496805608.72,340841009.39
2022-08-22,510243533.83,350824443.46
2022-08-23,506781856.89,347749031.57
2022-08-24,509191934.22,349573034.77
2022-08-25,507438063.88,347554568.82
2022-08-26,518159048.15,355235190.20
2022-08-27,462319022.07,316380262.75
2022-08-28,464496397.91,318307297.88
2022-08-29,442889377.49,303825534.79
2022-08-30,498188259.14,341491355.23
2022-08-31,476742822.34,327429578.77
2022-09-01,463600357.85,317806107.51
2022-09-02,481119515.02,331675661.30
2022-09-03,460535750.56,315752028.83
2022-09-04,476772082.89,327235374.57
2022-09-05,485726190.44,332538426.48
2022-09-06,487960367.86,334303256.67
2022-09-07,447575571.69,307794444.71
2022-09-08,487711440.37,335034350.50
2022-09-09,484760426.69,332186817.02
2022-09-10,525469826.50,360692428.07
2022-09-11,542387777.65,372559630.34
2022-09-12,557188070.17,381607121.95
2022-09-13,547331553.58,374747242.81
2022-09-14,543746937.85,373215557.02
2022-09-15,600866363.86,411222369.29
2022-09-16,566324851.57,390056501.12
2022-09-17,540056050.97,368977720.58
2022-09-18,544839699.36,373513390.05
2022-09-19,494017677.96,338651456.57
2022-09-20,521822828.19,358091869.85
2022-09-21,548146991.94,374999855.58
2022-09-22,568895449.58,389928967.48
2022-09-23,613653377.22,419267345.58
2022-09-24,636580239.94,436575854.66
2022-09-25,607764000.25,416440116.35
2022-09-26,614442369.35,421932107.86
2022-09-27,626275226.21,428988193.24
2022-09-28,615218173.88,422901285.98
2022-09-29,621099348.94,425518311.26
2022-09-30,621885159.90,427743617.82
2022-10-01,609835805.74,417836889.04
2022-10-02,608791540.05,417605538.12
2022-10-03,584376229.93,399748937.78
2022-10-04,596105610.82,408832863.96
2022-10-05,600291285.87,411362715.76
2022-10-06,591498857.66,405426572.46
2022-10-07,586592410.51,402098574.31
2022-10-08,583562380.88,399634300.20
2022-10-09,587519634.04,402490465.90
2022-10-10,592792855.31,405459333.87
2022-10-11,570867969.66,392158851.61
2022-10-12,552746815.32,378367567.34
2022-10-13,554624478.18,380426879.75
2022-10-14,546140915.32,373995135.54
2022-10-15,547865283.90,375276694.55
2022-10-16,539958576.31,370602574.75
2022-10-17,549846736.53,376899028.64
2022-10-18,550209449.12,377097770.89
2022-10-19,528512127.53,362712673.05
2022-10-20,500372103.11,343202151.55
2022-10-21,491425588.49,336936345.61
2022-10-22,501008819.19,343586656.57
2022-10-23,504211879.00,345701837.98
2022-10-24,513091432.92,351286092.52
2022-10-25,498073405.40,341241136.47
2022-10-26,507086610.16,347217250.47
2022-10-27,527380315.38,361596638.62
2022-10-28,506561436.14,348210546.79
2022-10-29,515958509.95,353537235.09
2022-10-30,509114040.78,348655416.36
2022-10-31,504173997.86,345377298.07
2022-11-01,502760266.84,345133580.62
2022-11-02,485329690.61,332920545.17
2022-11-03,465990467.00,319538667.94
2022-11-04,474869030.75,325297010.70
2022-11-05,516722329.60,353754658.46
2022-11-06,518052576.45,355869310.62
2022-11-07,486373014.02,333334321.91
2022-11-08,502204890.26,343419809.99
2022-11-09,421258251.36,289819464.50
2022-11-10,343158100.97,233885916.50
2022-11-11,409281012.58,280025087.88
2022-11-12,398615685.36,271518813.74
2022-11-13,375196065.13,256800354.91
2022-11-14,387201855.35,263224316.41
2022-11-15,386288967.08,265386907.03
2022-11-16,409821004.60,281284748.55
2022-11-17,397943101.22,272507970.08
2022-11-18,387170448.85,266105779.04
2022-11-19,389424753.30,266819853.73
2022-11-20,397770830.01,272838866.68
2022-11-21,377155357.40,258675660.21
2022-11-22,370921986.86,254868484.74
2022-11-23,376627099.68,258798143.80
2022-11-24,386994650.04,264895182.51
2022-11-25,379115386.35,259806509.51
2022-11-26,382439846.23,262228718.84
2022-11-27,379303931.12,260106528.85
2022-11-28,373141830.10,256363037.60
2022-11-29,372180374.29,254996220.03
2022-11-30,371164674.07,254473683.77
2022-12-01,385555591.40,265054075.50
2022-12-02,373827262.44,256113150.73
2022-12-03,384281767.90,263452912.03
2022-12-04,370758777.45,254985047.88
2022-12-05,377917417.18,259379827.27
2022-12-06,388884548.08,266982656.27
2022-12-07,384796438.61,263285041.16
2022-12-08,376332754.97,257952667.86
2022-12-09,385787888.78,264448954.96
2022-12-10,392672997.45,269241851.61
2022-12-11,393125173.53,268973960.00
2022-12-12,378280673.90,259158723.70
2022-12-13,391579241.61,268552918.18
2022-12-14,391298340.31,268131651.00
2022-12-15,393717567.37,269906320.75
2022-12-16,394685855.02,270537703.85
2022-12-17,340534549.71,232392880.33
2022-12-18,342150200.37,234655076.71
2022-12-19,338477114.74,232093684.15
2022-12-20,313656835.67,215635676.15
2022-12-21,336713973.90,230903024.23
2022-12-22,331214991.46,227011635.74
2022-12-23,336041773.01,229957217.14
2022-12-24,329589299.73,225882234.31
2022-12-25,328045688.77,224963851.23
2022-12-26,317891204.76,217764180.18
2022-12-27,322951615.87,221160401.01
2022-12-28,326858530.44,223972251.13
2022-12-29,319091706.97,218820015.46
2022-12-30,311247391.16,213523397.61