Date,total_value_locked,total_borrowed
2019-05-07,9546.16,180.40
2019-05-08,10826.13,3306.89
2019-05-09,12505.62,5374.23
2019-05-10,12600.91,5931.52
2019-05-11,13079.68,5878.13
2019-05-12,13396.41,5878.13
2019-05-13,13068.49,6036.77
2019-05-14,14145.83,6166.79
2019-05-15,31276.43,7430.25
2019-05-16,32018.12,9652.35
2019-05-17,25775.89,11065.31
2019-05-18,25669.01,11562.22
2019-05-19,25060.27,9690.80
2019-05-20,28359.37,9027.08
2019-05-21,34514.19,10473.32
2019-05-22,40929.85,17292.09
2019-05-23,3029180.77,754461.84
2019-05-24,10364458.52,1716694.51
2019-05-25,11097084.96,2949594.50
2019-05-26,11477315.23,4209013.22
2019-05-27,13896105.66,4726959.41
2019-05-28,17019520.90,5281202.78
2019-05-29,16922904.12,5642322.30
2019-05-30,17681470.06,5986625.67
2019-05-31,17366037.45,6067120.09
2019-06-01,18572920.60,6295620.83
2019-06-02,19232265.27,6398623.98
2019-06-03,20184022.47,6592339.88
2019-06-04,19724035.56,6470083.38
2019-06-05,19868167.68,6608920.55
2019-06-06,20757443.79,6641162.87
2019-06-07,20497246.52,6762658.25
2019-06-08,20547630.66,6779386.13
2019-06-09,20388305.58,6809099.31
2019-06-10,22268511.32,7510206.41
2019-06-11,23520650.01,8032022.08
2019-06-12,23451984.39,8078521.64
2019-06-13,24205028.68,8266070.29
2019-06-14,24842120.43,8345309.01
2019-06-15,25597292.38,8441022.07
2019-06-16,26202651.07,8607622.47
2019-06-17,27387441.59,8616240.95
2019-06-18,27697961.29,8942838.11
2019-06-19,28021183.69,9025505.20
2019-06-20,28240636.28,9110022.12
2019-06-21,29986415.58,9360328.40
2019-06-22,31108534.87,9809709.10
2019-06-23,31407567.45,10188039.26
2019-06-24,31772555.74,10235011.53
2019-06-25,36693409.96,10412564.50
2019-06-26,38589573.03,10835508.11
2019-06-27,37631526.79,11145345.80
2019-06-28,39516052.54,11113137.39
2019-06-29,38603484.86,11050333.11
2019-06-30,40221369.13,11153197.20
2019-07-01,38679699.57,11098967.53
2019-07-02,37771863.91,11199584.62
2019-07-03,42389542.98,12378798.46
2019-07-04,44952882.40,13873332.45
2019-07-05,46781650.54,14412493.20
2019-07-06,47247798.72,14580582.37
2019-07-07,47491123.80,14917480.66
2019-07-08,49789045.93,14960627.27
2019-07-09,50968808.46,15285354.50
2019-07-10,50787606.33,15976940.41
2019-07-11,46804821.72,16316680.61
2019-07-12,49074995.91,16772212.62
2019-07-13,49136806.13,17413367.92
2019-07-14,51565318.77,18474437.26
2019-07-15,54405435.41,19909028.37
2019-07-16,54307943.71,20515940.61
2019-07-17,55917636.94,22240080.42
2019-07-18,60047141.67,23242608.46
2019-07-19,65566553.29,24794714.77
2019-07-20,71015027.22,26375449.53
2019-07-21,73321648.59,26921747.75
2019-07-22,77091901.02,28406737.47
2019-07-23,77795842.76,31538953.58
2019-07-24,79069185.18,33120872.47
2019-07-25,85427280.57,34534912.36
2019-07-26,90139646.05,36982054.15
2019-07-27,92087983.36,37489861.54
2019-07-28,88686132.74,37199311.70
2019-07-29,87883295.97,37509384.08
2019-07-30,88074968.16,39014812.77
2019-07-31,90683586.11,39348399.30
2019-08-01,93691761.72,39674928.97
2019-08-02,97311954.19,40431936.55
2019-08-03,99451333.19,41241357.41
2019-08-04,98964337.80,41812558.66
2019-08-05,101653740.88,41094382.72
2019-08-06,105964888.88,41899912.89
2019-08-07,105012318.43,43772683.83
2019-08-08,103320004.81,43481578.72
2019-08-09,98674208.49,43456293.10
2019-08-10,100501964.56,43619198.60
2019-08-11,99563105.02,43563385.02
2019-08-12,101334687.50,43798184.94
2019-08-13,102708519.09,44122405.17
2019-08-14,102147459.31,44490663.80
2019-08-15,94766256.01,42804391.96
2019-08-16,98197162.89,42576738.49
2019-08-17,100807857.12,43983358.16
2019-08-18,100222859.16,44238538.96
2019-08-19,106747995.29,44447514.59
2019-08-20,109060316.89,44869640.30
2019-08-21,105403589.13,44268408.35
2019-08-22,104972610.11,44625470.93
2019-08-23,107508838.95,45238331.45
2019-08-24,107538119.79,46309101.62
2019-08-25,109080467.37,46635903.24
2019-08-26,108757959.70,46572084.28
2019-08-27,107023439.83,46234152.64
2019-08-28,106403046.08,45903275.62
2019-08-29,100434705.20,45298230.83
2019-08-30,107116001.75,45332994.59
2019-08-31,106890852.70,45269670.75
2019-09-01,108641364.98,45186711.21
2019-09-02,109724348.67,44811020.98
2019-09-03,111985742.16,44790221.95
2019-09-04,111948865.28,44290929.25
2019-09-05,109644957.78,44488684.53
2019-09-06,111470100.44,44258743.25
2019-09-07,108249664.85,43932596.43
2019-09-08,113140387.08,43079141.97
2019-09-09,112191227.19,43260689.28
2019-09-10,112859009.14,43044779.68
2019-09-11,111584080.00,43326646.69
2019-09-12,112278900.18,43301209.38
2019-09-13,112862070.84,43900990.04
2019-09-14,114342771.88,44034764.74
2019-09-15,109217890.27,41935383.86
2019-09-16,109229847.62,40460053.43
2019-09-17,109126556.49,40968570.91
2019-09-18,115515080.63,40896429.30
2019-09-19,113081276.76,40870307.60
2019-09-20,117266296.27,41435229.21
2019-09-21,116839234.90,41964600.04
2019-09-22,115834605.06,41818996.12
2019-09-23,113874375.35,42150356.91
2019-09-24,111601266.54,41645270.14
2019-09-25,99704094.21,41401388.05
2019-09-26,101365590.80,41606215.44
2019-09-27,102341835.79,41619405.86
2019-09-28,106699359.16,42039230.43
2019-09-29,105191763.89,41849124.08
2019-09-30,104825144.73,41376224.86
2019-10-01,107172705.71,41716724.92
2019-10-02,104118801.54,41446747.64
2019-10-03,104936888.51,41314993.40
2019-10-04,104160702.28,41200924.28
2019-10-05,104494805.62,41459188.39
2019-10-06,104489700.40,41873656.89
2019-10-07,102495802.56,41827247.14
2019-10-08,109211592.24,42022627.00
2019-10-09,111574988.18,42101089.21
2019-10-10,115340147.90,42465506.10
2019-10-11,114135721.15,42523274.32
2019-10-12,113196957.62,42301195.08
2019-10-13,112577450.79,42177353.28
2019-10-14,112691139.02,41918496.00
2019-10-15,113201833.51,42142088.60
2019-10-16,111202966.85,42088897.39
2019-10-17,110545785.81,42082964.49
2019-10-18,108733079.31,42014122.08
2019-10-19,109887709.32,41835105.64
2019-10-20,109069175.26,41783065.53
2019-10-21,110724748.89,41965470.41
2019-10-22,109082486.18,42158803.39
2019-10-23,105841657.68,41488285.95
2019-10-24,105935831.39,40938398.14
2019-10-25,106618621.01,40810983.92
2019-10-26,114397243.35,41032082.88
2019-10-27,116001640.73,40469317.41
2019-10-28,116735428.52,40444895.23
2019-10-29,118714840.54,40051539.96
2019-10-30,117001079.79,40270052.06
2019-10-31,115157568.40,40536839.14
2019-11-01,117045010.48,40658917.04
2019-11-02,116898532.84,40290443.24
2019-11-03,115145514.61,40313593.05
2019-11-04,114080006.45,38783564.43
2019-11-05,110256903.93,35848797.57
2019-11-06,108787842.29,33921280.88
2019-11-07,105822518.76,33655205.92
2019-11-08,104367697.71,33353058.55
2019-11-09,103502434.46,32351658.59
2019-11-10,103559887.48,32468364.42
2019-11-11,100972938.50,31952831.54
2019-11-12,99870150.84,31363797.13
2019-11-13,93312617.35,31164487.61
2019-11-14,92546832.23,31239397.33
2019-11-15,91406839.58,31397953.94
2019-11-16,89643552.11,31370988.23
2019-11-17,90517541.45,31442210.76
2019-11-18,88331220.15,31469128.88
2019-11-19,87520610.69,31853017.90
2019-11-20,86771917.95,31437840.23
2019-11-21,85993132.35,31049662.73
2019-11-22,83434728.48,29443346.53
2019-11-23,84365531.96,28055320.00
2019-11-24,84982764.40,27830036.37
2019-11-25,81362775.46,26599364.07
2019-11-26,83853524.14,26821280.25
2019-11-27,81921221.91,26912891.03
2019-11-28,85845207.85,27154698.17
2019-11-29,88014709.09,27786423.89
2019-11-30,87964657.43,27812016.62
2019-12-01,84897160.37,27402898.93
2019-12-02,84663275.17,27669637.19
2019-12-03,87519688.58,27321954.12
2019-12-04,86722734.04,26891523.44
2019-12-05,85860868.09,27163051.50
2019-12-06,85524401.76,27381465.34
2019-12-07,83517195.89,27227656.18
2019-12-08,82893364.44,25177862.94
2019-12-09,89858787.68,25457581.56
2019-12-10,85224603.59,25990948.96
2019-12-11,84129894.53,25831060.41
2019-12-12,85810188.09,26279076.23
2019-12-13,86207655.73,26518475.50
2019-12-14,85935240.73,26386654.30
2019-12-15,85086468.66,26211349.77
2019-12-16,84296383.82,26156817.01
2019-12-17,81650691.37,25779418.72
2019-12-18,77311691.87,25418479.57
2019-12-19,79166057.51,25978753.77
2019-12-20,80710369.68,25848468.70
2019-12-21,80878294.04,25850018.98
2019-12-22,81399928.11,25902602.06
2019-12-23,83267949.59,26424948.02
2019-12-24,81261048.50,25920553.47
2019-12-25,80226799.41,26796715.48
2019-12-26,83365711.15,25930211.76
2019-12-27,80192130.66,26776129.65
2019-12-28,84209805.50,26095215.93
2019-12-29,79901995.08,26113894.20
2019-12-30,80135808.78,26346606.58
2019-12-31,79782065.63,26599214.37
2020-01-01,80396219.88,26549157.47
2020-01-02,81916478.46,26416368.61
2020-01-03,82565542.49,26651965.43
2020-01-04,83241751.72,26851381.37
2020-01-05,84127296.99,26718860.36
2020-01-06,87240712.77,26982792.40
2020-01-07,91319878.49,27704751.71
2020-01-08,85266087.05,27527764.09
2020-01-09,82707259.11,27372753.53
2020-01-10,84086219.16,28313848.97
2020-01-11,86906691.91,28633166.11
2020-01-12,87610547.20,28444370.69
2020-01-13,87889527.51,28538434.30
2020-01-14,89676331.27,29230211.74
2020-01-15,96733389.86,30950462.46
2020-01-16,95460172.36,31256593.38
2020-01-17,97023678.50,30903012.54
2020-01-18,96532944.27,31228261.91
2020-01-19,95948964.03,31273313.93
2020-01-20,82729013.02,30822304.21
2020-01-21,87262157.07,31034259.17
2020-01-22,88345077.97,31623700.78
2020-01-23,86108492.23,31521223.31
2020-01-24,84713229.56,31357094.56
2020-01-25,85139091.54,31415252.35
2020-01-26,87142475.20,31553420.26
2020-01-27,90173200.29,31908070.99
2020-01-28,92493607.10,31901411.92
2020-01-29,95521424.37,32573648.36
2020-01-30,95217967.50,32581685.72
2020-01-31,97567048.03,33029816.81
2020-02-01,98549676.32,32394739.39
2020-02-02,102318077.90,32360285.32
2020-02-03,100945247.00,32440162.27
2020-02-04,100849644.30,32833725.30
2020-02-05,106299892.11,33182789.12
2020-02-06,112529932.16,34145886.72
2020-02-07,118909098.93,35001745.19
2020-02-08,119640562.94,34915853.91
2020-02-09,121540603.11,34866284.84
2020-02-10,116952184.83,35183661.48
2020-02-11,118038527.86,35870987.55
2020-02-12,130395556.30,36170200.49
2020-02-13,133119530.97,36129577.82
2020-02-14,132416132.09,35986015.68
2020-02-15,136782735.15,36482877.43
2020-02-16,132348121.32,37252403.32
2020-02-17,127992851.43,37428255.53
2020-02-18,141092463.23,38351116.87
2020-02-19,163019537.97,43038971.15
2020-02-20,154921287.81,44712735.23
2020-02-21,157302014.37,45270080.36
2020-02-22,156414310.29,45187792.81
2020-02-23,160822081.27,44237585.23
2020-02-24,157961748.44,44052973.54
2020-02-25,154825793.12,44445559.02
2020-02-26,144300765.01,44096947.49
2020-02-27,143417779.20,44368836.84
2020-02-28,140876000.21,45732868.24
2020-02-29,142727649.57,45631801.77
2020-03-01,145347903.08,45707087.78
2020-03-02,146714360.72,46883135.61
2020-03-03,150595281.22,45666150.47
2020-03-04,146532048.06,45665687.47
2020-03-05,150132555.37,46070105.14
2020-03-06,146644602.26,45015079.32
2020-03-07,148971401.33,42701696.13
2020-03-08,138904548.33,42238084.06
2020-03-09,119729731.12,40588875.88
2020-03-10,108219999.46,38619639.59
2020-03-11,103982531.58,35441351.46
2020-03-12,77358611.12,35412560.25
2020-03-13,79393236.38,31701519.59
2020-03-14,78666277.64,29953165.53
2020-03-15,75567324.32,27330379.31
2020-03-16,66239689.08,24380634.33
2020-03-17,70682345.46,23664947.89
2020-03-18,70125699.17,22609581.76
2020-03-19,73733984.67,22892547.68
2020-03-20,83554018.93,23465775.52
2020-03-21,76651586.84,23634847.60
2020-03-22,77048573.57,22506770.13
2020-03-23,74175137.43,21745985.17
2020-03-24,79396753.81,21306035.11
2020-03-25,79489442.77,21406217.16
2020-03-26,87474178.88,21977508.09
2020-03-27,87033475.64,22340292.41
2020-03-28,85814214.89,22604182.98
2020-03-29,85728271.98,22746958.93
2020-03-30,86222354.21,22798041.14
2020-03-31,85724094.84,22323853.01
2020-04-01,86756714.91,22043038.10
2020-04-02,87651996.40,22161945.37
2020-04-03,90111373.12,22191352.50
2020-04-04,89680523.74,21889788.59
2020-04-05,90137542.95,21422342.57
2020-04-06,91445240.84,21424971.11
2020-04-07,97973773.67,24299686.14
2020-04-08,95972677.13,28311504.24
2020-04-09,96864355.27,28283864.09
2020-04-10,91013147.94,28094462.25
2020-04-11,90820359.38,27946181.29
2020-04-12,90061124.87,28070624.27
2020-04-13,89386769.73,27593736.88
2020-04-14,90661174.88,27761740.46
2020-04-15,90851528.14,27762469.16
2020-04-16,90424355.20,27765801.05
2020-04-17,93063293.52,28908912.51
2020-04-18,92052132.97,28825125.65
2020-04-19,91055649.05,29046753.60
2020-04-20,85991538.54,27111827.39
2020-04-21,82915249.99,26705449.85
2020-04-22,84831509.10,26652083.95
2020-04-23,84252101.43,25253173.54
2020-04-24,86597550.43,25598813.71
2020-04-25,87873809.58,25784002.02
2020-04-26,88718821.71,25964137.74
2020-04-27,89927299.02,25856185.21
2020-04-28,90295583.05,25981470.67
2020-04-29,92180524.47,25785505.53
2020-04-30,95043022.02,25565085.33
2020-05-01,98910818.06,26271780.65
2020-05-02,97714454.79,26421999.13
2020-05-03,98056259.42,20705979.55
2020-05-04,92565014.58,19403342.22
2020-05-05,94853273.36,18632954.87
2020-05-06,95094404.36,18928969.30
2020-05-07,90804056.29,18851756.91
2020-05-08,93977636.65,18868989.10
2020-05-09,96907086.93,19120062.30
2020-05-10,93675355.20,19364785.99
2020-05-11,92763542.76,18782566.15
2020-05-12,94178515.20,18504325.42
2020-05-13,97225103.35,18550099.03
2020-05-14,98613865.47,18469549.58
2020-05-15,96722961.84,18517920.89
2020-05-16,100298073.78,18860035.97
2020-05-17,100452123.94,18917221.92
2020-05-18,100508037.10,19614901.76
2020-05-19,101671307.22,19606117.49
2020-05-20,101565531.55,19577820.02
2020-05-21,102541424.59,19638907.17
2020-05-22,98494388.52,17925537.81
2020-05-23,97618794.94,16858653.54
2020-05-24,93369308.91,16825678.74
2020-05-25,90339446.26,16911983.77
2020-05-26,93366370.02,17022988.18
2020-05-27,93581809.86,16805546.15
2020-05-28,90849152.10,17298898.15
2020-05-29,92705195.19,17607380.89
2020-05-30,96032898.14,18187300.89
2020-05-31,98195795.34,18890678.46
2020-06-01,103831735.10,19509047.34
2020-06-02,100902461.06,19982496.69
2020-06-03,108545208.00,20165161.85
2020-06-04,109120308.57,19644023.56
2020-06-05,111462801.53,19237834.30
2020-06-06,110447797.72,19235742.37
2020-06-07,109712425.35,19335477.31
2020-06-08,111190520.37,19117329.30
2020-06-09,101091107.20,18844119.35
2020-06-10,85484500.60,19237517.47
2020-06-11,91028597.47,19237562.48
2020-06-12,89992604.40,18808989.68
2020-06-13,87525811.03,19815423.65
2020-06-14,93903263.41,23512045.98
2020-06-15,110613184.13,30756265.23
2020-06-16,171770413.56,50099403.98
2020-06-17,228326222.70,76218220.32
2020-06-18,334723410.48,112390223.38
2020-06-19,414685364.80,159263069.23
2020-06-20,495668320.67,219871733.34
2020-06-21,597938842.29,276660643.95
2020-06-22,544727875.85,322313519.37
2020-06-23,580419640.89,335803514.27
2020-06-24,558179944.99,342251588.47
2020-06-25,581885033.68,330683062.16
2020-06-26,592763733.27,360622750.29
2020-06-27,610533045.50,363053411.69
2020-06-28,603041180.04,373721776.33
2020-06-29,598980962.66,380156930.17
2020-06-30,580820415.08,384138661.46
2020-07-01,585324691.33,386484589.20
2020-07-02,594279946.56,533540106.72
2020-07-03,592062004.22,710358879.41
2020-07-04,593331575.37,754334921.51
2020-07-05,602188342.90,777763400.16
2020-07-06,632560466.36,795579332.10
2020-07-07,637001054.85,857881792.65
2020-07-08,609440267.53,858451063.24
2020-07-09,629109938.87,900781962.98
2020-07-10,643785213.97,931028100.20
2020-07-11,655203495.43,960838084.82
2020-07-12,664285130.00,987491446.12
2020-07-13,663495597.80,998217659.64
2020-07-14,665866519.99,998368429.63
2020-07-15,665010110.75,1010602480.59
2020-07-16,656397680.36,1016833880.00
2020-07-17,661137387.05,1018153089.96
2020-07-18,646568638.06,996691176.53
2020-07-19,603061057.24,897127828.16
2020-07-20,546710330.19,789257134.74
2020-07-21,547957081.77,725436115.35
2020-07-22,531051626.60,713471528.23
2020-07-23,521536209.36,666123071.32
2020-07-24,550810409.57,674520110.28
2020-07-25,581385569.30,737634450.27
2020-07-26,705242983.59,809138880.63
2020-07-27,752630156.24,1053773749.84
2020-07-28,756096651.57,1114259292.01
2020-07-29,754458534.55,1092195656.06
2020-07-30,704965587.79,1001602828.93
2020-07-31,673981624.88,898017002.55
2020-08-01,715389998.91,899058485.02
2020-08-02,745432801.44,930571018.85
2020-08-03,783030966.25,982786043.36
2020-08-04,805867933.59,1015637152.72
2020-08-05,805867933.59,1024704438.57
2020-08-06,445700.41,1053148819.70
2020-08-07,779956743.35,1029440888.93
2020-08-08,788825924.86,1032252801.59
2020-08-09,797312508.70,1054211908.93
2020-08-10,833495635.73,1090768353.26
2020-08-11,826105375.58,1132667389.21
2020-08-12,805868375.36,1213303358.09
2020-08-13,854823999.18,1254135163.18
2020-08-14,753235357.67,1033818127.09
2020-08-15,731819289.41,890209140.99
2020-08-16,749575441.80,905964742.98
2020-08-17,728616362.95,916658572.06
2020-08-18,721688577.83,912772629.67
2020-08-19,717304413.98,912569929.53
2020-08-20,773997258.89,916785964.47
2020-08-21,793219444.92,934114504.97
2020-08-22,784518106.09,948162864.04
2020-08-23,778525799.16,955816400.04
2020-08-24,805426088.41,962425048.27
2020-08-25,791112843.45,972625244.62
2020-08-26,781382482.80,961832884.86
2020-08-27,751841304.37,964332109.92
2020-08-28,783861103.43,967186329.62
2020-08-29,786495335.39,957913415.42
2020-08-30,762217107.45,928719951.46
2020-08-31,756648512.79,884290281.68
2020-09-01,778790427.49,892402968.01
2020-09-02,758756511.90,872370594.57
2020-09-03,700411963.64,784180200.47
2020-09-04,651113291.68,727895556.61
2020-09-05,647734386.72,711583748.39
2020-09-06,602996218.37,674374490.15
2020-09-07,597269105.75,684843690.43
2020-09-08,583187263.02,694549104.67
2020-09-09,590707744.56,673267703.40
2020-09-10,611322695.41,691423859.73
2020-09-11,619945399.05,708463918.90
2020-09-12,628088883.95,719064572.70
2020-09-13,657005018.69,728707673.65
2020-09-14,657091144.62,739186746.02
2020-09-15,679343034.10,778264897.45
2020-09-16,660187517.74,768783362.84
2020-09-17,654607716.59,747168108.76
2020-09-18,678794598.03,754849926.64
2020-09-19,696021014.76,817641280.44
2020-09-20,716034505.91,873471556.03
2020-09-21,721181410.10,890734760.91
2020-09-22,716144545.01,952689065.78
2020-09-23,724674863.42,978586046.27
2020-09-24,732927128.40,1016537405.61
2020-09-25,801986641.54,1049888804.65
2020-09-26,807188337.26,1054708512.36
2020-09-27,862999227.33,1058091093.84
2020-09-28,817879340.80,1064061197.11
2020-09-29,823316253.81,1068104300.86
2020-09-30,817355031.88,1082648282.98
2020-10-01,799808953.67,1063234256.20
2020-10-02,759118816.31,1031600092.51
2020-10-03,773187290.06,1027361616.93
2020-10-04,778252511.93,1032663868.87
2020-10-05,765690846.37,1045829832.22
2020-10-06,783563028.02,1067815134.27
2020-10-07,781109852.02,1087361842.08
2020-10-08,811653025.70,1096400663.00
2020-10-09,812755508.47,1110087864.56
2020-10-10,837675944.69,1111205871.55
2020-10-11,841770167.85,1125127837.54
2020-10-12,849176176.74,1138616359.51
2020-10-13,870364089.85,1139889504.27
2020-10-14,880589755.03,1148675723.21
2020-10-15,881209796.30,1156971813.20
2020-10-16,873992646.17,1155581648.59
2020-10-17,871075879.31,1146558938.59
2020-10-18,874813511.06,1142981166.98
2020-10-19,915154830.60,1170212892.20
2020-10-20,942420127.94,1164401037.04
2020-10-21,957229890.48,1184303542.67
2020-10-22,1011513533.58,1265022432.56
2020-10-23,1092140842.48,1329940338.95
2020-10-24,1126225275.13,1384439362.06
2020-10-25,1121569483.81,1399564175.28
2020-10-26,1119184766.36,1403039691.31
2020-10-27,1103455788.56,1398270552.84
2020-10-28,1128558504.96,1410826609.94
2020-10-29,1079355415.22,1391569556.03
2020-10-30,1072728662.96,1344568580.43
2020-10-31,1097514600.52,1345546570.60
2020-11-01,1099578381.79,1347252994.25
2020-11-02,1111003333.33,1355505091.19
2020-11-03,1126813455.96,1361693889.48
2020-11-04,1127308205.42,1369157823.73
2020-11-05,1216705903.04,1386940855.65
2020-11-06,1321026066.81,1409973404.21
2020-11-07,1336736060.92,1433787761.44
2020-11-08,1318677114.36,1445741018.77
2020-11-09,1383912073.21,1485292306.75
2020-11-10,1383231384.52,1518077720.55
2020-11-11,1448091405.56,1577906243.02
2020-11-12,1416447152.12,1610236867.42
2020-11-13,1470663648.73,1635460602.31
2020-11-14,1458616519.38,1648701595.14
2020-11-15,1459762945.55,1643576691.31
2020-11-16,1498749499.32,1638778418.89
2020-11-17,1495493660.43,1635492499.58
2020-11-18,1602084805.10,1674596991.92
2020-11-19,1554768782.06,1704545040.83
2020-11-20,1599995378.80,1719263296.20
2020-11-21,1585508474.41,1748368143.22
2020-11-22,1617576819.26,1770475834.31
2020-11-23,1710616046.16,1791225669.61
2020-11-24,1748457643.13,1833313059.94
2020-11-25,1757899309.34,1839590319.75
2020-11-26,1584216555.24,1669997044.32
2020-11-27,1497121166.05,1520670159.72
2020-11-28,1517631651.47,1632752525.67
2020-11-29,1568452896.58,1636515298.01
2020-11-30,1639515207.04,1659940804.68
2020-12-01,1714786322.32,1697828718.05
2020-12-02,1622908589.13,1707957068.09
2020-12-03,1628617132.18,1742780075.57
2020-12-04,1583017079.54,1726841597.66
2020-12-05,1635426258.10,1710101584.90
2020-12-06,1649858566.08,1707153203.89
2020-12-07,1669290375.64,1754671432.64
2020-12-08,1647247104.70,1805553990.81
2020-12-09,1612677968.50,1791606224.13
2020-12-10,1620929646.80,1767062216.89
2020-12-11,1588621455.24,1818373264.69
2020-12-12,1651518401.29,1795177218.43
2020-12-13,1696969531.26,1829237915.86
2020-12-14,1680615739.05,1847589382.27
2020-12-15,1714782604.92,1872078486.35
2020-12-16,1715919355.67,1900981246.88
2020-12-17,1819255565.42,1907380530.41
2020-12-18,1858809109.42,1910973804.99
2020-12-19,1925784411.75,1934339935.58
2020-12-20,1924375187.33,1900915556.49
2020-12-21,1861415036.06,1899514866.71
2020-12-22,1868159296.38,1911341390.25
2020-12-23,1887927188.23,1937549100.01
2020-12-24,1811892471.12,1926846213.65
2020-12-25,1946745035.14,1929173810.84
2020-12-26,1951027562.56,1937144915.87
2020-12-27,2049840274.33,1896189633.79
2020-12-28,2118580893.23,1893805468.70
2020-12-29,2088912483.70,1902125353.61
2020-12-30,1909295542.03,1846328109.00
2020-12-31,1934833087.11,1807960822.81
2021-01-01,1977465742.75,1791427652.43
2021-01-02,1957115007.29,1787882635.13
2021-01-03,2170576703.75,1843715779.97
2021-01-04,2159256852.81,1736135178.01
2021-01-05,2310334992.37,1691457750.74
2021-01-06,2497835664.48,1751500588.38
2021-01-07,2537535279.01,1807656579.57
2021-01-08,2722486142.75,1856328663.76
2021-01-09,2719089985.68,1915053162.43
2021-01-10,2773009649.48,1947361281.92
2021-01-11,2415818484.45,1804037054.11
2021-01-12,2460532051.30,1795987418.68
2021-01-13,2407947354.13,1859482904.16
2021-01-14,2735777843.65,2059191775.01
2021-01-15,2919905910.06,2121855698.02
2021-01-16,2918566011.57,2323789454.71
2021-01-17,2867307938.32,2343315162.19
2021-01-18,2918709987.45,2324477738.09
2021-01-19,3198647760.11,2244976680.51
2021-01-20,3009010221.31,2350405912.37
2021-01-21,3001603595.46,2371797283.60
2021-01-22,2794394670.30,1958705298.83
2021-01-23,2975787027.44,2097107592.29
2021-01-24,3083441703.05,2277066846.08
2021-01-25,3187704307.45,2325604380.61
2021-01-26,3175997685.78,2325310289.24
2021-01-27,3101711663.81,2368006136.51
2021-01-28,3084150385.37,2348767927.32
2021-01-29,3306083475.17,2401835392.37
2021-01-30,3234914476.94,2459610843.07
2021-01-31,3272534854.88,2458609142.72
2021-02-01,3299106639.52,2531578727.54
2021-02-02,3494900582.52,2589144180.48
2021-02-03,3645800353.23,2657366855.78
2021-02-04,3827694573.92,2789765892.55
2021-02-05,3934239262.96,2829161932.43
2021-02-06,4061473172.61,2929602268.21
2021-02-07,3982392527.95,2966623819.20
2021-02-08,4039533564.27,3042080624.84
2021-02-09,4300268403.86,3397590466.03
2021-02-10,4478189365.22,3499203016.96
2021-02-11,4480313045.78,3578485251.37
2021-02-12,4540572796.14,3650314335.24
2021-02-13,4587598080.44,3709114196.59
2021-02-14,4730054589.17,3763867074.31
2021-02-15,4609328984.17,3845578912.08
2021-02-16,4837304018.43,3944609627.98
2021-02-17,4910986471.00,4236761640.48
2021-02-18,5210632620.74,4323424037.60
2021-02-19,5236947228.50,4376390021.99
2021-02-20,5529499348.67,4433430036.63
2021-02-21,5563854674.60,4520295704.17
2021-02-22,5276451367.60,4489834818.31
2021-02-23,4541976892.57,4197238971.75
2021-02-24,4966925921.82,4055785764.67
2021-02-25,4865356033.60,4113059570.03
2021-02-26,4542741732.93,4072310365.90
2021-02-27,4568116210.28,4070434178.92
2021-02-28,4503263236.74,4089027327.11
2021-03-01,4840992473.15,4180764711.00
2021-03-02,5058907894.03,4423238375.35
2021-03-03,5178533575.97,4631516635.24
2021-03-04,5125577862.67,4593127850.75
2021-03-05,5061518627.89,4600358016.60
2021-03-06,5191030322.10,4562051199.70
2021-03-07,5240216913.97,4551147011.62
2021-03-08,5196933793.28,4596507603.37
2021-03-09,5683312457.09,4676076763.66
2021-03-10,5565081735.62,4768155535.41
2021-03-11,5565081735.62,4813514445.62
2021-03-12,5704661243.29,4835375358.45
2021-03-13,6502591166.87,4900640521.34
2021-03-14,6941141651.09,5102457298.73
2021-03-15,7206288308.55,5102548925.73
2021-03-16,6390754290.91,5112708621.35
2021-03-17,6457253262.52,5227963286.83
2021-03-18,6399216282.76,5274264675.03
2021-03-19,6654569896.39,5352451584.11
2021-03-20,6922864273.40,5448122960.94
2021-03-21,7080091757.51,5470672678.26
2021-03-22,6874063642.32,5460227977.47
2021-03-23,7059220863.59,5480443396.60
2021-03-24,6890603532.51,5610385518.10
2021-03-25,7171541389.52,5567121156.56
2021-03-26,6624951671.38,5513919576.79
2021-03-27,6759202112.44,5562105902.41
2021-03-28,6571997761.50,5536679579.94
2021-03-29,6470161058.38,5474330064.48
2021-03-30,6920301744.10,5527649841.18
2021-03-31,7718100213.68,5535619308.48
2021-04-01,7818079251.84,5593981689.66
2021-04-02,7913619230.87,5772006916.67
2021-04-03,8393423950.51,6091159470.03
2021-04-04,9384252094.99,6168468811.83
2021-04-05,9410024385.89,6315883245.80
2021-04-06,9603357548.94,6450310869.83
2021-04-07,9569958248.41,6551288561.83
2021-04-08,9161931093.20,6526803581.93
2021-04-09,9379908970.71,6638829079.42
2021-04-10,9726612077.97,6744990372.83
2021-04-11,10060603139.87,6797816553.82
2021-04-12,10101104884.41,6851048118.70
2021-04-13,10444022628.23,6703177264.46
2021-04-14,10899036832.36,7375226233.72
2021-04-15,11383645173.96,7598347608.98
2021-04-16,11351772134.47,7726055031.82
2021-04-17,10944647680.21,7582879003.81
2021-04-18,10970339485.98,7143067593.60
2021-04-19,8880919272.23,6244154292.90
2021-04-20,9004579610.47,6199212881.12
2021-04-21,8719870239.45,6525118903.96
2021-04-22,8711344139.11,7222170229.52
2021-04-23,9029959961.23,7219447037.76
2021-04-24,8487026115.19,7192583200.75
2021-04-25,8192979698.57,7113687538.91
2021-04-26,8539943429.02,7172399361.45
2021-04-27,8857743495.89,7283986998.33
2021-04-28,8853665745.18,7328843815.09
2021-04-29,9812407612.91,7348340092.65
2021-04-30,9737413075.92,7382410473.51
2021-05-01,9572744221.40,7487008610.61
2021-05-02,9935252667.47,7560914742.05
2021-05-03,9936421709.88,7684662215.33
2021-05-04,10416015373.77,7841363876.17
2021-05-05,10817186474.06,7756487905.62
2021-05-06,10642374517.68,8043465567.71
2021-05-07,10033834261.91,8266145704.89
2021-05-08,10863964729.16,8462788382.98
2021-05-09,11070113633.71,8600796752.90
2021-05-10,11640208615.53,8682796759.90
2021-05-11,11151563930.41,8809413832.85
2021-05-12,11976671419.36,8860100898.95
2021-05-13,12453063947.18,8611909234.20
2021-05-14,11331997215.08,8392969207.87
2021-05-15,11398124615.09,8062075608.56
2021-05-16,11133349888.09,7762977397.33
2021-05-17,11006284153.41,7740084764.01
2021-05-18,10456590415.92,7859917690.33
2021-05-19,10576465857.57,7239259223.93
2021-05-20,8822459567.97,6072493056.48
2021-05-21,8789298107.47,6003529018.72
2021-05-22,8864064950.21,5532280382.50
2021-05-23,7978906327.63,5198834399.13
2021-05-24,7240463339.39,4929231487.03
2021-05-25,7906172029.84,5173781955.92
2021-05-26,7814461221.04,5255953941.90
2021-05-27,8704208417.12,5408358354.86
2021-05-28,8743335633.35,5409043730.35
2021-05-29,8005418195.76,5273010864.88
2021-05-30,8832313592.49,4588995020.54
2021-05-31,9186258192.46,4988416170.04
2021-06-01,9454351005.19,5108111786.51
2021-06-02,9366483371.71,5237973930.25
2021-06-03,9994411365.30,5320899048.45
2021-06-04,10186237913.70,5391528308.66
2021-06-05,9526104756.10,5365811643.93
2021-06-06,9688476148.40,5326195926.33
2021-06-07,9787438575.99,5465326878.40
2021-06-08,10301243962.89,5580874712.44
2021-06-09,7420805821.20,5517891118.48
2021-06-10,7617478135.85,5479830163.91
2021-06-11,7266200998.21,5389960511.43
2021-06-12,6995218817.76,5181805994.80
2021-06-13,6992949942.65,5213760695.15
2021-06-14,7315787105.25,5354048727.63
2021-06-15,7500769877.12,5463429416.58
2021-06-16,7572517489.08,5581897940.11
2021-06-17,7182264038.87,5509223964.49
2021-06-18,7217745810.91,5477469074.29
2021-06-19,6953868688.99,5281534793.69
2021-06-20,6713443390.76,5049932990.83
2021-06-21,6839598317.66,4671832638.64
2021-06-22,5744858394.94,4113167289.34
2021-06-23,5891260916.10,4295475710.41
2021-06-24,6209607512.47,4444966989.12
2021-06-25,6491530543.06,4720784827.89
2021-06-26,6183818892.64,4624440309.07
2021-06-27,6180400243.93,4625039109.24
2021-06-28,6412311079.64,4669153042.75
2021-06-29,6587130864.94,4402514236.02
2021-06-30,6154487938.54,3349479749.62
2021-07-01,6543957336.44,3649215579.49
2021-07-02,6274709474.30,3740770710.46
2021-07-03,6414755104.80,3861777867.38
2021-07-04,6546095744.27,3949589580.53
2021-07-05,6795735327.90,4313016341.25
2021-07-06,6828184416.39,4559361186.73
2021-07-07,7022559958.04,4614970705.14
2021-07-08,7004723119.89,4717367636.92
2021-07-09,6716125660.88,4907226610.51
2021-07-10,7079602229.68,5414679840.39
2021-07-11,7111809621.38,5634743715.00
2021-07-12,7174731503.73,5821429944.67
2021-07-13,7178557814.25,5922386707.74
2021-07-14,7034235335.30,5976426984.58
2021-07-15,7204596615.55,6249601065.51
2021-07-16,7147090038.98,6412294028.15
2021-07-17,7197245608.93,6535628685.05
2021-07-18,7299545950.98,6581683044.99
2021-07-19,7382262799.75,6652361807.73
2021-07-20,7269080127.94,6649340383.20
2021-07-21,7252788715.54,6751967108.24
2021-07-22,7651352471.70,6786831903.89
2021-07-23,7642498194.74,6877351590.88
2021-07-24,7896260982.10,6997444072.07
2021-07-25,8045340127.63,7115023610.67
2021-07-26,8174442568.12,7150984757.94
2021-07-27,8293439596.03,7157900444.31
2021-07-28,8443483307.21,7106073306.27
2021-07-29,8112207105.36,6790977455.04
2021-07-30,8671122151.27,7645923271.28
2021-07-31,8895451566.63,7679111170.02
2021-08-01,8972475361.72,7591325196.58
2021-08-02,8942441387.13,7632827923.47
2021-08-03,9071724418.63,7295248851.70
2021-08-04,8712083357.76,7297891209.21
2021-08-05,9104686108.81,7267096957.27
2021-08-06,9410680923.25,7307892356.57
2021-08-07,9719049418.55,7365008062.79
2021-08-08,10161176602.07,7572060762.85
2021-08-09,9982758323.60,7683762797.76
2021-08-10,10131077256.65,7830855316.13
2021-08-11,10199598384.76,7821138921.37
2021-08-12,10253724841.46,7810885556.87
2021-08-13,9995322756.12,7861541488.71
2021-08-14,10490332815.28,7994672896.44
2021-08-15,10332549941.02,8000814298.92
2021-08-16,10458249054.85,8045546408.07
2021-08-17,10283402769.89,7998371918.91
2021-08-18,9850206449.91,7994563893.68
2021-08-19,9926599654.15,7900575781.85
2021-08-20,9997422787.43,8039430279.31
2021-08-21,10364733144.58,8067592814.68
2021-08-22,10239119112.22,8092891823.38
2021-08-23,10245630787.15,8131971767.67
2021-08-24,10287451078.38,8149426746.27
2021-08-25,10136693523.43,8122150727.94
2021-08-26,10336121425.03,8189047906.02
2021-08-27,10049005707.40,8138275268.69
2021-08-28,10476941955.60,8170644604.18
2021-08-29,10473177158.55,8171953559.92
2021-08-30,10440728449.26,8179254023.48
2021-08-31,10535468901.90,8212312059.83
2021-09-01,11023622265.44,8303427537.39
2021-09-02,11652410057.55,8561589094.51
2021-09-03,11791957488.68,8924874351.83
2021-09-04,12009472491.13,9024633102.82
2021-09-05,11978150904.05,9032962835.01
2021-09-06,12206907014.41,9142451123.21
2021-09-07,12158880754.72,9300556607.24
2021-09-08,11177458997.35,8917283554.36
2021-09-09,11167308358.31,8859809754.95
2021-09-10,11186590132.69,8863372434.61
2021-09-11,10655599160.66,8664483639.49
2021-09-12,10631320645.49,8636435221.48
2021-09-13,10850329010.76,8642516230.67
2021-09-14,10467995676.89,8324249128.25
2021-09-15,10722406634.21,8206712031.18
2021-09-16,11283432174.96,8298680800.36
2021-09-17,10986744505.75,8352412003.19
2021-09-18,10701278309.36,8386353031.24
2021-09-19,10795491357.94,8461902430.25
2021-09-20,10556159862.78,8382687858.91
2021-09-21,9765143460.12,8025100121.57
2021-09-22,9418727572.18,7812913404.30
2021-09-23,10217151240.25,7969602391.84
2021-09-24,10459720120.32,7997361308.02
2021-09-25,9980455800.99,7918565126.55
2021-09-26,9973842371.16,7883678417.54
2021-09-27,10276848915.64,7977647209.30
2021-09-28,9905186819.97,8076375680.31
2021-09-29,9688087676.26,8129136558.02
2021-09-30,9762345007.27,6425711975.61
2021-10-01,9161219019.93,5576783735.72
2021-10-02,9804559848.10,5592425524.03
2021-10-03,9968938790.31,5606357031.24
2021-10-04,9747369685.06,5583403677.01
2021-10-05,9637437358.82,5497968203.13
2021-10-06,9887470591.19,5422205162.31
2021-10-07,10123249285.08,5487068960.80
2021-10-08,9990846846.92,5435897293.40
2021-10-09,9697076427.58,5388795935.52
2021-10-10,9787350390.32,5425421597.70
2021-10-11,9668555665.33,5433735160.24
2021-10-12,9945284130.75,5553114067.86
2021-10-13,9899505711.38,6221843026.50
2021-10-14,10860239206.50,7489588296.38
2021-10-15,10863000211.89,7441874579.29
2021-10-16,11080050174.13,7503552085.80
2021-10-17,11091643402.91,7464631284.69
2021-10-18,11055306360.19,7503775457.66
2021-10-19,10831194793.10,7514212948.05
2021-10-20,10981417135.69,7572132690.41
2021-10-21,11517595439.23,7582471078.19
2021-10-22,10986099468.65,7398795977.97
2021-10-23,10883315093.25,7345008864.32
2021-10-24,11165305887.33,7358159182.75
2021-10-25,10940522595.36,7388764465.18
2021-10-26,11258243594.54,7445551025.18
2021-10-27,10957718853.74,7428353123.68
2021-10-28,10254037601.04,7420287669.86
2021-10-29,10776629064.08,7580343391.43
2021-10-30,11236223025.26,7617979897.81
2021-10-31,10970165751.14,7562463722.20
2021-11-01,10996348914.16,7531753878.08
2021-11-02,11273508431.40,7593313593.31
2021-11-03,11679511688.13,7653718046.00
2021-11-04,11643657173.82,7556037262.91
2021-11-05,11664560581.66,7575790271.45
2021-11-06,11478685256.42,7573187625.76
2021-11-07,11685906118.45,7528393069.78
2021-11-08,11914049986.10,7694654457.40
2021-11-09,12314381656.08,7787529855.09
2021-11-10,12220131175.13,7708184928.99
2021-11-11,12000936438.55,7709973788.59
2021-11-12,12178900652.91,7671291297.87
2021-11-13,12167119423.85,7668498352.55
2021-11-14,12174689308.46,7609969076.62
2021-11-15,12146218498.80,7593668111.49
2021-11-16,12033588825.06,7572674671.99
2021-11-17,11437309860.25,7390964716.90
2021-11-18,11371712606.78,7426437560.44
2021-11-19,10955419857.25,7365635531.10
2021-11-20,11688967749.18,7531171102.23
2021-11-21,12055691992.18,7460332235.59
2021-11-22,11910506326.37,7441722317.26
2021-11-23,11300888671.51,7375361158.80
2021-11-24,11771551812.07,7353237471.78
2021-11-25,11670240231.00,7337948835.98
2021-11-26,12198205408.38,7494406220.83
2021-11-27,11364689238.94,7460328103.75
2021-11-28,11484195970.96,7440422224.28
2021-11-29,11899778176.03,7744948058.71
2021-11-30,11795388748.91,7740946459.52
2021-12-01,12063356380.91,7767538334.05
2021-12-02,11880543558.07,7802861768.63
2021-12-03,11689897177.10,7795389938.93
2021-12-04,11131372954.79,7692352937.79
2021-12-05,10525565477.77,7606681456.27
2021-12-06,10723406557.32,7567764406.37
2021-12-07,11089302888.41,7560969951.57
2021-12-08,11038614097.36,7603515612.40
2021-12-09,11260495153.23,7593334989.83
2021-12-10,10534072586.83,7516803675.62
2021-12-11,10146569806.74,7444519619.77
2021-12-12,10406027593.40,7419159635.76
2021-12-13,10615995247.25,7389307315.97
2021-12-14,9977139559.56,7209158498.69
2021-12-15,9993084561.45,7089069966.28
2021-12-16,10359965894.26,7043473425.04
2021-12-17,10111724252.09,7009268250.10
2021-12-18,9962863905.49,6987248380.11
2021-12-19,10093711254.32,6991958471.21
2021-12-20,10020935719.23,6936545355.05
2021-12-21,10022913567.68,6923445872.10
2021-12-22,10151678247.89,6985225256.02
2021-12-23,9918166983.73,7026759604.24
2021-12-24,10164555756.13,7067423228.33
2021-12-25,10000194106.14,7008543041.30
2021-12-26,10095789622.74,6887695396.90
2021-12-27,10172166410.44,6719572675.88
2021-12-28,9958651887.42,6704946789.87
2021-12-29,9546870079.75,6549088553.45
2021-12-30,9087494705.99,6428402389.49
2021-12-31,9061240104.97,6143585159.44
2022-01-01,8899059986.33,6028662724.66
2022-01-02,8898440757.49,6002033640.13
2022-01-03,8979319085.03,6056370605.84
2022-01-04,8855806192.44,6063848672.01
2022-01-05,8815765968.28,6026557006.39
2022-01-06,8500986032.88,5932320298.16
2022-01-07,8426455138.83,5816783444.24
2022-01-08,8239709005.94,5832228372.02
2022-01-09,8072615933.66,5747273421.71
2022-01-10,8098197904.10,5731930499.34
2022-01-11,7956979596.74,5524731962.07
2022-01-12,8117810402.62,5550794945.99
2022-01-13,8271022683.46,5618707399.86
2022-01-14,8003660852.67,5643286340.21
2022-01-15,8106015229.89,5604907484.05
2022-01-16,8191361500.45,5601577073.46
2022-01-17,8168686033.33,5624963886.64
2022-01-18,7951120443.87,5609196424.18
2022-01-19,7890000926.29,5614122126.58
2022-01-20,7787499774.40,5588715114.13
2022-01-21,7567801015.31,5381463010.36
2022-01-22,6717996892.78,4727434059.20
2022-01-23,6442184623.63,4524016525.43
2022-01-24,6664262076.09,4456949166.49
2022-01-25,6371523746.43,4138655544.65
2022-01-26,6727302525.52,4140697552.89
2022-01-27,6468482482.33,4115822527.51
2022-01-28,6280814339.00,4095441679.07
2022-01-29,6505623637.88,4086720000.02
2022-01-30,6635495359.21,4107954250.94
2022-01-31,6645287232.84,4047860338.04
2022-02-01,6638712649.27,4027587566.64
2022-02-02,6697078211.05,4035898375.77
2022-02-03,6591491383.97,4041113707.44
2022-02-04,6729546610.82,4059769263.39
2022-02-05,7298323668.10,4095426236.20
2022-02-06,7367251867.85,4070846644.09
2022-02-07,7456222704.20,4057404939.09
2022-02-08,7467793748.69,4008027539.31
2022-02-09,7532682995.42,4017715696.82
2022-02-10,7305780746.47,4137654887.62
2022-02-11,7179644764.63,4441878825.93
2022-02-12,7001893345.67,4370578375.75
2022-02-13,7136933952.19,4391352444.25
2022-02-14,6973269153.88,4372448375.85
2022-02-15,7048152411.98,4348175667.82
2022-02-16,7284100056.58,4317913940.09
2022-02-17,7229683629.17,4299618383.33
2022-02-18,6891389390.55,4223025817.26
2022-02-19,6749631741.60,4207832583.17
2022-02-20,6719049798.51,4149452361.52
2022-02-21,6588413816.67,4124609270.44
2022-02-22,6477871803.86,4046318880.69
2022-02-23,6512679601.02,4021683885.25
2022-02-24,6422366869.14,3882687367.42
2022-02-25,6789387546.29,3586699025.77
2022-02-26,7021068903.53,3578037287.32
2022-02-27,6965830821.06,3585596066.82
2022-02-28,6734976664.69,3578934310.17
2022-03-01,7287280244.21,3659914801.45
2022-03-02,7284662109.07,3651187662.57
2022-03-03,7244469275.25,3676493312.95
2022-03-04,7073889919.09,3746816907.26
2022-03-05,6434411791.39,3752100723.08
2022-03-06,6529938592.17,3780512668.66
2022-03-07,6399550312.43,3800523017.72
2022-03-08,6337333060.97,3817297835.52
2022-03-09,6475717107.32,3838096482.47
2022-03-10,6753477473.90,3845213714.79
2022-03-11,6556359225.56,3809735743.84
2022-03-12,6466181284.98,3777834100.90
2022-03-13,6499313335.23,3765486321.58
2022-03-14,6403164192.01,3742938539.38
2022-03-15,6522310366.50,3703771217.38
2022-03-16,6536964522.61,3689382670.41
2022-03-17,6843417948.75,3684837813.66
2022-03-18,6896725805.57,3679856799.82
2022-03-19,7037952642.45,3702594946.17
2022-03-20,6926167641.13,3863150636.10
2022-03-21,6790182925.00,3850382332.32
2022-03-22,6792525381.36,3845198325.54
2022-03-23,6833873552.04,3820663899.32
2022-03-24,6885712609.83,3805619765.25
2022-03-25,7026966428.78,3813701051.72
2022-03-26,6875931179.78,3880768012.99
2022-03-27,6925153145.13,3889020983.08
2022-03-28,7179124288.17,3818520922.61
2022-03-29,7185630271.29,3765567298.84
2022-03-30,7064023798.47,3585553209.60
2022-03-31,6958748214.01,3549604011.46
2022-04-01,6676174005.97,3521880018.86
2022-04-02,6844003511.70,3499736799.94
2022-04-03,6814894218.01,3504687396.65
2022-04-04,6940772425.12,3512841649.28
2022-04-05,6968627725.62,3526848491.51
2022-04-06,6814174613.20,3526407234.84
2022-04-07,6511702143.55,3449324516.53
2022-04-08,6536953365.98,3240799654.21
2022-04-09,6556147321.27,3236174632.28
2022-04-10,6669119692.67,3225769371.90
2022-04-11,6593973280.10,3210847677.25
2022-04-12,6208069423.14,3173850656.48
2022-04-13,6210872197.95,3174186431.93
2022-04-14,6375109195.75,3195804517.62
2022-04-15,6310588976.46,3201461631.16
2022-04-16,6361009433.24,3207678549.93
2022-04-17,6389245694.02,3205471907.84
2022-04-18,6276397023.65,3204928039.34
2022-04-19,6266252068.24,3193656289.90
2022-04-20,6341804430.33,3193024858.67
2022-04-21,6299474803.48,3191879674.23
2022-04-22,6061461688.71,3136300957.07
2022-04-23,6090816572.18,3134067225.36
2022-04-24,6055513664.72,3132660858.81
2022-04-25,6068475753.83,3133746075.90
2022-04-26,6296783476.51,3123356056.10
2022-04-27,5995125146.62,3089422305.53
2022-04-28,6112162893.02,2643426307.75
2022-04-29,6107592136.14,2434374936.15
2022-04-30,5920313455.65,2432042710.93
2022-05-01,5784225482.86,2415222290.30
2022-05-02,5911076299.34,2397487228.25
2022-05-03,5933684417.71,2393925430.23
2022-05-04,5884467925.93,2369062858.54
2022-05-05,6118511633.54,2101297160.61
2022-05-06,5602431743.61,1919965535.26
2022-05-07,5480107359.37,1925170741.73
2022-05-08,5406379615.50,1903500873.63
2022-05-09,5278596530.90,1813891115.69
2022-05-10,4927312985.21,1745190771.73
2022-05-11,5039475365.08,1723644215.00
2022-05-12,4663909135.31,1586861484.78
2022-05-13,4315240802.04,1494743715.64
2022-05-14,4377868685.44,1495010215.00
2022-05-15,4237361648.82,1491672215.80
2022-05-16,4312676011.88,1490062632.37
2022-05-17,4151282274.21,1481064677.55
2022-05-18,4192475278.18,1489258595.03
2022-05-19,3980470487.09,1445047185.24
2022-05-20,4140832846.87,1451729198.38
2022-05-21,4068064777.54,1400211930.09
2022-05-22,4175423214.90,1375173806.83
2022-05-23,4264787930.24,1381165648.46
2022-05-24,4138730556.43,1378397121.32
2022-05-25,4184800590.28,1362992145.38
2022-05-26,4128904672.81,1321780350.04
2022-05-27,3941901176.76,1304743036.66
2022-05-28,4008409883.05,1278453133.92
2022-05-29,4072905549.66,1256630024.79
2022-05-30,4114932669.18,1273681155.04
2022-05-31,4331470643.12,1288518141.02
2022-06-01,4223919372.58,1293278482.97
2022-06-02,4046790589.35,1289070545.79
2022-06-03,4067613123.63,1289673115.14
2022-06-04,4005198661.41,1290064036.16
2022-06-05,4036757662.46,1290076353.13
2022-06-06,4037202309.71,1284421197.74
2022-06-07,4131720164.10,1267485380.30
2022-06-08,4034905467.24,1205746838.47
2022-06-09,4043882732.90,1222698472.62
2022-06-10,4030039421.91,1234928094.81
2022-06-11,3939819239.29,1224730441.37
2022-06-12,3805920110.59,1195651870.22
2022-06-13,3549128084.29,1115078864.40
2022-06-14,3070997479.55,1008140090.86
2022-06-15,3021941753.99,962792093.42
2022-06-16,2912956276.41,963081685.61
2022-06-17,2713796419.40,956044564.27
2022-06-18,2708243548.05,929169755.59
2022-06-19,2641501370.10,896193646.51
2022-06-20,2800080750.69,877748653.24
2022-06-21,2821368322.15,870456002.57
2022-06-22,2831793834.11,869697416.01
2022-06-23,2704609377.47,868035492.56
2022-06-24,2873743209.34,867612753.38
2022-06-25,2957588099.24,827981156.82
2022-06-26,2896780118.67,835232604.76
2022-06-27,2856025145.92,833387477.53
2022-06-28,2760842974.29,815461736.24
2022-06-29,2696599292.29,815408319.83
2022-06-30,2755646676.91,815511898.33
2022-07-01,2655109013.59,801562876.11
2022-07-02,2662082572.70,772249807.60
2022-07-03,2653917107.10,779230861.06
2022-07-04,2644988547.45,782193583.23
2022-07-05,2738775883.51,798459514.56
2022-07-06,2697693500.13,831114192.11
2022-07-07,2713071512.23,825339444.80
2022-07-08,2763714694.19,822351098.98
2022-07-09,2774722311.21,828631075.35
2022-07-10,2770887391.40,841547223.01
2022-07-11,2711129309.56,830656514.58
2022-07-12,2561927932.00,812981409.60
2022-07-13,2581913877.74,828719884.83
2022-07-14,2536659613.82,802842827.58
2022-07-15,2583998851.11,811583061.61
2022-07-16,2630611685.17,824421282.50
2022-07-17,2711825578.57,841229240.35
2022-07-18,2688140603.41,859618304.45
2022-07-19,2846640416.83,891316456.81
2022-07-20,2852922232.68,901359119.24
2022-07-21,2827431751.17,909991003.19
2022-07-22,2859843595.11,921228837.93
2022-07-23,2819027000.51,937695743.30
2022-07-24,2824919207.17,943567572.43
2022-07-25,2853785676.44,941181918.14
2022-07-26,2740700169.28,942429987.35
2022-07-27,2750798124.79,938629282.86
2022-07-28,2909377987.44,949411267.41
2022-07-29,2983710203.28,961849321.31
2022-07-30,2987759362.71,968833848.18
2022-07-31,2959384298.61,974971401.30
2022-08-01,2959143298.73,981478595.43
2022-08-02,2924921842.52,969556072.95
2022-08-03,2916752326.00,955365693.47
2022-08-04,2870960186.90,957327675.98
2022-08-05,2897861376.96,957432751.92
2022-08-06,2999463234.93,973805626.53
2022-08-07,2969072354.80,978514277.99
2022-08-08,2981610932.83,990213028.25
2022-08-09,3050734793.59,999240454.48
2022-08-10,2997156114.07,983641645.94
2022-08-11,3104825980.71,992514748.91
2022-08-12,3107133014.78,970367728.17
2022-08-13,3132551323.37,973565800.16
2022-08-14,3118377119.09,987827271.32
2022-08-15,3080817082.23,988683690.33
2022-08-16,3032366479.30,991812022.14
2022-08-17,3018024776.06,994545655.39
2022-08-18,2972151089.66,993417499.83
2022-08-19,2968131565.24,1000223337.85
2022-08-20,2781489817.93,997942684.95
2022-08-21,2771438710.12,990332970.77
2022-08-22,2776447099.76,990745114.03
2022-08-23,2811814196.95,990052671.57
2022-08-24,2837765337.83,990147563.19
2022-08-25,2811841206.38,999944194.97
2022-08-26,2830308263.93,991313359.91
2022-08-27,2680086283.51,960600993.94
2022-08-28,2659995152.30,957736449.08
2022-08-29,2668077898.38,981288043.07
2022-08-30,2684696201.04,1009956458.63
2022-08-31,2657200675.90,1009256054.34
2022-09-01,2624856037.68,1001892481.35
2022-09-02,2650903625.62,994424768.93
2022-09-03,2639634428.13,956932537.00
2022-09-04,2552008149.49,955011830.83
2022-09-05,2566252132.97,952295504.12
2022-09-06,2586378574.53,946407524.34
2022-09-07,2534112155.98,933912446.29
2022-09-08,2423460557.45,946749866.16
2022-09-09,2288597803.61,956279424.28
2022-09-10,2377208069.25,945882202.86
2022-09-11,2425580287.74,947582366.00
2022-09-12,2429927824.85,941690695.41
2022-09-13,2375962430.43,889008430.57
2022-09-14,2179005139.93,881713038.41
2022-09-15,2125123538.13,858458384.18
2022-09-16,2029646816.67,813919793.75
2022-09-17,2023559716.96,815280720.87
2022-09-18,2116014797.19,805694660.31
2022-09-19,2057555958.34,707831392.06
2022-09-20,2057740335.53,769605478.12
2022-09-21,2039995371.47,802143571.49
2022-09-22,2060312588.12,814483502.96
2022-09-23,2126883808.82,832004780.38
2022-09-24,2200950987.56,841394404.72
2022-09-25,2178664987.77,853419560.77
2022-09-26,2116497060.27,902269895.14
2022-09-27,2188558878.42,933208495.33
2022-09-28,2201084303.35,932547979.89
2022-09-29,2211568702.92,929771858.84
2022-09-30,2256713843.57,926234683.51
2022-10-01,2260070905.39,927075819.75
2022-10-02,2256855178.11,905977995.92
2022-10-03,2205514976.96,870926019.63
2022-10-04,2234852519.74,852376792.84
2022-10-05,2238925036.28,811074744.04
2022-10-06,2265181928.48,845700830.43
2022-10-07,2258972231.97,851497851.89
2022-10-08,2241794796.79,855541463.72
2022-10-09,2225759239.47,853520761.83
2022-10-10,2225224085.85,877970138.41
2022-10-11,2209249820.64,895798195.08
2022-10-12,2208493961.89,868790366.12
2022-10-13,2201605897.58,832251260.79
2022-10-14,2203626024.06,833517334.03
2022-10-15,2200597834.19,840029354.21
2022-10-16,2189044522.20,839807506.64
2022-10-17,2193100962.58,841658220.72
2022-10-18,2209239781.42,851131210.73
2022-10-19,2186348529.44,853932789.66
2022-10-20,2181866232.95,857604297.41
2022-10-21,2163618080.94,853691039.25
2022-10-22,2164739306.63,849079810.65
2022-10-23,2154865403.25,853270115.51
2022-10-24,2164110546.84,871282609.42
2022-10-25,2161796932.13,848991379.02
2022-10-26,2199395356.69,793324218.87
2022-10-27,2237257701.11,811892025.50
2022-10-28,2203943807.56,815160289.02
2022-10-29,2220298359.44,807382584.63
2022-10-30,2268935306.76,787566231.58
2022-10-31,2211443972.45,777125492.53
2022-11-01,2119540407.18,730465616.41
2022-11-02,2124079613.20,733562479.19
2022-11-03,2116995408.37,731808980.45
2022-11-04,2117612752.17,744242153.98
2022-11-05,2181933648.02,744838520.82
2022-11-06,2150905537.49,749299556.52
2022-11-07,2137698158.91,798235888.77
2022-11-08,2090290557.43,785122022.74
2022-11-09,1907212757.96,828197501.69
2022-11-10,1765425767.63,822884390.74
2022-11-11,1759184484.73,803954946.34
2022-11-12,1760310341.74,797971251.12
2022-11-13,1698474079.30,725248532.99
2022-11-14,1591871811.95,612949200.31
2022-11-15,1598291893.20,641850454.02
2022-11-16,1644178308.18,658814799.98
2022-11-17,1609521769.39,663995720.70
2022-11-18,1607036211.68,659098009.25
2022-11-19,1615549081.62,665231015.10
2022-11-20,1603531212.18,664677758.75
2022-11-21,1548733381.54,667322142.68
2022-11-22,1459692898.08,634237687.64
2022-11-23,416250852.37,640816681.96
2022-11-24,1545420109.23,638271833.46
2022-11-25,1475419775.03,605089795.74
2022-11-26,1472448640.68,606279337.84
2022-11-27,1470697897.43,604922172.24
2022-11-28,1466311653.30,602006237.29
2022-11-29,1447257162.39,590533365.03
2022-11-30,1501409874.67,593700327.87
2022-12-01,1505746805.91,589566051.69
2022-12-02,1508984379.77,594124822.42
2022-12-03,1502980101.42,599973238.76
2022-12-04,1487483820.25,603096887.32
2022-12-05,1509488597.92,603511256.37
2022-12-06,1477989045.46,605117269.35
2022-12-07,1485614949.61,606231185.64
2022-12-08,1464795953.28,598271389.34
2022-12-09,1488655777.02,590680811.16
2022-12-10,1490625424.41,593282552.60
2022-12-11,1499765428.00,594662620.20
2022-12-12,1469755175.37,591138808.59
2022-12-13,1475557416.33,584622943.58
2022-12-14,1494855931.23,582522941.65
2022-12-15,1478854640.43,579397013.90
2022-12-16,1459407642.47,574323639.68
2022-12-17,1402169864.65,572672085.03
2022-12-18,1410177803.34,573462832.59
2022-12-19,1413397323.78,578108633.48
2022-12-20,1391995325.80,580918502.22
2022-12-21,1429406867.02,582045380.83
2022-12-22,1431919059.00,581617017.12
2022-12-23,1432106663.62,582994308.11
2022-12-24,1428138817.06,584762933.18
2022-12-25,1427839190.27,587307310.81
2022-12-26,1422477593.64,595938357.23
2022-12-27,1428810775.95,597014227.40
2022-12-28,1418191442.12,592834146.28
2022-12-29,1404559642.67,591847109.25
2022-12-30,1387343913.59,579308806.17