timestamp,totalBorrowBalanceUSD,totalValueLockedUSD,depositRate,borrowRate
1575068401,187810.2169473844199352,1135091.6212286357862566,1.009091723171898,6.776412550901974
1575127244,185440.4474183588256265,1122148.1952190162247056,1.0154098496012565,6.8272312156918135
1575218255,180737.0938246472006241,1086223.6945472187976112,1.01266838421567,6.762335589039828
1575324931,155052.4607328138806364,1076322.4027377803942268,0.810238804756635,6.2493413373179175
1575409991,155729.348342047326028,1100983.307464656343728,0.793138780139098,6.2304145472002715
1575494046,153680.9217548990301531,1078531.4125173507920658,0.781359890615295,6.092863469236279
1575575306,156383.1750595536256216,1090620.8735370918068548,0.7975636702462,6.180258391088325
1575675682,157740.4802419403433616,1091377.4826005088073028,0.8090199077519325,6.2194005757415025
1575760915,158912.1522267817930012,1101865.681470295753479,0.799946948396462,6.162972414618192
1575840207,158880.1893295070522016,1104984.0697132807072308,0.802403340673683,6.200639563004718
1575935774,154477.2787957726465824,1077244.5193046175482163,0.806274861106869,6.2472702346373
1576013661,151923.3186797627861352,1060261.9992535807829333,0.800703551903481,6.2089477205897025
1576106347,151249.9527242120684594,1057222.3882700770606158,0.78537047009774,6.0996253718588925
1576190427,151318.8242199741302867,1076787.9658881417202702,0.782868174040673,6.1898961650577115
1576268364,148692.6011480941575963,1074999.4701410137256748,0.73204742868663,5.880518240261147
1576365276,146313.0621896564507544,1058493.8909236079196144,0.678542591510316,5.45431052833416
1576426117,147222.9035816744873347,1071594.3225974682226082,0.675195452529813,5.460620867733105
1576540438,142339.245850919505394,1030505.265307198987598,0.6685559397703635,5.3779999877499555
1576623719,135884.2308976111622566,984497.318897367852114,0.6666715826321775,5.3667938221041275
1576707088,147092.554844616956334,1115357.6099056402563984,0.6156670475392465,5.187126547668177
1576799771,146470.5159581277420632,1076167.2408563300508214,0.645669361306944,5.271051087192384
1576882543,148954.8503410166680338,1094536.8291847560135708,0.643484786579928,5.253775418318528
1576961913,147644.6866716392797776,1077693.3635023401245064,0.6660029772402215,5.401458542051517
1577053791,151871.7741695027727456,1101192.0379916691221856,0.670156455758258,5.399079126906276
1577141261,150044.1629025390626797,1083216.3063246528443341,0.6725261447635005,5.3946434640162735
1577224872,151480.7864480976438072,1122911.0282512357447622,0.646353517713408,5.323722420592056
1577317144,149584.329002406381836,1111673.483009801877396,0.633720309420066,5.232946141799002
1577402483,151149.6542981375150412,1123166.7330557228026134,0.6428626850636975,5.3077783899834925
1577468009,150312.2422456143241684,1119452.21018382647448,0.6371734083239325,5.272618366518441
1577576124,152982.6647136305090634,1114498.2741140790712044,0.6636968685419725,5.372351725772388
1577642226,155585.9469159514159433,1133358.7064547806622106,0.657631938584474,5.322766384301198
1577750204,152729.5859962631418081,1119535.786343423964603,0.655459522786076,5.338486810393188
1577834414,149725.5903174550552176,1093124.3750616992471526,0.649932627698838,5.272291025950212
1577921717,151406.773738723888456,1082546.216533957540686,0.6815993287148225,5.41486689831884
1578005060,146156.1546766409037213,1039305.0183974832722887,0.763432024267264,6.031895101173986
1578071968,153208.272323485758015,1078147.6303036592497708,0.92068048807504,7.198838776463026
1578167246,154109.0310630423598638,1077840.3505981432829544,0.921390773330405,7.1602419496208335
1578267207,152288.3704859824879736,1025038.8111930026882344,0.9727265955879735,7.2748132743466125
1578353901,157786.189491596701435,1065503.9412142228726925,0.982743505497747,7.373670814819008
1578438705,165968.9136111301402191,1123629.2465722062413934,0.9679703334955995,7.281415624130428
1578527361,166983.4727054628066772,1120016.1224577519041596,0.9754879463729595,7.269929236638648
1578606793,163550.4601763411495955,1143643.3104454318352415,0.920990362072918,7.155688054216645
1578692847,166952.020570896412721,1166508.096561843979781,0.926433171873344,7.192297871732408
1578784704,167195.4093786299531076,1173934.7394256229780664,0.9145198349925365,7.1346097912956035
1578868208,169566.4715464864217615,1188785.629507108277465,0.909148258904733,7.081997438470005
1578950158,167299.410191883647444,1254398.0155948536815024,0.815074095833745,6.7904026897714845
1579043003,182959.011982141681312,1264151.41561050021154,0.932680081868815,7.16037028729423
1579125162,183349.4444535094980344,1275326.7503837463181832,0.911205340781768,7.0423177728402355
1579215957,181080.2460755842615284,1334805.7996576439938614,0.840867988241058,6.887035455839196
1579302128,184453.6683463157096832,1311268.6339454170508032,0.89169747695497,7.043352181402026
1579386528,183197.2776707354262805,1336419.4260959827525745,0.858900902787895,6.961844425392808
1579467413,177235.2130095211248782,1433451.806977753457071,0.721308553273182,6.4820392677437755
1579543406,178323.832738592657445,1361320.674797499948525,0.79430366968239,6.737443092935541
1579648249,174606.9098391704106018,1361749.9792629670730952,0.77116964739177,6.682567733407995
1579733492,174048.2811042185979132,1353363.7572377788928076,0.758738022170121,6.555323705146314
1579806806,168692.124100558341024,1310498.4629264201178624,0.773932319510336,6.68039562666028
1579909081,168271.8311221636899392,1312122.5040057676029008,0.75474598054551,6.5391494449310335
1579993766,168091.4233812399097928,1310079.099447644883006,0.7584011298764865,6.567626178468006
1580081631,317058.1648035864086483,1337336.4123021721979908,2.197588420014592,10.299249439628336
1580166429,228483.7811581830462784,1373983.4621028468444544,1.1871182876434765,7.9319070096075225
1580253191,236100.2138132037260504,1395490.589465263613358,1.221474783181434,8.02181289226525
1580342331,331223.1133447016658848,1441425.8475633680440321,2.0919033941061545,10.1151140915107885
1580427816,429783.9408959106925842,1529606.0740134024258543,2.9437181025949635,11.640807964751714
1580508125,333657.5283175594531616,1508810.8624818167720192,1.9192518961612425,9.643248151562025
1580601130,432891.4701040563829828,1586138.1543737316727652,2.80349700414781,11.41351912089926
1580684330,442492.3676873100718002,1621319.9174037519930108,2.843869253070918,11.577906823472812
1580765377,185358.8434085895515638,1584432.4394579746782262,0.664742439753201,6.313516384517046
1580859947,181935.2441365370949856,1543790.8223650687442304,0.666260296746205,6.281639969813432
1580945365,193341.1310733120179349,1641669.3942179561515393,0.660339926815855,6.2299777358429195
1581025493,195795.1519030970713723,1665799.2729430396989118,0.66094214604818,6.24800935258988
1581119425,195994.0392368335744455,1552268.600417428807716,0.74247049133466,6.533722686646584
1581200016,196783.1163046138433904,1509077.7686445630944922,0.776962014494942,6.620351748856966
1581292696,201540.7145166793001035,1556346.1595914445001054,0.773399359171748,6.635974415271995
1581372590,196939.138040314432989,1539065.1744292739635551,0.77446844166741,6.7249056359709
1581465263,200661.483109834563635,1568939.7412692177014265,0.766242485154448,6.656806987792256
1581549777,202037.6776695143279322,1735003.3179707508041949,0.658424313832835,6.282482567495651
1581638274,199643.1465423874027469,1850819.4575491411328795,0.574195381291348,5.9146198407635
1581724717,203155.097083661027004,1815809.7191425184604192,0.607191086069055,6.03011356279329
1581810211,869554.545788404014549,1087916.5906205079351,21.20534191006098,29.47823928643047
1581896771,237146.164666470226757,2011681.227717030059967,0.675654414178542,6.368324238623703
1581983674,185313.0908327670066835,1898731.5664950754791593,0.4861802452768245,5.534931746797758
1582066879,200708.960954673962437,2105446.7934176711732975,0.470198054309614,5.480445036481174
1582156059,190222.5048553688138443,1991203.8270344628462932,0.476000575461885,5.5362894827808825
1582240523,191004.768003119819938,1877992.060689344408242,0.516345047134918,5.640882449326858
1582329171,192821.0357047623899559,1894663.1401587042811173,0.517827344631817,5.653534747170497
1582415575,192049.1834063988599055,1757037.3567263590924962,0.58281050865692,5.924523069641964
1582495219,196568.193789683421141,1808136.390667551605613,0.5887139922117575,6.016996910185679
1582588046,190776.408748264360502,1765837.604574594313867,0.57315909835692,5.8946601765222
1582673114,190412.0172388320218948,1730480.8798264183375872,0.588874020971829,5.946375588382415
1582761547,173036.170656661825149,1618577.2481022499757415,0.566618052848868,5.889039044542434
1582845869,29389.874835539819307,1639739.184274446594634,0.046290481309652,2.869632130507409
1582933046,29507.1246504569693484,1554407.2101861131664204,0.0500210286246,2.927844585028824
1583015742,28872.9247431773734944,1543843.3540412084603346,0.04950098504442,2.94092389456929
1583101944,28010.0982905108043505,1527559.2123537340285053,0.04742733563598,2.873886674370276
1583193263,28605.3067863243296204,1584890.9482518808122138,0.0469049157559675,2.887544097295935
1583278057,28129.628395356455054,1589829.8052410778893172,0.045432169092195,2.853038306326241
1583359282,28125.2812591183986241,1550143.2852040769282545,0.046410993067725,2.8421913970496475
1583450611,29195.9889733959513458,1618068.8948385422708583,0.0456424984641605,2.810610853380507
1583539108,29153.7918133030973782,1613375.507454171413646,0.0471443156324665,2.898859977335828
1583625498,28683.8946210942281135,1577858.8626791351354864,0.0476051278070325,2.909653414035735
1583710436,26537.2863239068408436,1719014.2478459326464684,0.03885343788522,2.79646835459328
1583797498,29228.6904176411274181,1889459.385877657379163,0.038645318237526,2.7757642792699575
1583881967,34324.6493938488795684,1889298.1269332544020244,0.0466753320065305,2.854560754733961
1583962161,31939.377086922204818,1858799.2581826125988376,0.0438345281468855,2.834522273698996
1584057331,27895.5431785975174461,946081.1999147766502707,0.0852408464259325,3.21217230823348
1584143961,37488.0603563924082496,1008368.7142587708318277,0.114966537152778,3.436017231910104
1584228904,34284.563126586066866,748355.3926667977859103,0.158324098073878,3.83984581459633
1584316165,21398.9417380976043484,785523.0806484869103254,0.078616530509227,3.2065500124343145
1584401854,19045.7365431877497964,681211.7184995810709404,0.080853986550853,3.2132407542821095
1584466158,20597.9266511120337496,737268.5224630446028984,0.08026949581704,3.19234787307432
1584565446,19974.8791403403368256,881754.0066236702814624,0.061776112259293,3.029991044588527
1584659504,23709.8286408270658195,1105694.610567249675856,0.05707338266175,2.957317012932905
1584748000,22794.9177418548975324,1100117.5666840218021012,0.0553250005591605,2.9667434156109255
1584835145,22846.5564418114971768,965675.892445788802732,0.064480962225711,3.028305178902027
1584919229,23279.5679983007482224,805093.3330005261247422,0.0833519054864925,3.2029070613979725
1585007637,30215.0728129163045526,1087200.9793772909601372,0.0795674759706515,3.1811142149402845
1585086017,26265.916481429594384,1128517.944402124278592,0.061164163965984,2.919916583383041
1585180300,26383.5646638806289495,1135318.4097885581067564,0.0631707854665005,3.0203548895822615
1585266981,26448.91820793310956,1239444.75818269810626,0.056430397262997,2.9382575381334825
1585350900,26997.3902182816509296,1240474.1488502542457544,0.059066108929926,3.015517034219004
1585430068,24664.740551394361428,1161502.144366010070192,0.056779829095825,2.970947902689965
1585522021,23274.5936682970692829,1095945.5805739571629209,0.057118254562944,2.98840394165472
1585611696,32863.4402406128277984,1215308.3282542451511216,0.076282713633357,3.134419159363857
1585697041,32300.1566064030595448,1192446.7903004432354793,0.076509676034262,3.138399558828748
1585784390,32324.173081196819721,1219873.59362039590413,0.0760756551999125,3.18999938442485
1585854173,37753.241584566137076,1263704.106472556266656,0.08840626807422,3.28799916081675
1585955163,38954.584040797927578,1282349.8453104400469758,0.090250479592406,3.301071732929672
1586042009,39200.1767711042169119,1286554.2577982199539497,0.089845163673042,3.276364979702706
1586121330,38761.1711287847323188,1269613.2688824273111207,0.091346290770888,3.324474219426072
1586217551,61881.2529464980782668,1849289.7495005971553252,0.10019079499594,3.32683434866255
1586303976,81047.3807645260007048,1359449.6361439532828305,0.2323445130388575,4.3302607664471625
1586390348,74842.1950590054678648,1398860.7923622774238464,0.194890386434898,4.047397777183992
1586474195,32763.1716285207661655,1389293.3154822274414429,0.06424110138166,3.0267634261291
1586559064,30673.1103636795577908,1292931.1113416671393364,0.064394700237674,3.015957271052008
1586645653,30610.599608755577703,1220785.8946025831987994,0.068958974608524,3.055736851558872
1586730201,29708.4694980602724841,1264159.4095518400479114,0.06544875423779,3.09442839629041
1586821075,35780.0349026999706682,1219318.4763373894904,0.0857635275592575,3.2474054987339925
1586908769,35837.388788092510888,1221668.381084413117424,0.08426220550356,3.191591412738624
1586989961,36394.165913078896314,1154069.6789480611533018,0.09395082886537,3.3102314986625035
1587075760,37292.6476583188955042,1197323.2763847186391355,0.092696049292368,3.306792337197132
1587166442,38032.1004092991522048,1135413.0579188643835392,0.102270125343804,3.392421851575572
1587251938,39853.3707868497509616,1071340.3799969091695712,0.117084873702843,3.497201827992453
1587336442,81661.504819107123328,1096948.308929786882052,0.320864972723469,4.789041326509727
1587423252,77456.4613960611944934,1040878.6472293501719618,0.3170760602941625,4.7343830305933425
1587499561,76309.4715232952290304,993004.9555692868527804,0.33643904380821,4.86448479689445
1587599837,83623.418816063457975,1023227.9832389482256375,0.369953576231085,5.029782552008025
1587685191,87037.1491960232906166,1065175.891615955630799,0.3650288446944,4.963652223333475
1587769969,88146.83806109984107,1065679.73365225757158,0.3757081776100695,5.046939598637412
1587858071,90910.5392562548206584,1061168.8430222421800401,0.3942643979921115,5.113465252400883
1587936309,92460.3714957683901796,1079144.6402097281498086,0.3956753603265725,5.131218649212902
1588030530,47573.1014982550990475,1119255.4817005270788305,0.14147991486223,3.698452492777794
1588107344,47107.6419754785308622,1084001.4843774017548281,0.14434335246203,3.690564410766714
1588202081,56501.4788953581831025,1228462.9419372414537587,0.15851935222464,3.829499564479296
1588284776,56120.2624181989045424,1225454.647208964205628,0.1528524412873995,3.7085780218056195
1588370468,63237.6061150553341764,1231226.5320271546543899,0.1842862526372205,3.986694655121165
1588460526,63837.1248172005480594,1244734.2082047389269362,0.186759761488884,4.046169831985692
1588540786,68269.701698281698534,1672569.299131303559094,0.131367284718142,3.576027331869774
1588632173,69822.5389308421716086,1700122.2912593837208706,0.135971291214289,3.6786564996224405
1588719089,99003.9276548110786464,1679241.297873881523096,0.227423484953028,4.2860129909688
1588805905,361694.5332117549796,1744271.6286918445712,1.719541644468852,9.213875951077313
1588890273,65244.3307221771553266,1404534.0040077008914074,0.160137958129338,3.830374652651918
1588978973,66798.017542097833285,1427330.745785984276554,0.1625734529731925,3.8598299185762135
1589061419,64443.770075709841284,1368770.470835964103177,0.1616515317377325,3.8149337669889495
1589152925,59391.4727389330467315,1230001.6880156486525265,0.168085869903891,3.86785611168246
1589240539,57434.1422358531473217,1196058.1513615950396291,0.166565919124668,3.85412496380205
1589314014,59332.6556257878626355,1235489.1471660146959035,0.1658374981162375,3.836943248920975
1589414309,65321.9073878114315628,1294593.6212645192943858,0.180126225981516,3.966514492673052
1589500088,68452.8834066577066064,1358231.3751813976632072,0.1776411937345625,3.916365225828175
1589576418,64765.0136056374873528,1286886.9940078072899504,0.178107874607655,3.932244942519165
1589672138,66325.9681162272650222,1314813.0220701089707704,0.1769903040115875,3.898408675306101
1589755444,68569.7254407775872306,1351569.9123403595905743,0.182151651395922,3.98930010108825
1589844612,78189.7074354794363822,1352627.4043522812884324,0.2166373247697875,4.1640829124693625
1589929596,81803.8045682932054948,1375677.2647607951807916,0.22722819166098,4.245831552405915
1590011231,81599.7373529995676084,1311468.0084643468340191,0.240657812419722,4.297603999571134
1590091016,77866.41792479518257,1676997.669814500717021,0.158102286416536,3.783362054774764
1590181572,78572.6328264548301876,1698118.116534296441544,0.1556370111177075,3.7373774614040225
1590272172,78726.3341897430962004,1677990.2118369131487984,0.163385132791197,3.869362509204157
1590335659,81238.6655534328545,1673153.974188066071625,0.168376661823825,3.85311981673827
1590447917,79379.8305401284214515,1629699.6143996399508006,0.168952138356965,3.85406095107806
1590533269,79942.0624872767660372,1666602.7780251045016045,0.1666018233535275,3.859170743215305
1590617031,83008.7047114553394155,1765584.1520137942456767,0.16482008131995,3.89522366168936
1590709634,85378.800607586262416,1846809.598286923318576,0.156646898192996,3.764881953277572
1590795365,89153.3590527629284893,1804382.065120359719736,0.172480485863808,3.8787183842061735
1590882929,91985.4867204917754858,1860378.3089358158924874,0.172144182379596,3.86840376839448
1590969295,88139.7113524033623915,1800982.3607015792585451,0.171210941075746,3.887110087012801
1591055999,95231.4582964140920172,1956661.3046690909679964,0.1699243503092055,3.8792550130869075
1591140451,105945.0939251770933428,1820787.0315390812838324,0.219870481291323,4.198582766038551
1591191441,107277.5796433363711084,1836493.0883103026931082,0.219353952641214,4.172374542363714
1591314726,99637.4995326160834632,1877010.5251942062478404,0.193402166866362,4.048207022568468
1591380536,96008.129298531330585,1867224.1932643185102615,0.183164160904486,3.958097150231659
1591480210,93894.1963796104046984,1848018.2662808519458688,0.1812895586496835,3.964585541002501
1591556371,101453.246245107687406,1836434.2170645364210611,0.2046258785802345,4.115546149150284
1591650107,107981.78557215090102,1569435.74826339064332,0.281857825709676,4.551773298537402
1591731801,107602.846405793821302,1562482.4281330347836089,0.282994625277755,4.56590698688433
1591828408,110110.4969268467273574,1597104.8329831192800076,0.282772083060649,4.557206655211588
1591913973,104537.5773257953149519,1607713.1223606276624255,0.2598260648013625,4.4399321327809875
1591992344,104385.800985698784471,1644092.8092597237840743,0.25192202345418,4.4086795066494825
1592092413,101302.1413853653111176,1701523.5964044433032796,0.228665281455006,4.267534796454915
1592174067,99359.5921145226200296,1709490.244514343285654,0.22080451313984,4.221067169162144
1592265337,99831.2688504951400581,1683492.2498380355553184,0.2296429819728,4.3028400118092
1592351533,165497.211940275616869,1786548.8619395168865417,0.4436210120035725,5.3210068201778175
1592430585,104634.9577627783731855,1745536.7629926389502927,0.228453119720151,4.2345452722593285
1592522975,121467.303873177252765,8254505.35079765852178,0.036060777784944,2.722853291882064
1592610738,205301.2833600382430106,7717445.2758613755276072,0.075200096390925,3.140926558397817
1592697350,9606254.2103150596902546,23914414.5166442397053064,5.66154348560667,15.66022564934403
1592783554,28646679.40677074203227,38138264.0578767112035,18.622938604322514,27.548143439374866
1592870243,16452127.8807107390022353,31945459.0845512183918078,9.1249111529232245,19.686712192154479
1592956781,13823930.7831062845635092,29959008.0525243540534815,7.364036474969824,17.732472728633312
1593043034,12582490.5974856001840274,27503876.9850012801197156,7.3440417914342075,17.83692279341992
1593129550,12002423.4275841441231411,27974587.2266388769634118,6.532832652302706,16.918184895403513
1593215929,13216960.0195667326772864,33735018.6314981460945056,5.43388334661586,15.4105159555464975
1593301755,14792479.9954240352833303,35830895.9791241619697504,5.83760326426134,15.711177826068582
1593388504,7050129.7298256563082822,27790154.8643766120051384,2.510762836946752,10.99656487637824
1593475135,7168656.5917178307000114,28143384.6447245965367202,2.433476417794412,10.6150778232097115
1593560560,6634096.3141806229422416,29277659.9477694680124998,2.047891029746112,10.041970105640904
1593647758,6568209.6542620257927258,30698409.3505420464336456,1.797519121230992,9.334689478734108
1593734267,4442467.167583228022266,27340886.1855941859419382,1.127579922499257,7.710688968605856
1593819962,4346157.9344671155221772,25568969.6301368061281361,1.217187159668524,7.9565093243756285
1593906253,3034064.6335325885393093,15819635.0045518898782885,1.494855995080034,8.660211110845954
1593993497,2863644.479845371384309,15774074.3179897396511265,1.3681483766028,8.37366289373484
1594079996,1249592.5828754612635552,16361305.2883749569737664,0.3299523535257575,4.8001878183239875
1594166141,1227327.9723416262870484,16148485.2862556730799578,0.335314243140923,4.902082902829246
1594252168,1248309.51604552892952,15904032.0323881995130176,0.343512088747455,4.862778370668452
1594335263,1323397.0138198752941076,15445800.1777019310955728,0.391221350820924,5.073413971047162
1594423075,1279556.6022246331071002,15224916.7052422315366635,0.380042764017668,5.024413592695705
1594505874,1129486.5046217329932212,15006483.8350744025195424,0.32689320735213,4.825710729951005
1594592031,1144893.8352846335883576,14644816.3683636497238381,0.34405130298867,4.889893618659644
1594681964,1103669.6751427997547992,14301389.9500599102092992,0.338934005516952,4.879909560204432
1594770873,1115726.2900282620151744,15496519.989633729282432,0.3016194587070945,4.6547178505776795
1594857480,892707.7918718401584972,16702034.3101186430432953,0.19348965430226,4.022307654323969
1594942030,929987.630185149517485,16925409.882888245304615,0.200918568640872,4.062932330786504
1595027658,921983.8708754031003229,16916424.3260090698164131,0.199651495060782,4.0701958179796395
1595116166,904275.814725486162483,17808580.456499409208245,0.1821369501716765,3.985510318766452
1595201818,831091.7600697067999863,17674309.7682787705688026,0.16234983061812,3.8362139142156
1595288614,829354.5078910606691436,17525535.1203483120360628,0.161996410815732,3.803592314434068
1595372057,848890.1943177020523234,17999937.4379900087580606,0.163628160687396,3.855094408078536
1595460962,864337.7597225612936901,18376663.5577493212146798,0.16253345315956,3.8395774362938475
1595548022,868569.1626615028780761,18617281.1210035512751973,0.161124877567983,3.8373546699389265
1595633109,914779.6821380677680247,18330269.1836235677659255,0.1769158693100295,3.938915043992691
1595721224,930789.2995900274320684,18011654.6707700632419002,0.182768731900503,3.9297201072933335
1595806378,2322959.3718881801175496,18733408.054518802451664,0.716914792213272,6.423921287517276
1595890969,1642892.4862368951652321,43368595.1163860933082876,0.1186749471387765,3.4808294747483175
1595980558,1543326.0902743955683798,45096699.828986792295037,0.104025482090978,3.377413938172106
1596066509,1557431.987781846432938,51371968.051147386689288,0.0900889159447005,3.3017635171295325
1596152378,1571822.0402563317623991,57738508.8292863441235354,0.076698891875925,3.130464398008068
1596239262,1626250.7606647229170866,23670194.2027306852992264,0.28400794182738,4.593061743424668
1596324070,1091457.707686848583504,24392024.552766707855856,0.1535739245917275,3.813431150122251
1596412738,1034339.9913731931176592,22650945.0622984173874768,0.156547673052496,3.809141598499688
1596497516,957368.368215932571688,22727190.4901399653030338,0.139367946201372,3.6760979010424725
1596583857,966586.2588959247506178,22602446.5557695177553024,0.1422749597329645,3.696585842642394
1596671852,1010803.7319260935366236,23558269.4261641811204948,0.141103025510202,3.65401532158179
1596754281,942100.1085375106033212,22035931.2901378138870998,0.1431392877442765,3.720066452615543
1596844783,947796.0630781781378097,19675919.8675537566225906,0.168089050898382,3.87718979155785
1596931165,960015.484136536445421,20045265.240781691204751,0.1662261612688125,3.856474246758315
1597017115,1006186.0513799504466576,10733785.2289847849239752,0.4566559760824905,5.412790833257034
1597101461,1021455.2562768729410632,11746895.0718732149204758,0.405650085484497,5.183377084038356
1597188462,989321.856360154295518,10242751.3267498559364819,0.477245912212524,5.49008076052891
1597275207,1009216.340057845595583,10850910.8245145007689835,0.453042382962048,5.412254926761232
1597362852,1029769.5075543995207992,10533494.3705762593942705,0.4923865802741795,5.5962375123859555
1597449160,3777925.4483663218178125,11019999.1427939974118481,4.2464860612030605,13.763071645119747
1597535428,6630815.2177737022039625,10803080.9694563234726805,12.4875422836068475,22.605554683347435
1597621928,3682101.3005324514033242,30057474.9830636103994584,0.7112019024056115,6.4507047128497755
1597706825,2586636.9318131447,9883971.63948430005,2.5853668343168375,10.976798205390175
1597792889,2135760.4246123092,10530555.9525503408,1.685262914715564,9.232597863325644
1597876889,2880085.2126095739,10776881.3170023036,2.6951318698832915,11.2053460431412915
1597967228,840232.8263520937,11328046.0343725805,0.3206987577059285,4.8040788705876065
1598054136,1311613.0762348,11519925.582121831,0.631983372806838,6.167470469009604
1598140319,1083744.8131612145,13849593.95792724075,0.344019623779825,4.8848441941880875
1598221167,1084497.28747040925,12159749.89948409275,0.4269881308460755,5.319483498188989
1598313544,1060627.73653074065,12477669.97478382745,0.3962714166503325,5.1798925677418965
1598394039,1018536.2119484268,12271639.9057625268,0.379038104096028,5.074187261631189
1598485055,1047192.0349075776,11664423.8439754176,0.4358974626276875,5.3948427875574375
1598570983,1039821.597784724,10077609.0671483752,0.53399190468393,5.7503044227995475
1598659151,2136799.04686699465,10732559.3779583361,1.602599854885472,8.9438026618494005
1598743674,1061151.63209537055,13066626.3529831106,0.3672370426856595,5.0244669968017495
1598831507,1067853.2653103169,13233612.381095082,0.362889335292517,4.996875461697813
1598914166,2459702.18309931239279,16039106.41704385425894,1.05817817089184,7.666796414637954
1598996623,848747.96375649832771,16490423.92744567435782,0.1852258929165975,3.9986396011822095
1599090949,885066.1399697514,15939481.3162707273,0.205449695703819,4.111132289310405
1599174363,838863.20898369045,12848279.52106933325,0.261657223776578,4.452911344405181
1599263851,869305.17175702195,10297176.4285567069,0.39407196100395,5.1865541441265025
1599349822,773610.44225444999052,11758180.83133833362331,0.2670053478459835,4.509156019746456
1599432938,791050.10985900094734,12712419.97017163559409,0.2494981717813875,4.455014221244247
1599519024,805660.3558039944,12792011.6804036772,0.24922141544301,4.396729043726004
1599600280,1097914.7744370421,12777088.2624679378,0.40208663089518,5.1992462755974125
1599692010,1117849.36833303795,12680072.16800351145,0.4159810982199525,5.2428752885504175
1599782379,1829733.01798202055,18942093.08647090065,0.4882457194122715,5.616117380998016
1599866326,1316802.245702652,25067218.441557327,0.192562884520315,4.073011728850636
1599950303,1352719.1704,24839387.321736,0.2012182963292935,4.1054256654725635
1600040979,1360942.6240862298,25262541.9359681972,0.199609659664814,4.1169564774504355
1600126026,1394363.501272251,30538519.362875133,0.155808348304567,3.791579659576653
1600212925,1437518.0951703652,36773508.8206196005,0.1263941250186505,3.592577361084657
1600296429,1331489.1074676446,35298452.9422956484,0.118408526946392,3.48785580673188
1600386977,3002533.607686475,21233439.9675036912,0.906881551613895,7.125913386227636
1600473422,1387235.53383062625,27693279.65279079225,0.1759523339907305,3.9028037138294015
1600558724,1365997.77176206389877,23129105.40014502769583,0.22691639106798,4.269059451676579
1600638610,1518186.20079417980255,22820194.63374136930548,0.2748598070968755,4.5905321390213095
1600732447,1764899.6150812388,17705888.203233524,0.515881782363,5.7504971373532
1600818110,1828801.2810970988,16870694.1773053354,0.5713036983216,5.8558637260105125
1600904965,3813669.81723290001253,16420552.72709763073598,2.105967036746475,10.07520152721005
1600987130,3722814.66010050345,19756040.0188730145,1.47259003155537,8.682960565215671
1601076920,5275481.0493850036,21559887.1367197604,2.277051174781725,10.339860926742287
1601163142,3737004.6074565092,24177271.24718024245,1.0147582277489445,7.294637610928872
1601250926,4374592.47223665485,24503407.3145888502,1.308249338380317,8.14210863035958
1601337168,3819212.3153097788,24784104.1505456784,1.02150757140732,7.365436742258172
1601421182,2801427.5338346696,25023031.7301281184,0.597478445375752,5.929803015859704
1601506548,1594638.42101978595,25143633.28644718005,0.250774091264337,4.393452810607422
1601596391,1578416.473633905,24914360.1852945225,0.2499523588534,4.3837205790599375
1601683166,1696953.39853376765,25117938.48807923685,0.27027887673552,4.44512187152724
1601764186,1703435.5944249787,25803330.9738884537,0.2643130613782715,4.448628815769737
1601854982,1722851.693287094,27171306.1631255199,0.2439312546494255,4.274522054151841
1601938493,1243868.0957334216,28818842.6386255995,0.143363699873136,3.690616322340783
1602027971,1652912.448515484,29022160.24556316,0.21431000145945,4.180996607946615
1602115014,1665715.9745344868,30039339.16123027625,0.201775083773164,4.043099696173758
1602197014,1517292.7570771191,30009681.4391436231,0.175498761960873,3.856768294344732
1602286399,1571932.42350245448209,32586518.06791842231831,0.1662845924141165,3.8301306331625915
1602374067,1728589.3797933744,40748057.6551322432,0.1418699623991785,3.715891421365478
1602460545,1731514.8970199976,49052728.2075337515,0.112557087160776,3.54296833294584
1602546848,1842989.18059736484676,52566534.96716331971422,0.108357668606166,3.434027014825449
1602631114,1590289.7636461824,66525600.9149181741,0.066705355908093,3.100492882014402
1602719142,1540257.27230548965,75267642.2696082807,0.055059322598802,2.98953332845218
1602805209,1499465.7443960127,99135950.3465421966,0.038162626091386,2.8034341994637725
1602892505,1605889.2843342467,96653663.5052080921,0.042106929746838,2.81587768138809
1602977628,1517921.71441669665,96557983.80318430155,0.0396487035824145,2.802368843458569
1603065510,1526207.9840716216,100476021.2848459278,0.03834372003678,2.8047906114184125
1603151036,1638509.4758496745,126676622.8151988138,0.0318529456476,2.736242667345
1603237293,1661058.8120451831,137407824.5282398082,0.029149639375828,2.679274013851762
1603323924,1790851.2857481222,155203146.01555101225,0.027633973604917,2.6609813132215785
1603411016,1790237.4897545145,163097827.7087579775,0.0263460583279825,2.6669241808852725
1603497111,1144409.3129609976,187580719.020840123,0.013538896799487,2.465741697130966
1603583155,3240986.0437299005,191780198.234890837,0.043345736366792,2.849905618556014
1603668578,1097392.30424130254255,193582344.55754744162683,0.012526623520383,2.4552479312004315
1603755327,1101435.0334850792,200271999.6137004392,0.012035087921227,2.4314654498097285
1603843121,1163760.655297698,217142690.4398682345,0.011844673891728,2.455625553471255
1603928789,766059.77789167365,244917485.98520648445,0.006701607849834,2.380639521308481
1604011941,763275.094706048,252219652.0317015936,0.006523923744514,2.3953236143619455
1604099519,767891.094988479,266359820.34314889225,0.006086566915394,2.345843156035722
1604188646,795153.1485211843,281835360.2664791496,0.0060643390852055,2.3882823716997635
1604274374,810597.6088235542,276229644.4203508674,0.006296795557178,2.384196521538485
1604360280,799058.084727488,290020676.7083594272,0.005854623874285,2.36106038457182
1604447819,810878.8710858134,297327708.2656442795,0.005780470701096,2.355049760928534
1604534367,858795.7643704075,315922876.3599348531,0.0057813110989595,2.3630614669637365
1604620772,967052.56797658615,375151417.54034213185,0.005483719678377,2.363683100044734
1604705879,979998.84553277675,383354400.54320486825,0.005397555218121,2.346007916321271
1604793416,957584.11625481555,372120284.4815729529,0.0054129381119865,2.337205886702014
1604878698,1062212.786369033,381084661.9578680994,0.0059429596494975,2.3690281045003845
1604964231,1040932.3536969167834,364377998.94314151204312,0.006122144313216,2.381171601510816
1605052710,1041845.90268752955,360240130.0930421115,0.0060812927333935,2.336372047109969
1605138123,1092500.639850156,382964063.8859903532,0.00601470679229,2.342654666718745
1605225034,1136779.4111894145,403440840.358890633,0.005963532950016,2.35160714445255
1605311642,1146091.6710961603,405153777.2961128218,0.006019250316086,2.364288300125698
1605398264,1136072.29778573881005,401571361.0050886912887,0.006071491405512,2.38456757564712
1605484268,1571846.8552324913,401859662.1723551253,0.0085005128702685,2.41472013472781
1605570671,1641088.92374452450173,433397491.01351524639055,0.0080695346834745,2.367883129369977
1605657321,2090211.339284604,448492820.3104920712,0.01019078102292,2.429574696753
1605741455,2130850.04439200565,443333089.2634737975,0.01044275662891,2.4140702455860875
1605830307,2181991.3520565338,446037930.7854251914,0.0108709827195,2.4691362872838125
1605916526,2525724.4592105382,461615712.9974628844,0.0119095010494525,2.418497639636077
1606002701,2544004.2273757897,461433962.9150263401,0.012262923328548,2.471401098596714
1606089551,2533493.2136900337,455533329.171965618,0.012246920638512,2.446722991422972
1606173001,2854599.510766244,444058639.6190759836,0.0142132735808235,2.4566695368572205
1606262059,4547942.3135829136,486294922.3819354196,0.021784818810843,2.58819045871035
1606348744,4526551.8169296195,469620267.5251692111,0.022209323157033,2.560189726951241
1606434244,4266445.445810938,423733875.7021134342,0.024022430192673,2.650949275615245
1606520712,4397447.65351562983921,391522199.4110048370812,0.0258826412190075,2.5604824154633335
1606604594,4610439.51774962803632,400903975.17261227835972,0.0277976713590045,2.685739841753769
1606694078,4774703.7236231344,413415868.9057450504,0.027447450854215,2.64058541701367
1606780707,5019131.3444819724,446540866.6852874928,0.0270539912755125,2.6743699737068925
1606867165,4949047.1758633686,437781174.43706137305,0.026968198088183,2.650604371714362
1606953265,5471564.38539948461961,436945262.18804452314756,0.0308223545285375,2.7348834506743325
1607039809,5744856.2635522932,437151547.5703686486,0.032402870756802,2.7396421068572595
1607126011,6244665.8660162786,431731433.8442069753,0.035644610601,2.73814113924036
1607212705,7977372.5297975247,475319179.7152568154,0.0424823354378505,2.8124922855863385
1607299095,10382593.89898025508352,467858065.37922968107466,0.0603308697524495,3.0206842381214865
1607385474,10311339.1095523358,462284450.5127178111,0.05958172659369,2.96800610803809
1607471712,10524943.20501019401871,441708899.06554947573405,0.065152499800564,3.038120265407062
1607557954,9950293.61791971855,444047488.2975650395,0.061750566702,3.0619067430072
1607643402,11011758.92409433725,471293863.11246531015,0.063382808583152,3.014144435540452
1607731178,11124717.177508508,456956417.988589504,0.06730120639368,3.07161049424004
1607817188,17514640.14574135785,484262618.021982261,0.101472417582464,3.507016000604648
1607902447,18400191.1192498032,485219747.4643853808,0.1064056987609255,3.5074463323972835
1607984751,18605821.874511885,487703913.78257099525,0.1092965782,3.58116194554272
1608076611,19173666.92971724005,493153189.99748982455,0.111274208448506,3.577512784944754
1608163103,20830169.2274868735,533281303.0611322965,0.112670746590546,3.605659773590644
1608248528,17398171.744990848,587301015.3346433895,0.07772953245267,3.27984414283518
1608335776,16866443.8622244507,601341783.1970129085,0.07239007863075,3.2261675405832
1608421536,17151325.9839062988,697396205.6640182994,0.061037324012965,3.102325607831578
1608507526,16751628.194850644,689987953.81926422955,0.059872047539378,3.082610171299074
1608594101,16185620.7813161099,685570205.8245825235,0.0582641422416045,3.084849242929323
1608678458,12729100.0950218963,701751630.0584618309,0.041828339659301,2.882480426334288
1608767972,12393544.3128171642,693444742.7929555402,0.041316920445705,2.889710219275452
1608853211,13082186.93437305,712024285.5358638538,0.04231611996625,2.87892471658675
1608940295,13263830.428996392,744951826.8304395024,0.040752068838747,2.861006881388887
1609026932,14394698.50882358935,825322014.26815377,0.0400535448040945,2.8705943653037855
1609113335,13722732.4568265834,830532812.6231534391,0.037289322698976,2.8210495086408175
1609199767,13624648.0986276468,848658337.9137790695,0.036033574007904,2.80559475209068
1609286347,10306199.20583084625,857801294.14975056765,0.025279524628452,2.630068632048068
1609372582,9357142.62375603958968,786492191.74368621995877,0.02562614836663,2.69243057422997
1609459036,15889152.9818963635,787381135.34342911875,0.0473982568086435,2.9360039901464725
1609544948,16892635.09197337515,797912242.5653250534,0.05015471949016,2.961280493941959
1609631249,20123101.1749933197,881085261.300232098,0.056138569599645,3.072517610252571
1609717964,22584391.98582173089188,897488942.46573997742592,0.063200040665268,3.139410269674836
1609803613,21357015.7908213396,841354805.9179464894,0.064119798129555,3.157481182512071
1609890913,24743996.8147497177,908419380.00046706655,0.06949740484339,3.189298286818231
1609977236,31567687.4191237062,974739013.7231684728,0.086905452950415,3.354305556819776
1610063977,31650869.6556966584,1023724396.0132198181,0.080302061381446,3.246639830591294
1610149709,40850622.20446107823456,1027186230.22276379206943,0.115837706010296,3.640914451022956
1610235482,39050624.724334729,1103494018.00064449,0.096666665272804,3.41451281740426
1610323006,37721058.8820309608,1053899375.5786267044,0.099837039458376,3.486719247470019
1610409508,33557446.563416967,971826588.1319275503,0.095102848558886,3.442733517767884
1610495726,32876231.18612603126301,966950774.30474995088133,0.093593444673663,3.4409454259185125
1610582334,43159430.548861945,1074805534.38573615075,0.11835203235779,3.684172198821114
1610667800,83798734.372935117,1313688106.522823124,0.220239923133784,4.31579560448272
1610751348,78133837.27449938605,1279151968.13996623955,0.213543544707132,4.369980007217992
1610839316,78679361.5308804765,1239266928.791095128,0.220970769184439,4.350597177017759
1610926603,78365764.4721931356,1255932812.4080994519,0.2195748629404,4.398784292226216
1611014095,79384519.1827119704,1235284570.8753325088,0.2273511438033225,4.4221997401599075
1611100353,83915646.14019281125,1289677022.04180144625,0.233746713027135,4.4904880490722175
1611186529,85987767.492095816,1235268070.812738744,0.261933704120607,4.70355189376002
1611273561,74878310.60180838,1081381223.8687854996,0.25643733958809,4.62928653490029
1611359833,71434955.8165439809,1118837087.15230584135,0.226650566267136,4.437341924021376
1611446283,70457756.2755276403,1108632198.81683550165,0.2276861779125075,4.478219314953123
1611532156,71755015.53281334975,1092944650.058539912,0.234618070926183,4.467014665201424
1611618958,84105323.5006675017,1130693363.908555152,0.285325194206527,4.7948109918161215
1611703350,85202313.74006997825,1105370630.9955535158,0.301181432376104,4.884214630677046
1611790306,93984730.03990552735528,1004937821.48516093714355,0.40672710836514,5.436194982230322
1611877630,101088245.1029836644,1123679604.44897163495,0.3847142532342225,5.345522114594722
1611964436,102897535.2282747194,1152864567.1764330518,0.3731187721414725,5.2255310432314275
1612050935,99335323.7785531136,1137626812.5223610752,0.3561244842313665,5.098095350298444
1612137304,96300897.89809039,1081415728.6005487375,0.379641421108047,5.329002805389124
1612223599,97077010.2452334369,1110385762.16083749225,0.36091359361044,5.16025002664474
1612308497,101062835.1240672528,1179592121.2861252836,0.35108426597304,5.122261727702136
1612394514,108077643.5498977182,1234074708.1222992012,0.365101676675775,5.211100211945914
1612482101,113835477.64257817785,1145469823.18204785615,0.446954350576107,5.621849307094845
1612565633,122660637.46849197,1148198123.01278694,0.4978449841402065,5.8252660365959115
1612655924,129011067.0017274801,1212007662.64133800425,0.496793701408248,5.833974043501173
1612742377,130179732.6567291858,1236742870.6293771696,0.4927344618574725,5.851389270041955
1612828614,154032208.3524540069,1473781251.1109417397,0.47855232835509,5.72349004747338
1612915097,169457253.9229448916,1579767655.7986043892,0.504803647132437,5.882548960911593
1613001473,175101591.9173767659,1513236043.2457459512,0.573805674868179,6.198568924845986
1613085950,185329176.1083062516556,1642881374.99799108348645,0.55115786194524,6.107288428469646
1613173109,181755732.50511523765,1698454497.195351373,0.510918798046456,5.967984600590487
1613259308,188245096.3324259923,1690283693.8789819038,0.5269630771350695,5.914610219346637
1613344801,190525311.35822183192556,1774682638.87088347455348,0.511869848826696,5.95988091729888
1613431587,187831681.4219004634,1762981962.3467651813,0.49937368208154,5.8588811234149725
1613518844,191066015.6105048055,1777279757.40125688165,0.5073099217218795,5.898691950563524
1613605548,202225179.3425918208,1922929533.8363102652,0.489451954593327,5.8176584512654905
1613691846,201609221.2677170282,1979007509.7709573586,0.4553243590672425,5.586862051708925
1613777906,189503937.9485742636,2093385960.0108021984,0.3889774438080975,5.371127959125843
1613863792,188714315.1060279504,2098209678.821265708,0.381918619213482,5.307926315173036
1613951846,196468944.92097630904291,2199118493.86242379245863,0.382325212211052,5.349308800840812
1614038255,185551221.64695558315,2094334575.9663997896,0.37573415997436,5.301184732230618
1614124331,125944590.2202370295,1886696999.799258896,0.24732011164405,4.63118455240715
1614209295,125238188.30220541170105,1919887948.98910068802455,0.231074076771912,4.4279259110097
1614297151,124673256.6345707076,1950949622.9462892348,0.226801752096178,4.436384402771818
1614383504,116018934.2892693676,1846678145.7590513318,0.223100120310669,4.438867230661314
1614470161,116986529.13740699285,1830450544.672629004,0.227362348020457,4.4468317951122455
1614556740,118232350.689094927,1857363365.342143509,0.2263915797118,4.4456046054104
1614642616,132970649.4045368038,2057480013.1826354922,0.2284156562465505,4.4178983240068495
1614728423,132103879.3654294365,1990870298.06510805855,0.240913355792745,4.538353139316325
1614815412,142166962.24880185,2168960754.8607590868,0.233605892156675,4.454990845459895
1614901591,136587255.4515202274,2099858176.20672967445,0.231374752347193,4.446371696692807
1614988627,136712142.19320892375,2112208958.68323172375,0.2324696036832405,4.4895827427391035
1615074699,135740952.21759603965,2067061799.678516676,0.2374808248753255,4.520444393983343
1615161142,147860478.28794657116744,1872778234.94918569252196,0.309719962204075,4.903582172151917
1615247441,146396296.1929044296,1942547537.17352898945,0.288486634179935,4.7849485882943105
1615334095,155712551.47666799775,2122377153.0831760245,0.275915404237385,4.700942094710444
1615420539,157886560.86258280665,2170185298.360076271,0.276882980928372,4.7572713854757
1615506665,161031970.2344152254,2284107643.2446867868,0.25866325274328,4.58616006121845
1615592956,158957288.9065073237,2441443973.7694253208,0.2305941771460545,4.427154365324817
1615679635,163256124.1401304409,2694604306.9898918589,0.208791816948,4.30773525700375
1615765139,160292776.266531844,2682149985.90790814875,0.2091228406059975,4.3740182565417065
1615852747,147432753.16869369085,2507799940.22032650415,0.198695213138867,4.224704424725565
1615937965,145921999.684245004,2644098740.0472898792,0.183969466689421,4.166895981889746
1616023666,165484801.2781848324,2774559105.5936244786,0.203111055137088,4.25676273062283
1616109655,161548567.04707192425,2755277998.3123251695,0.197701719063189,4.2148563008506635
1616198011,33556811.6925837664,2125729897.73608952415,0.035174438672742,2.785252532653452
1616280300,33413143.2003672928,2051519403.7203789356,0.0364042534357535,2.793961648973841
1616369026,23684024.14603504353555,1924333391.5431908465859,0.026315731877283,2.672700451302258
1616456893,22129956.68781165875,1791766658.55728920625,0.026333235542292,2.665109899658904
1616540196,19490373.24403039,1541410968.694833284,0.027121855486109,2.681190671500114
1616629716,17862289.90422475236128,1485890581.60621010381477,0.025649466378636,2.667092282795644
1616710336,17494530.54996722725,1475792288.67378004905,0.0253598505776525,2.674112332314709
1616803146,18240993.68981035375,1516748116.48977283525,0.025807925147235,2.682428014461965
1616887527,18084946.38940060245,1550366486.36339765985,0.024711769158144,2.6480793644422035
1616975870,17676591.389453277,1426142470.0760146452,0.0265103647412875,2.673561046646472
1617061773,18648577.1684242167,1211504503.3638358932,0.034197247630854,2.777029530661971
1617148459,18957653.28379768992258,1227499174.26733318199625,0.0345067960336575,2.792873613433575
1617228559,18927301.0143533652,1080024012.0786181008,0.039993744382424,2.852638908633385
1617315238,18876637.5974186482,1078061496.9519643295,0.03979248028956,2.84072975285112
1617407596,13074212.68088728225,1069146025.88625648075,0.02632092817197,2.690498123359242
1617494252,6247548.6229052906,998794879.77754306695,0.012368347782932,2.471657913868666
1617580760,6301955.09523687785,1002654980.694907804,0.0126051019243,2.506874439518882
1617663573,6607908.92892580943363,1004663233.77615974834081,0.013098897917794,2.489437541907706
1617752715,6446565.7413441491,974805193.5573801635,0.0130981978542545,2.475773890563428
1617839284,6219805.8668146,937077238.73364095,0.013260084703474,2.497208883595556
1617914114,6387183.52301694295211,961391894.08065325004826,0.01316610662354,2.47718502051954
1618012525,6324510.1735133377,964727417.6019334702,0.012868257491897,2.453621014723847
1618096475,6477620.3568504307,987803227.21944969205,0.013226336538338,2.5211839417595655
1618184904,6460537.9502008926,977424180.2219381949,0.0131997618190515,2.4962639428545435
1618271006,6500715.9072598419,990883078.3302680937,0.012998575245216,2.476663439864062
1618352527,6915127.0342379172,1048355106.1709223219,0.0130695070631265,2.4767231834498305
1618444521,5974687.5577304147,1037854332.5498184059,0.0112235889732785,2.4370417662486805
1618523113,6000037.31348209969038,695725035.33880878714099,0.0178847384884135,2.5922464415580425
1618616026,5740996.10512578525,669543552.49228295415,0.017756584739028,2.588576677648236
1618700325,5690537.015398671,661860079.96784112475,0.0173547091384425,2.5231338337177315
1618788781,3714753.6627716352,581782282.799387584,0.012577721033492,2.462308384556228
1618876704,3737116.2859770696,570670630.49110515555,0.012884704073325,2.459423824062525
1618961919,3742239.71371628,574392253.44143846,0.0132121914638625,2.5349058902615895
1619048326,3751893.03761793225,537307411.47466885925,0.013888829367931,2.486268542227162
1619133731,3598504.809527178,492989320.83154188975,0.014603345487654,2.50079331722556
1619219983,3060559.7125284496,455830274.284545514,0.0133614222049335,2.4875109981932915
1619308375,3056372.57765803915,431498561.7757569848,0.014349130031862,2.5322620458970925
1619392999,2569217.3652374892,416529692.3448148076,0.0121758617456325,2.4674868086184975
1619479165,2789181.6835324545,459027418.19249308565,0.011984927915144,2.465512796157756
1619563921,2843922.6405109513,466659486.2959333388,0.012098992959048,2.4816558755015385
1619648843,2840734.78366098375,464582424.40239920625,0.011972275742097,2.4474780818404125
1619740152,1070294.713472128,441459172.3242806528,0.0045302520533015,2.3357132927467035
1619824946,1132420.42870365575,393692558.65538987025,0.005403198476259,2.348066755220925
1619909802,1143296.5522781651,395623461.0038999133,0.00545045226153,2.357575946627976
1619999562,1127844.88098168275,385427826.6481969179,0.00544553587943,2.326185456117543
1620085704,1111025.22493037495,375593538.36951595735,0.0055802280879975,2.358067037403238
1620169858,1059307.246137687,345416562.64787489975,0.005717672330427,2.330507431904607
1620258556,1104032.1602401112,350958058.1865174488,0,2.3716825455969305
1620345408,1092513.989600649,343912795.533437256,0,2.3570904718728
1620424337,1121895.7874696916,350817545.9152264848,0,2.327968839762601
1620516929,1154023.26312,358166537.940365,0,2.3626199851295295
1620598259,1115751.6707397452,345686434.5484022872,0,2.3449721447598
1620663625,1108746.44410030820579,343439199.74305907420169,0,2.356644847158069
1620714158,1057891.6020598016,327586664.4708876848,0,2.343573207042498
1620862256,998248.70510673605,303847299.36074120095,0,2.327959927448685
1620947348,961142.6447694994,281581512.810229414,0,2.408125262009692
1621028626,857147.3805022752,277144434.4080314517,0,2.3437143887371025
1621122279,512332.6291701309,235836438.77722668705,0,2.332896447044277
1621203634,314205.5680966928,212539022.35700972805,0,2.2682323249383875
1621278811,300139.62934968915,201342282.29637022515,0,2.327922940442325
1621377758,144005.2299517026,201108102.3250194012,0,2.272024442254866
1621465332,104221.2574081073,171763392.7152986669,0,2.27044592714016
1621545940,89426.10811550685,176049131.56162189545,0,2.262917640481806
1621640306,82016.41594672,158321668.3211446513,0,2.23841175865895
1621727213,37370.94466838555,157703278.21060124725,0,2.260074840817929
1621810081,33649.910988232,139674053.01315984,0,2.2494050127034475
1621892800,38824.447337547,157466581.0853097123,0,2.273640725719314
1621987148,37945.5816471981,152060345.7346904438,0,2.246557304477486
1622024603,39381.9102621675,156939935.2281235619,0,2.280410988514029
1622153967,37943.2825133788,150350404.2732490281,0,2.225739652287941
1622237188,34299.398315055,134689830.1428415065,0,2.240105899839705
1622331510,33958.9962717907,133315550.6743316299,0,2.2714774774447665
1622415387,34808.5478232603,135552772.30934000025,0,2.25063381947932
1622473141,36014.815351856,140139419.053437452,0,2.216133358630906
1622587700,35613.5470780535,138638781.424258333,0,2.25865366979292
1622675711,37140.953927155,145033630.8021355599,0,2.281979940640488
1622737565,37842.1797499564,147631970.845670987,0,2.2317962969126095
1622837883,35973.52265538106227,140293822.06719167729296,0,2.321726466735526
1622905854,34484.6183771243,134346052.1343826741,0,2.2283225287462935
1623023593,34500.1937429226,133460306.8056211184,0,2.2792735590662895
1623104562,32732.6620273801,126509327.72894602375,0,2.233619110090044
1623188795,32397.067709682,126176047.52416881825,0,2.2513296652832565
1623279369,35490.2829673338,137331104.3120727614,0,2.22036321523471
1623364520,34112.8251423886,136184120.0766049327,0,2.285274396831633
1623454482,34806.8318096499,136880431.4634032133,0,2.24462387996882
1623532374,33506.0168602813,131707809.7689542613,0,2.2191838027826665
1623628041,34807.2503257908,137404104.942957216,0,2.2456371425403835
1623713712,37478.16954009701094,147917522.96381313410694,0,2.2804928064029925
1623756790,36916.4555654234,145795589.5746606592,0,2.2644543416314825
1623878659,35509.9667726588,140150270.93188294445,0,2.228908847820185
1623973036,35414.36121627005,139230737.16470428195,0,2.252294061668325
1624053658,33011.53498352623576,128433593.06848795978833,0,2.217179337998895
1624146783,32394.0607098947,127390014.142259743,0,2.241138185221425
1624233078,31482.2251645962,122740016.45056615575,0,2.249576996900184
1624312067,28667.766773607,111693309.4828034809,0,2.228320746227658
1624397779,29539.56175362554116,113954186.35892188119786,0,2.247576911704072
1624489359,30367.8052239036,117140748.9327581787,0,2.23468046498295
1624549325,31175.02088626996224,119684683.89895089752064,0,2.20927545435927
1624663657,28542.61824180367632,108856203.00470507742648,0,2.21002945316183
1624751363,28474.8403127567242,110332833.1914889836875,0,2.230110254629145
1624837511,30713.82315233566243,118828398.71269570108731,0,2.226637490735728
1624899951,30783.08059252753152,119051662.9019693034048,0,2.2276864043221095
1625010815,31898.8518904799087,123521261.2855863061756,0,2.225584274990305
1625027539,31284.9250535814,121142560.4551993404,0,2.2360413097010775
1625182047,29654.66906975698818,114616837.3348463826669,0,2.2381486814733145
1625264949,29706.90219386714734,114777177.90174829648897,0,2.264991497467425
1625336937,30876.23890792622387,119267569.81807052263364,0,2.225953918418835
1625442494,29904.56076114110838,121422683.71658639701136,0,2.243309406321825
1625486624,28236.52982217859392,114634643.48047421296424,0,2.24784103444845
1625589734,28622.71956149082375,116190407.30732778796464,0,2.22728023828464
1625678862,29200.0618339644,118522718.374810296,0,2.242963643808082
1625755947,27570.61087332071166,111730156.94075146718086,0,2.2112628588866025
1625858005,28199.48512747541834,114228777.30582166882598,0,2.2196305356016275
1625998205,28499.3553606983256,103376341.7339453550771,0,2.204195508678124
1626118722,27821.23582724,100907652.32504568,0,2.241153730024582
1626292881,27698.00117892473475,100140715.47213574458575,0,2.200389931162074
1626361630,26909.13146869619987,97283867.14194125763835,0,2.22444788024723
1626439643,26478.57487322096608,95419915.06551353908064,0,2.1976302118159455
1626535497,26660.33283684483604,94262140.22976241856394,0,2.1929228979999535
1626610989,26846.5621019936095,94842009.8426576788737,0,2.214549506636361
1626815252,25261.6024125,88815644.699406375,0,2.2372598305324
1626857392,26069.8724560896,91592629.826715648,0,2.21773925541168
1626915147,27147.20386544481224,95483720.1746017728912,0,2.244229970746654
1627073555,27396.5538330812321,94196916.70009277894615,0,2.2350320478311865
1627124749,28645.96376920311673,98438419.08172633720291,0,2.20574370791775
1627241236,29078.40010092924516,99744992.83292951663576,0,2.225638874965961
1627307280,32287.49805660831387,110453508.22818776470593,0,2.227408714032609
1627382479,31616.15583554500149,108038446.64819395901019,0,2.175456668303636
1627599598,33038.12193571767904,114710786.08258169394208,0,2.208783722082711
1627662450,32443.52185739313984,112639423.58636304250896,0,2.1875124583797255
1627734865,34570.94363810366904,119539208.13198161147532,0,2.2021969979984625
1627855251,34143.381489020805,118038930.61550672997,0,2.225912056377867
1627877864,33054.97841624566674,114272860.94018375543991,0,2.2133582287505205
1628069377,31314.17818714811542,108220614.26160537805548,0,2.1952275089933375
1628293766,35494.51533474174975,122221092.8798785047339,0,2.25280263264187
1628295543,35573.91628218774488,122323710.58756380117944,0,2.253513674333601
1628414177,37161.7663144782531,127772399.21376363295668,0,2.2322418034650145
1628523881,38136.68580956893344,130362457.28821273206288,0,2.258453858700962
1628615158,37237.41630933432936,127187261.329316285816,0,2.293336005389472
1628666895,38232.33645116730632,131409944.097788833276,0,2.24654292446941
1628868756,38201.6875171411116,129433036.45765688714142,0,2.268306217478472
1628971998,38732.16511566167856,131082720.67160478584208,0,2.271107482563832
1629021279,38094.06982749771535,128551468.64900365775035,0,2.246722995669401
1629141400,38417.90364049157278,129150660.23582693039608,0,2.2561775304172815
1629244344,37094.0691635913,124664042.0742404835,0,2.272572528870456
1629300902,37465.61423180928448,125885462.89348067532988,0,2.253392444178148
1629396102,37834.0941382373606,127068163.52340723854622,0,2.2840884660550485
1629474906,40092.4582339963008,134140231.22464309018722,0,2.2032113072274185
1629526496,40338.067465307573,134956749.932886112138,0,2.320400088099757
1629626998,40727.80839118361534,136207899.43053383503402,0,2.2311175287479085
1629737813,40896.88287021930284,136555551.69476489563463,0,2.2227626646173715
1629927942,40246.1673590104182,134120341.51593242152158,0,2.1927868458409155
1630073275,39293.75839792425984,130875826.90664273575488,0,2.2116263477241875
1630176396,40492.82211062791768,134827655.27452477216684,0,2.2702248637879695
1630235515,40156.52409801049864,132844135.71459728295136,0,2.251107135138708
1630294036,39994.35092798845218,132301094.24777468101721,0,2.26157141510835
1630426486,39215.8306529425018,129703041.44614272493785,0,2.242040793105378
1630529219,39890.0274666,131921397.9744612,0,2.2430880511244675
1630658704,40761.99718261342706,134789940.35412507034406,0,2.245181946769993
1630935604,42249.9860690872713,139293988.74450573598942,0,2.227423258796721
1630975335,43314.65815559259132,142692132.0365974576471,0,2.25568386325364
1631147814,37911.16856876747688,124871564.51937153110232,0,2.240338304444703
1631289482,37401.45939033085582,122690603.5970534211292,0,2.2323571198432
1631334016,37315.09144485739162,122308094.22024897977546,0,2.2668972192857705
1631466208,37630.0831025186772,123790017.78426557760414,0,2.264418209972802
1631968605,39851.19392394806218,131048773.79923356926696,0,2.227448956625882
1632033887,39342.6505973746,129368090.355457461,0,2.263027412686396
1632141131,35550.4230592356743,116889392.00708161800675,0,2.2375656413018425
1632205750,34951.29813655425792,114880153.40264169415296,0,2.2612876837590375
1632318363,34806.9782136295,114391584.8453573089,0,2.230245500206657
1632388060,36035.9584305,118404945.02300975,0,2.2473390402245945
1632588942,35042.3738346675,115077801.974892025,0,2.26304074212344
1632630015,34679.1502874478711,113881312.69860080177295,0,2.2752492173152005
1632832725,34513.18861864335488,113317176.07693771924064,0,2.246997804776688
1633290079,40124.13860087816034,131688186.77913801675278,0,2.2271198972986775
1633306926,39562.73959719024654,129841560.50564298246282,0,2.22537619088653
1633430006,41266.02003856557112,135398343.81456057047098,0,2.262003236111315
1633533763,44591.67835356402432,146045584.30133203050816,0,2.210049355307904
1633685405,39755.24612443886715,149278185.30465249093015,0,2.223406819165035
1633854165,39867.3414461549682,149680251.79578131349234,0,2.2167844189979875
1633962909,41053.2729635466392,151318591.7999528979252,0,2.2239202420590885
1634014123,40849.47907159397462,150559382.03121502362756,0,2.2197371429752405
1634213341,37355.63664967671448,152347966.0978308698688,0,2.184023736970899
1634475404,39391.93671462393498,160622330.27586164566597,0,2.22932973938798
1634596650,40005.72929609032029,163089811.87148744925319,0,2.19204238416033
1634674715,41224.78924600920285,168110012.18124613442136,0,2.240829318152405
1634889341,40627.25829804700964,165641877.24593290097382,0,2.2446643319670825
1635113120,39288.71406409172432,159535271.3816092703032,0,2.2175145278912115
1635142169,39903.73408823834805,162028554.17311974980013,0,2.223090754787159
1635261119,39981.9869098542494,162321557.23933864075676,0,2.219955482143945
1635688243,38870.59579014952494,157702512.85614055527154,0,2.2056723969701785
1635950238,39942.51457113469914,161965156.57049255109954,0,2.1882515447373945
1636061068,39558.0470977008,160389877.420970424,0,2.222057182659624
1636086191,40104.67246176689584,162601996.68417949548876,0,2.214390319458651
1636297390,39908.4322587350494,161441865.82168814352534,0,2.21998475103587
1636616342,41881.2152828566443,169285521.74617415883966,0,2.218597320887604
1636783057,41084.08988186356541,166040642.14294416959081,0,2.232538745026238
1637030683,39953.363172982,158871948.508472854,0,2.19259229122656
1637275285,36984.13630181372138,141269736.67085600374734,0,2.24347279453237
1637502194,38235.72166384139195,145994190.08987040503341,0,2.187005816904038
1637685271,37116.415564305,141692457.259099857,0,2.197464975889808
1637779414,36732.16992188837016,140055981.82585863487084,0,2.212115873406423
1637941594,35266.62058950818305,134442786.43576082260804,0,2.197476941342
1638272744,37052.69777755323544,141218916.66918313124392,0,2.13856808990355
1638569940,34636.41786406,131852294.26962441,0,2.1838942913578875
1638626066,30580.90017706151284,116390367.8882556735065,0,2.158449184972368
1638704559,31951.58339597441772,121585212.31278130772403,0,2.210390170443163
1639042799,31843.37655765223857,121100820.49701091552139,0,2.177279508473514
1639138672,31646.51416589475291,120331763.09377133893161,0,2.228174805976844
1639309094,31581.48813915955734,120069511.82849903828832,0,2.240376483892193
1639451705,30344.09299988815488,112233437.60348153749008,0,2.2873366431488925
1639590868,30478.66965920520736,112716720.6902051731489,0,2.24480540389458
1639693591,30947.77940984610978,114230727.64438620412617,0,2.23889614072735
1639830391,30453.40065510311704,112347050.66149058476168,0,2.2796905565171205
1640055795,30366.46971296226532,112008150.72612052080848,0,2.2727194500950145
1640529003,32251.66676025551708,118918713.50860608291338,0,2.24169465105624
1640891374,30408.57634193712336,114029640.01853772233648,0,2.236662722688608
1640968197,30485.84711062411484,114313129.06829345861592,0,2.18925264300024
1641461671,27374.64523028727184,96216315.35946245202304,0,2.230281223920204
1641565994,26589.89052487795325,85094165.32799002864002,0,2.238881211551078
1642165062,26889.9634798,86016242.7960388,0,2.152721173671651
1642290014,27562.05771914425137,87985405.74606147030111,0,2.257047258769705
1642513146,26488.55601884631699,67907409.85297702362384,0,2.252281391417631
1642808747,23338.3684103658231,59519125.09778256904778,0,2.2348867739735745
1642863185,22635.0615779089776,57570648.2326012179663,0,2.280674823958585
1642923057,22696.1188581666,57723462.1809104231,0,2.2481941078048465
1643033474,21225.88750738,53969347.34504858,0,2.232131667781708
1643179888,23926.23096763235,60820712.54476967785,0,2.283476329163064
1643294259,23572.91010620227704,59908516.2943994233122,0,2.243663501586716
1643404559,24056.39678057855077,61112609.53314461228946,0,2.267767951074367
1643456301,24083.263062496,61176333.066099328,0,2.2719600935173875
1643577138,24044.90602143116514,61029045.05433391314624,0,2.2789562049709875
1643667153,24498.57240738,62173003.21597872,0,2.2684798437169875
1643842078,23713.05354677823762,60111058.18818662394696,0,2.255571982782624
1644072109,26500.2325411817928,67164602.5792660547904,0,2.2251879603624765
1644235795,27237.8657347355,69000432.31528955248,0,2.14451311052281
1644499178,28700.47650847741476,72690887.77596199323168,0,2.239167727355268
1644622560,26915.20304336322696,66053447.19771163980096,0,2.323776009232348
1644680144,26819.54635253755872,64759674.88014980489488,0,2.256576501585117
1644768091,27225.5716734395607,64879901.97073691257834,0,2.2770245822999325
1644931541,28226.05904406596418,67253570.0352823852578,0,2.25711111532005
1645022665,27864.7203745531322,66375042.05369461334032,0,2.261307606543416
1645471422,24198.7789514744,57532452.1850702848,0,2.274262368561105
1645542240,24256.13230744767292,56715864.11829206386944,0,2.24374906749924
1645651541,24060.53872588956226,55710604.52472907231658,0,2.258565767241646
1645697769,20120.37055478994961,52438300.98772522747502,0,2.252760879738165
1645880046,22095.6699266940518,57530752.56012512469595,0,2.234264944228387
1645924737,21803.2219744351,56474821.8684560893,0,2.26017357229644
1646086006,23612.97400875823712,61129273.78947855301856,0,2.2654189409274605
1646253362,24829.76506736554544,64261866.11331323106925,0,2.266470130094005
1646327862,24111.8343188352,62394060.6714845952,0,2.238184901766697
1646403237,22013.59054189645581,60819900.51301847130018,0,2.281008393486801
1646513435,20958.53171998014486,57741613.19975185539336,0,2.285930356600248
1646648147,20314.80232138708458,55962312.03483852802416,0,2.22030011966082
1646731241,20609.22503680625428,56769877.992004899227,0,2.2799976247840155
1646803950,22110.33193050070836,60899175.112664956167,0,2.2604489297068
1646901341,20788.82647864337213,57254134.678897289413,0,2.2862837444848095
1647069490,20808.03374165175264,57300204.620414023254,0,2.22658834751343
1647186227,20768.20302799962492,57185073.63810577899984,0,2.219607396747499
1647254637,20829.51804979119471,57351035.95586890953372,0,2.230779346988625
1647346037,20548.40168922,56566268.90796138,0,2.247538671475176
1647424360,21518.09041737303267,59231956.37811043458603,0,2.253125111942999
1647485746,21868.8217456226,60194415.4156984611,0,2.215422339857525
1647582996,21708.12706144115456,59746348.46047120730048,0,2.230784130172005
1647723039,22489.504765952,61866751.1043321856,0,2.282806827381405
1647771219,22217.93564445,61117556.76835263,0,2.2342814561408
1648125195,22862.450732506,62600182.3204006095,0,2.231544204650028
1648630582,25245.013103269,69085241.551859246,0,2.2765869614933955
1649222339,24144.0783650869304,66040196.14302754258896,0,2.2409830346632855
1649725686,20314.17346276953495,57512004.02765262698265,0,2.20322245872534
1650015214,20651.3221721,58442117.19364155,0,2.2315006239002355
1650172329,20737.98440188172325,58676744.83032077826033,0,2.342152882567245
1650397567,21306.9772377,60264659.55701646,0,2.236044715963458
1650569599,21353.50007853684303,60349570.42417858310313,0,2.233261308234677
1650611827,20946.2052803304,59194094.55842619,0,2.216856526674348
1650820309,20342.48137743528,57085224.2821548366,0,2.212400413777542
1651614456,19469.7144758116,54596150.8213018352,0,2.224975496943551
1651926055,18574.7234780267,52074633.8134968088,0,2.19076921777686
1652010048,17893.7805821068833,50156079.8989301619876,0,2.170874347901721
1652119912,16079.80267626950932,45060689.70367673847424,0,2.1590086631219975
1652225228,16015.75138197585,44829662.28719690355,0,2.169843042232488
1652304517,14491.1003161836,40402034.1940014808,0,2.214570783115548
1652390772,14565.070924395,40424797.278906185,0,2.1643551522315
1652464914,15257.010926976,42343049.3589170704,0,2.2219555439573175
1652567125,15053.53018645827,42536209.20963516453,0,2.220347539113532
1652706747,15202.4540678345022,42952406.77686312658596,0,2.208131811107621
1652755003,15172.45696995068558,42844128.55299659291769,0,2.203600404871577
1652882033,14882.41708209714756,42020928.49327820550802,0,2.1994128642597155
1653127857,14837.27434998442309,41886219.71095634474571,0,2.1177352771364565
1653496029,14991.11357145285,41885151.28837016265,0,2.138446030767105
1653555654,14694.5054891019,41054768.9092412487,0,2.1325121788525965
1653612945,14730.8356317342,41154678.9001951686,0,2.120294915214415
1653754725,14697.03313252944,32265772.02901852032,0,2.1999044304554345
1653807859,14702.2553927751,32275079.9888350168,0,2.187670127291208
1654012886,16273.67921633455344,35708948.99564048796096,0,2.120557110795585
1654098378,15629.48555345255148,34292663.68071592062984,0,2.11846076824251
1654180617,15121.9441709076,33175101.9023325564,0,2.1614609662095375
1654316612,14976.04970442888,32851243.83618671888,0,2.233476442653048
1654402456,15074.66689948902,33065638.92467179266,0,2.006948396387417
1654495525,15794.160708048,34606369.738652816,0,2.0342305349727515
1654792951,15349.8221159959,33624002.1560263226,0,2.02304740374477
1654905348,14742.5738065956,32291455.1709271452,0,2.03947889790507
1654973032,14530.96744483940798,31614137.04160461947351,0,2.03467712683218
1655077915,13558.6415202908955,29496694.28900955856725,0,2.057052537844586
1655162927,11213.4582407316,23713233.706725864,0,2.0417170834731815
1655190944,11324.451831,23886694.9813723,0,2.005736936783424
1655335282,10269.67724644928362,24109532.66841636590332,0,2.0389014120817875
1655379876,9590.57271700997865,22514104.97954637455855,0,2.018984762030418
1655509455,9288.86794395544312,21803470.8374108831181,0,2.052181661052691
1655585740,8022.7111319245776,18128542.7173977258582,0,2.090776914770616
1655669609,9114.0207616759,20797634.4498791351,0,2.010260678895176
1655711487,8947.0959972345,20397981.594355317,0,2.010272578117972
1655771700,9181.0458708795,20930369.0001988752,0,2.0616483909563885
1655895094,9178.60414322375,20922988.683339234,0,1.893893695381692
1655968682,9245.03796831692,21064815.16032208392,0,1.849513737614634
1656141145,9622.31449119841615,21921972.6719058345878,0,1.8925026837622125
1656260721,9592.44539958,21852121.11977079,0,1.873980576302107
1656367515,9363.184435662,21328202.68348536,0,1.882369348536838
1656743917,8661.25272929118855,19724439.6190927296452,0,2.265417301961646
1656875458,8565.63586393221015,19678710.79812463125795,0,2.267734915136943
1656919900,8540.13019684482334,19619096.09283974260812,0,2.228944075994913
1657017288,8817.15542020125046,20253697.41621136503476,0,2.2320906189085815
1657176016,9053.2630715,15717796.0515177,0,2.263310108159394
1657289123,9373.893439743,16466992.849174084,0,2.268337868290463
1657374113,9477.2552384427,16646911.90323463914,0,2.276393445104823
1657434823,9311.0395759671,16528480.0240186632,0,2.2936993807436295
1657653905,8477.34377850085176,15044838.00738871734936,0,2.26184219451205
1657699423,8594.1939130838,15251572.8372201458,0,2.224729149141672
1657792304,8623.38731521017463,15301413.91025156937376,0,2.2726994415506375
1657856944,8940.01209673131264,15862451.53320359524288,0,2.2828541730728
1657961214,8967.52880404199051,15909888.77297817860252,0,2.26885057230384
1658042855,9445.2852579978,16756489.563737643,0,2.268501585622822
1658301174,10379.2502065653819,18409239.20501750994785,0,2.2671053066200875
1658572679,9899.07986342448108,17554164.80724818261649,0,2.266758838846008
1658639611,9773.6126049162,17330754.1647056168,0,2.231396421385077
1658839862,9165.4503200641,16247943.0532450632,0,2.2293006268163205
1658951520,9987.54280521,17703770.11272874,0,2.252060924801568
1658980033,9932.86020649294632,17918864.33707729500492,0,2.2580363113596
1659206538,10518.95457912002409,18972749.04159354822504,0,2.241935792606816
1659785518,9959.9979400685,17957046.37549888,0,2.234941772012208
1659851185,9862.58673992696279,17780529.03937915625384,0,2.228641158792207
1659963963,10365.56232741116892,18673651.35996128693073,0,2.18559366566172
1660244086,10387.9366415027773,18709610.92131196449796,0,2.189448779944528
1660337355,10383.4250266334916,18698962.95147522964914,0,2.2304114968242575
1660433701,10490.9722106266,18891249.0862136217,0,2.2265618668065
1660474660,10590.8208619861246,19069358.38892931187214,0,2.2269135604186585
1660694182,10265.710828944,18481131.5769290055,0,2.2339181495796525
1660765288,9999.368300565,18000661.770174048,0,2.20381147275516
1660893026,9469.6474813999,17042680.951058128,0,2.2353241847537825
1660994617,9131.149191376,16432217.147284598,0,2.2192214432878005
1661124509,9231.9955866096,16712124.58675990208,0,2.2485205048636245
1661273495,9138.11938910704568,16521613.462571676912,0,2.242591810935301
1661372088,9291.4908742940375,16796987.11141233680625,0,2.187981865725
1661550541,8832.554703149,15965233.079394735,0,2.18938451754915
1661576441,8619.3524126501,15579458.5460135127,0,2.160328540457373
1661646772,8571.0095602152,15491248.1358888256,0,2.205139429767802
1661755421,8454.060375054,15278608.2231458208,0,2.2114423208434125
1662549690,8023.0602051948,12950026.56664102905,0,2.168025063812094
1662831087,9029.66002891712462,14754780.19830980299237,0,2.091752124683535
1662901738,9131.421712548,14920183.9530538968,0,2.10927210226852
1663443035,8482.3682119746,13852289.7674498538,0,2.498202992301085
1663692215,8003.023303344641,10293698.05459671538335,0,2.50594829415419
1664363843,7944.2661994476682,10212642.3677209025677,0,2.50771969242375
1664617739,8127.97893223943,10446646.7068044006244,0,2.5136963788263885
1664744351,8093.920907364,10401520.7787959504,0,2.5200220939012875
1664997275,8365.9399295576,10971083.5230949264,0,2.505049711557543
1665031379,8351.8267735007139,10988756.00656675400814,0,2.5158426451091475
1665238463,8001.92957291645974,10522069.6449249962178,0,2.5179660786284935
1665505379,7866.64945233695205,10341949.45543718803335,0,2.518323263774714
1665573611,7862.8283994382,10334577.9187409351925,0,2.516222771008849
1665920495,7857.7158755021,10324810.7655289512,0,2.512017415286932
1666805939,8545.8660395901,11217984.3680399352,0,2.516960773569536
1666841675,8496.989879872,11153344.758171096,0,2.515557423186486
1667058359,8590.84349856124128,11283442.9713143847456,0,2.508166390996002
1667256347,8388.89427082907289,11015610.43270583245249,0,2.51098202316435
1667333183,8394.89416436884219,11031353.98979032315279,0,2.5116643305787435
1667619167,8776.9020618452979,11456590.9004719086798,0,2.51571217687695
1667726615,8389.09563158520387,11400227.32413020645988,0,2.51249291411133
1668030179,6294.7815736392,6075397.5133649688,0,2.5131153779957645
1668042947,6414.9994909245884,6191067.00430639246309,0,2.516290215357792
1668193991,6629.99436264233588,6396272.07700152379552,0,2.520886345184453
1668292211,6629.74404479527854,6395320.38735929354064,0,2.52758846183925
1668374567,6452.28583533642544,2879998.90663921494116,0,2.569653519692383
1668452759,6556.5140838729,2905459.1654883214,0,2.572723597004964
1668545471,6607.26564951632876,2931667.6616824023623,0,2.563653795152986
1668654059,6542.95078244523332,2899296.48563616870768,0,2.5633980621821
1669001867,6274.43740637332924,2629114.8712600991733,0,2.574316621001216
1669210835,6500.23448198208252,2720682.84877876600498,0,2.5683032715669475
1669306775,6556.10682240476667,2685064.53490545215001,0,2.5657866150795285
1669394915,6499.53861509901326,2598197.46435252079118,0,2.570345029012824
1669718795,6461.6190242956,2540899.4336746702,0,2.5764131814715185
1669898291,6698.726176306,2633159.395837522,0,2.5757261284440345
1670264651,6681.2503411979,2625504.3434272705,0,2.564596509653185
1671176819,6832.9196060318232,2683039.51439482169576,0,2.581802909015235
1671340607,6579.153437395,2583048.626146492,0,2.580013165722013
1672074287,6606.8563281175,2592358.019912297,0,2.58295438194627
1672873871,6608.44816224894108,2590101.93759892873352,0,2.585583575353482
1673009015,6568.7514344223125,2576856.793622968613,0,2.581892993764926
1673253083,6749.31269525759316,2644714.3508296099036,0,2.587768122958005
1674063983,8228.71841302994,3218542.915901527235,0,2.585778905458408
1674800471,9054.0786214818,3537433.1481526954,0,2.580116209756408
1675137143,8990.8708862698092,3509588.4118403178669,0,2.584528524275712
1675247519,9036.6383214562,3526742.666101739,0,2.582384380407655
1675419779,8937.4688469195,3593059.5282856075,0,2.565903975301056
1675561595,8890.2527882571426,3573187.97185250213355,0,2.577452708493644
1675886771,8727.870759957,3500445.6140904215,0,2.5628821892972325
1676330291,8273.598882544,3316831.669626652,0,2.5773302529901575
1676589395,9196.2389183489957,3685931.8391992575085,0,2.579511178926528
1676653103,9196.5441167041338,3685863.5787567118265,0,2.5535803340561775
1676712407,9393.99435766050636,3764799.3547248478116,0,2.56042935554915
1677102743,9088.774086582645,3641322.600373868475,0,2.5575767974934
