timestamp  ,date       ,total               ,ethereumV1             ,ethereumV2          ,avaxV2               ,avaxV3                ,polygonV2            ,polygonV3            ,arbitrumV3           ,optimismV3              ,fantomV3              ,harmonyV3
1647734400 ,20/03/2022 , 69172.22434543142  ,2.6821671894953036     , 36353.547671089225 ,22947.874703572244   ,    5.316739974059626 , 9799.270543013046   ,  41.191968789909566 ,  10.357051979200216 ,    0.1635690988325593  , 11.21333853412494    ,   0.6065921912797694
1647820800 ,21/03/2022 , 64649.36589945305  ,0.36241724792815777    , 35525.41317407299  ,22552.66867072023    ,    5.326323370772498 , 6507.039618865201   ,  34.43148236843399  ,  13.190378577628074 ,    0.266820913886674   ,  9.720997705588193   ,   0.9460156103790023
1647907200 ,22/03/2022 , 65439.65223886167  ,0.29028978209874257    , 38581.454264190645 ,22488.2027268904     ,    4.873705920205468 , 4302.8336891070085  ,  36.3567444580229   ,  11.54868956586223  ,    0.5894528448703584  , 12.675114461246375   ,   0.827561641310594
1647993600 ,23/03/2022 , 68035.4216662638   ,0.20418314809469537    , 41745.30617075037  ,22063.05960833656    ,    7.493158059285136 , 4151.898608046288   ,  37.849418651493444 ,  14.703821841137646 ,    0.27116008027614147 , 13.661260549734461   ,   0.9742768005676548
1648080000 ,24/03/2022 , 71986.21403475653  ,0                      , 45785.09257015967  ,21947.586180040453   ,   18.58966016058338  , 4103.5786053472     ,  46.45137280927348  ,  69.70446888698339  ,    1.0827327009664458  , 11.941517948816415   ,   2.186926702603956
1648166400 ,25/03/2022 , 74059.06664174129  ,0                      , 47108.76985397523  ,22591.88126645973    ,   14.211229096164319 , 4209.650834358655   ,  50.154463189287284 ,  62.214282034930285 ,    1.5001812184273442  , 18.07298700387303    ,   2.6115444049879
1648252800 ,26/03/2022 , 72337.37110507123  ,0                      , 44648.15153748228  ,23239.377583471363   ,   21.0878254823426   , 4286.775355356556   ,  48.29492053944418  ,  54.31587471466987  ,    1.927155262608589   , 34.853983102440914   ,   2.5868696595441523
1648339200 ,27/03/2022 , 75987.12219912343  ,0                      , 45920.6921694083   ,25663.176402935784   ,   23.422925798832832 , 4214.163580820447   ,  57.2391981243608   ,  74.98063406897836  ,    3.6452492638779974  , 27.19668622277171    ,   2.6053524800814962
1648425600 ,28/03/2022 , 72792.02640904537  ,0                      , 43364.61188868532  ,25010.79268322422    ,   24.353476873489917 , 4192.458186378178   , 100.43755895734218  ,  51.47390706503136  ,    3.3267434448930135  , 36.01080016915423    ,   8.56116424775216
1648512000 ,29/03/2022 , 83024.8748560616   ,0                      , 53076.59463916311  ,25449.591262302823   ,   28.049184546661703 , 4294.535671274985   ,  71.50969315600409  ,  47.16072989253673  ,    4.012490518911909   , 43.97039838473102    ,   9.450786821830661
1648598400 ,30/03/2022 , 83109.6566134187   ,9.524578336778793e-07  , 53262.54121999283  ,25487.390514706884   ,   24.687752931369005 , 4177.455417000155   ,  72.06828707778536  ,  30.969410937052857 ,    4.97089205830901    , 43.348282781060924   ,   6.224834980796661
1648684800 ,31/03/2022 , 80188.45564602413  ,0                      , 50248.81244747718  ,25668.434883511516   ,   46.83116037453034  , 4072.248009109745   ,  77.27921391640379  ,  28.3958795233672   ,    5.61918922562987    , 35.686671952841465   ,   5.1481909328972595
1648771200 ,01/04/2022 , 80915.93705758982  ,0.017364547692823768   , 48681.82888697353  ,25737.157995111706   ,   54.741078185244845 , 6266.392626003171   ,  96.92335170267921  ,  35.93244835619136  ,    5.32941431671622    , 32.68371520636017    ,   4.930177186534037
1648857600 ,02/04/2022 , 78188.02472313358  ,0.0009465120922789586  , 47343.310803900094 ,25692.54443491313    ,   31.875739190303378 , 4901.676002830683   ,  91.0759606873927   ,  58.31592824503105  ,    3.8270079370985246  , 61.39613097968637    ,   4.001767938064889
1648944000 ,03/04/2022 , 82474.21299025293  ,0                      , 49542.62876073851  ,25785.944943277515   ,   52.54713388413794  , 6664.359350558978   , 136.94236421454525  ,  79.31923600914287  ,    4.671123419066693   ,203.65899086634545    ,   4.141087284675619
1649030400 ,04/04/2022 , 80947.25034743069  ,0                      , 49501.97330918826  ,24898.541521761665   ,   48.74381240921068  , 6241.273824458342   , 113.83581138915126  ,  39.74424573865928  ,    4.7384237026820175  , 91.74774563481475    ,   6.651653147895005
1649116800 ,05/04/2022 , 79880.91649490417  ,3.147489112698108e-05  , 49147.198696009    ,24355.82639994319    ,   52.07169020089724  , 6086.958512502995   , 140.6506484832085   ,  41.59126640971886  ,    4.991844393191465   , 43.49030879038663    ,   8.137096696690712
1649203200 ,06/04/2022 , 77096.71000392901  ,0                      , 47957.70502278791  ,23835.473797046685   ,   47.38650237788657  , 5033.102707192591   , 113.53582494627     ,  46.022375823110735 ,    5.1117879286261045  , 50.19613446078428    ,   8.175851365126501
1649289600 ,07/04/2022 , 77882.56426994891  ,0                      , 49569.66714981638  ,22922.168380042902   ,   36.86680339903006  , 5007.846761949949   , 171.97112853189486  ,  58.70825894957764  ,    4.99273787746924    , 96.0923304748415     ,  14.250718906858145
1649376000 ,08/04/2022 , 75927.58014533538  ,0                      , 48793.6619595021   ,22630.511127300553   ,   55.30066769620285  , 4107.580958998724   , 141.48622075497363  , 102.97903753347988  ,    5.705553365676216   , 73.10754375400927    ,  17.247076429660858
1649462400 ,09/04/2022 , 77451.51482595595  ,0                      , 50443.23620409286  ,22497.163662816874   ,   46.56585552253682  , 4178.263388809112   , 133.2419808399801   , 100.37087122841457  ,    1.301902440599658   , 39.804676594457405   ,  11.566283611110045
1649548800 ,10/04/2022 , 76357.17636663912  ,0                      , 49529.32939712734  ,22350.96950234846    ,   33.772022723720816 , 4096.190178753303   , 150.12204968853786  , 107.40380380201734  ,    6.532439307627733   , 65.86394027581808    ,  16.993032612302986
1649635200 ,11/04/2022 , 79276.13426361472  ,12.66113295417784      , 52705.619390242966 ,21984.996662443293   ,   36.17040300246937  , 4224.736512651073   , 126.0181565608074   ,  77.4751083624859   ,    6.145264782655318   , 53.75960646824254    ,  48.55202614654882
1649721600 ,12/04/2022 , 79229.9382664942   ,0.0016149127789935292  , 52986.474571816056 ,21520.67310307316    ,   61.60575244359056  , 4256.671789947819   , 229.1915580829007   ,  74.94851239998378  ,    3.0686220652519287  , 44.16755715207894    ,  53.135184600588964
1649808000 ,13/04/2022 , 79288.89973529469  ,0                      , 52255.4538500664   ,22030.964659773083   ,   29.708077483036362 , 4631.865940005253   , 183.0841863152114   ,  47.46169612257914  ,    2.5628460973618523  , 44.316390446075644   ,  63.4820889856836
1649894400 ,14/04/2022 , 80532.64286225478  ,3.365382025730854e-05  , 53561.44801597231  ,22547.80214367371    ,   35.365251451156695 , 4039.4984911840747  , 160.90099084574052  ,  63.24736355637403  ,    4.127783796692895   , 56.12871298635113    ,  64.12407513456799
1649980800 ,15/04/2022 , 79955.73780641696  ,0                      , 53473.62226697043  ,21995.84656589222    ,   68.6603406068381   , 4044.511718411832   , 157.86813907620504  ,  62.75513714438728  ,    5.02492838043552    , 78.73255909030753    ,  68.71615084431193
1650067200 ,16/04/2022 , 76494.34378441337  ,3.8098313347115175e-05 , 50387.970659551494 ,21555.7204026836     ,   39.47623096769052  , 4107.986382848357   , 160.16125415887663  ,  54.47903555224845  ,    3.2652993695248895  , 85.43811005138791    ,  99.8463711318948
1650153600 ,17/04/2022 , 79742.12877172288  ,1.3708369889173847e-05 , 54138.34359686303  ,21238.407337094686   ,   42.37916442486218  , 3938.3903931972545  , 168.63573720981825  ,  46.685254202667835 ,    4.338990746235696   , 83.33232309523156    ,  81.61596118072514
1650240000 ,18/04/2022 , 80423.49664481291  ,0                      , 53393.2325968921   ,20849.388208939214   ,   45.96793042951214  , 5663.305823991013   , 177.599988127483    , 166.09632986123168  ,    4.654350432251924   , 46.4604887004978     ,  76.79092743961368
1650326400 ,19/04/2022 , 84133.96895379131  ,0.6460333652448861     , 57013.15079155019  ,20895.1165692058     ,   43.10819288243257  , 5765.550487854569   , 206.719040251788    ,  55.96714036692793  ,    3.3264920624200345  , 62.952468825292286   ,  87.43173742665417
1650412800 ,20/04/2022 , 83012.95590178912  ,0.00020573089207442192 , 56791.14558938318  ,21419.530593847074   ,  347.399370966151    , 4102.315639604481   , 163.23978350605765  ,  53.06641441224669  ,    5.039754648069505   , 40.56231510320254    ,  90.65623458776614
1650499200 ,21/04/2022 , 88811.1412173425   ,0                      , 56668.277379108804 ,12933.01028596675    ,14769.974816412954    , 4073.358467277447   , 169.45568030086423  ,  47.03199333357425  ,    3.936859720625927   , 79.4410197597977     ,  66.65471546169589
1650585600 ,22/04/2022 ,109160.4466263158   ,0.009877823086243345   , 56215.29869626957  , 4650.603524413994   ,43781.1790807807      , 4149.413651992821   , 179.10180156542435  ,  47.027840054749056 ,    4.216837567001933   , 80.47908560379183    ,  53.116230244661644
1650672000 ,23/04/2022 ,108160.71336034566  ,5.292553099426451e-05  , 54973.546402172935 , 3840.134659100677   ,45098.19019532365     , 3881.948866761596   , 185.6069902716565   ,  59.95106493785431  ,    3.9480964596757384  , 60.49409236982125    ,  56.89294002227402
1650758400 ,24/04/2022 ,111144.9226921719   ,0                      , 53940.18106313888  , 3643.643373472115   ,49354.50173940729     , 3786.510997868336   , 192.2067966126777   ,  49.97144297002394  ,    3.676980961979414   ,110.85083440906281    ,  63.379463331540165
1650844800 ,25/04/2022 ,106395.96296299067  ,0                      , 55693.98552545032  , 3136.4371435759235  ,43430.65254848593     , 3770.4120473595344  , 198.81739517294355  ,  42.8846494107526   ,    5.6241920908168535  , 62.92138931932759    ,  54.22807212511385
1650931200 ,26/04/2022 , 97006.72448515179  ,0.4223547954577948     , 51134.19745323391  , 3151.7834187623653  ,38861.4800309367      , 3470.2268440096086  , 217.75170202189454  ,  49.36286569684158  ,   13.429649404810087   , 57.71031700820001    ,  50.35984928201704
1651017600 ,27/04/2022 ,111763.34161228646  ,0.0026350474139381027  , 49760.726114907935 , 3184.0714160888297  ,54307.5772345291      , 3874.062986034246   , 188.6307716319183   ,  47.875414420634726 ,   15.534141441512723   ,332.06714240311874    ,  52.793755781747564
1651104000 ,28/04/2022 ,105904.23588740593  ,0                      , 51351.86149431895  , 3182.7848819025926  ,47411.21179419877     , 3630.70295378489    , 168.93125953469186  ,  49.46727526101055  ,   13.945545974065645   , 40.57134748664831    ,  54.759334944307476
1651190400 ,29/04/2022 ,104216.81119615358  ,0                      , 53062.78871132796  , 2810.706265145708   ,44242.78637763614     , 3680.2598388928077  , 167.00363156313833  ,  57.81562300605513  ,   11.099607923567216   ,130.69900547873047    ,  53.65213517946933
1651276800 ,30/04/2022 ,100765.02045306952  ,0                      , 50403.70725962881  , 2788.740456208944   ,43560.616656808765    , 3614.469201177411   , 205.89486568904974  ,  57.00540495480793  ,   11.538958459047713   , 76.43239405585715    ,  46.615256086835466
1651363200 ,01/05/2022 , 96333.88863810466  ,0.012546214123408434   , 48759.447049366645 , 2691.0275890158846  ,40456.66909020781     , 3624.574358957645   , 611.37029846307     ,  63.368983978446835 ,   11.044704917396647   , 79.84275095380292    ,  36.531266029834555
1651449600 ,02/05/2022 , 91598.46031950797  ,13.069586447727294     , 45144.32676417692  , 2693.9854081960234  ,39379.46207349344     , 3384.5142593888204  , 174.5752567609043   , 671.3125389436933   ,   12.034956706127033   , 89.06627975133776    ,  36.113195643006954
1651536000 ,03/05/2022 , 93949.71525744052  ,0                      , 47007.865562782186 , 2745.758812883461   ,40423.44228187598     , 3413.8943063825327  , 176.11145062927295  ,  56.004023837026374 ,   14.76522558772212    , 63.66202615598483    ,  48.211567306351824
1651622400 ,04/05/2022 , 88823.76349737355  ,0.0010477036170456673  , 49911.751567820895 , 2734.9592286265456  ,32189.80723819525     , 3471.171609423188   , 322.8409483518899   ,  76.48785842008566  ,    8.769894249848148   , 63.717565534980956   ,  44.25653904723581
1651708800 ,05/05/2022 , 89392.84093093275  ,0                      , 53175.66332616122  , 2825.37038954487    ,29052.909387786636    , 3763.263231008632   , 419.249663611193    ,  42.061133431113696 ,   14.544877305173177   , 55.49083107882262    ,  44.28809100509638
1651795200 ,06/05/2022 , 84657.52946615462  ,7.660492037869367      , 50217.60944196226  , 2606.5170897640533  ,27229.91219234239     , 3918.549996792892   , 386.96576825946795  ,  70.81704881407654  ,   11.956365005982352   ,160.6508361847713     ,  46.8902349908585
1651881600 ,07/05/2022 , 84827.77680642884  ,0.007083362721447748   , 51117.78434492565  , 2468.1693279951633  ,26387.11951047719     , 4331.781204757864   , 320.05341518312366  ,  76.93669797857441  ,   11.21636987587139    , 60.298396770263935   ,  54.41045510243704
1651968000 ,08/05/2022 , 84715.82650558646  ,0.02055246552691097    , 49675.67554898076  , 2332.3801655232533  ,26126.27034840148     , 5893.843537461876   , 393.20588773235943  ,  48.4899198672007   ,   15.003617115150318   ,183.6310703517171     ,  47.305857687145455
1652054400 ,09/05/2022 , 89566.93167949656  ,0.022111319696852746   , 48483.46144600216  , 2040.8507188081933  ,25659.82109191889     ,12028.063393175855   , 721.8793800487354   ,  78.4448006535194   ,   13.995085855640848   ,494.8907289792712     ,  45.50292273458495
1652140800 ,10/05/2022 , 73830.50545384988  ,331.95802097562597     , 37691.71172620806  , 2671.0191430431937  ,26151.855399080618    , 3864.903418786005   ,2296.581288917245    , 123.11767551523297  ,   88.42657441745648    ,563.4385573961144     ,  47.49364951033712
1652227200 ,11/05/2022 , 63278.22149148025  ,2.5417353518273558     , 35034.25240574166  , 2917.9679982598286  ,21131.708267206403    , 3476.9604500145733  , 509.8466641386376   ,  50.65827111575204  ,   62.46469396734574    , 37.31728876330371    ,  54.50371692091559
1652313600 ,12/05/2022 , 87813.12614227405  ,338.7308601070911      , 42217.18530535139  , 2065.6289686117734  ,35525.061175364914    , 3611.3451317107597  ,3276.4758511554796   , 140.9085533373958   ,  119.49451095172837    ,483.3688702195899     ,  34.92691546391254
1652400000 ,13/05/2022 , 76941.50562089286  ,0.814497744528804      , 39896.487821805036 , 3315.359968044103   ,23984.05349888421     , 3917.9350571401333  ,4103.05440888913     , 594.8226348014034   ,  478.55911458542704    ,615.6363474225722     ,  34.782271576332896
1652486400 ,14/05/2022 , 56586.93620802192  ,3.4633027631317272     , 38531.40684045794  , 2883.4023929877058  ,10831.56813531998     , 3810.3704114605043  , 381.7983246069882   ,  41.51906189617061  ,   20.591926596935547   , 27.220347679251702   ,  55.59546425331466
1652572800 ,15/05/2022 , 56861.850560049745 ,0.047405260487266045   , 39716.30325468756  , 2561.321503273119   ,11985.902394300143    , 2156.3697487196137  , 286.41537409142893  ,  34.20227210156078  ,   20.21191917899107    , 43.48571052869763    ,  57.5909779081392
1652659200 ,16/05/2022 , 58054.53338441522  ,1.1971956904232373     , 40611.21159089745  , 1733.3861472888466  ,12382.786862437588    , 2806.682766844325   , 330.2897811482287   ,  36.98620132642796  ,   17.46602308395366    , 73.60288044203746    ,  60.92393525594191
1652745600 ,17/05/2022 , 52467.6926330016   ,0.002985635044651233   , 34941.18441871444  , 1625.2706854925614  ,11926.17208455066     , 3428.6266842600526  , 328.7631456548036   ,  40.194971846768425 ,   34.3755041270054     , 83.36632848528428    ,  59.735824234984825
1652832000 ,18/05/2022 , 51755.59735102819  ,0.13251423064760662    , 34031.969517801124 , 1933.847107601187   ,12383.684904625137    , 2886.8189757967903  , 281.0263885955728   ,  30.442073403124105 ,   16.155959657846076   ,127.35889177384625    ,  64.16101754292482
1652918400 ,19/05/2022 , 49118.0711086896   ,0                      , 32049.018994157126 , 1871.5122976027221  ,12291.9998846956      , 2417.2008998156307  , 274.7824321096775   ,  31.705114963377635 ,   16.664099173506912   ,107.41632475232129    ,  57.7710614196306
1653004800 ,20/05/2022 , 52156.92100412714  ,0.006079101659134851   , 34667.26774315342  , 1868.1118735317482  ,12299.749898321643    , 2764.7385570373026  , 298.7815049843531   ,  72.07786332946772  ,   21.46013465836066    , 99.5186627937934     ,  65.20868721539722
1653091200 ,21/05/2022 , 55414.83423032105  ,0                      , 36107.488921016    , 1656.1290538859057  ,14550.926803735983    , 2542.429513303128   , 297.3297700370057   ,  47.62307538375702  ,   18.529244897326492   ,134.14777499992658    ,  60.23007306201088
1653177600 ,22/05/2022 , 57450.25286441589  ,0                      , 35791.69920975641  , 1702.1535005557366  ,16626.36894655006     , 2444.714159139524   , 307.74216180971735  ,  38.886365367623974 ,   21.308896524405576   ,474.4200588787629     ,  42.959565833648156
1653264000 ,23/05/2022 , 52810.39890834767  ,0.00012220446642455902 , 35569.347768981956 , 1761.95030819057    ,12710.492392781298    , 2295.2423411346276  , 290.6385275080513   ,  34.00933853605104  ,   19.444777580559045   , 83.22350132222272    ,  46.049830107869845
1653350400 ,24/05/2022 , 46734.0606813543   ,1.1270144650721583     , 30154.881350668686 , 1625.0863765973584  ,12087.935050623017    , 2288.7854266575187  , 278.0729655503518   , 132.72001026187593  ,   20.545403630480934   , 80.98886884275807    ,  63.918214057180634
1653436800 ,25/05/2022 , 44654.07600213251  ,0                      , 28503.293254570068 , 1606.98677002498    ,11767.961756944394    , 2281.709163741505   , 283.4084875630423   ,  37.291306113828384 ,   24.784650987546822   , 82.06748797352466    ,  66.57312421361478
1653523200 ,26/05/2022 , 49492.55957000007  ,0                      , 27801.413633251883 , 1507.5702751599524  ,17360.124171835138    , 2276.2218958250724  , 276.7609720131162   ,  30.634785792551547 ,   27.278344854660784   ,146.33139512961992    ,  66.22409613807434
1653609600 ,27/05/2022 , 42616.46669893531  ,0.006771459052096751   , 26195.01761015145  , 1352.5229292091979  ,11772.45195987649     , 2297.0013909104705  , 365.18157863745716  , 270.4645261845762   ,   54.61600510398044    ,244.99163154161465    ,  64.21229586103583
1653696000 ,28/05/2022 , 40493.800926790835 ,0.007923443702007087   , 24690.574452157543 , 1324.9277743505313  ,11394.818469533262    , 2272.532254990167   , 438.6359924733318   , 131.92089780361198  ,   74.71715073573816    ,105.79992342887758    ,  59.86608787406157
1653782400 ,29/05/2022 , 36686.99784314588  ,0.0006964607816746255  , 24529.46473053357  , 1338.4549937234206  , 8124.804572923079    , 2126.27099121374    , 304.3146927417708   ,  25.757792091105696 ,   12.345530543631583   ,162.42208475167968    ,  63.16175816311013
1653868800 ,30/05/2022 , 35936.400638673076 ,0.09670369538043372    , 23344.014815836752 ,  828.8770747708431  , 9069.188294275657    , 2015.6163524320466  , 312.6433789920514   ,  26.792108902065223 ,   17.78115484506294    ,146.7141624088032     , 174.67659251441341
1653955200 ,31/05/2022 , 40507.61677808187  ,0.02162079282448786    , 28357.682482184755 ,  857.9152611585133  , 8868.446374051591    , 1886.2929428209302  , 285.6028984053238   ,  31.001793037327708 ,   19.609665486164165   ,131.18679433752595    ,  69.85694580692288
1654041600 ,01/06/2022 , 37953.70757050016  ,0                      , 25280.943978803047 ,  959.4331826951582  , 9019.09396103777     , 2064.9810310190896  , 304.40779943884155  ,  30.582722283502875 ,   16.062897400528836   ,168.3626210810489     , 109.83937674117645
1654128000 ,02/06/2022 , 49285.83199358241  ,0                      , 26066.31802132896  , 1057.5214593981627  ,19550.271484826662    , 2142.9331113622056  , 290.57669250551066  ,  31.119294229612503 ,   16.407332824703055   , 86.15420760452588    ,  44.53038950207233
1654214400 ,03/06/2022 , 52563.7022699686   ,0                      , 24705.803435724934 , 1291.2815346025498  ,24218.637636378815    , 1915.2403505639381  , 251.53063073920134  ,  32.809971004097605 ,   30.14060792087529    , 73.23370886560441    ,  45.02439416857739
1654300800 ,04/06/2022 , 55903.64642593911  ,0                      , 23296.18021087227  , 1172.1165719194423  ,29255.436772106248    , 1760.234710088776   , 242.43238809163378  ,  28.28280843333242  ,   52.20563036894083    , 53.861867636937056   ,  42.89546642152897
1654387200 ,05/06/2022 , 61608.25331149778  ,0                      , 27674.525619970453 ,  784.4003468337869  ,31116.203235683737    , 1646.0372899256067  , 231.67031675941575  ,  31.068404160849653 ,   35.62313952069685    , 46.17330282082973    ,  42.55165582239496
1654473600 ,06/06/2022 , 58254.799124875964 ,0                      , 24273.684155666146 ,  778.0166957814928  ,31103.071551351102    , 1691.0792375456838  , 259.63128257684065  ,  29.04716718714691  ,   40.20551815390731    , 38.65715083877075    ,  41.40636577486288
1654560000 ,07/06/2022 , 66324.60509791572  ,0                      , 28024.20708987581  ,  782.8324451809491  ,35288.51432485721     , 1721.8396515461786  , 306.4340652259209   ,  28.110560832220116 ,   39.36120882957949    , 88.95347953683662    ,  44.352272030993504
1654646400 ,08/06/2022 , 64051.2277126082   ,0                      , 27065.302507515178 ,  781.1879342349147  ,34096.209438048325    , 1652.331291142996   , 292.1822852239616   ,  27.720220594814357 ,   60.39776364964766    , 32.31968164861152    ,  43.576590549751714
1654732800 ,09/06/2022 , 65866.35413289722  ,0                      , 26931.173190079775 ,  765.6747634420926  ,36013.934516442       , 1740.450605057922   , 254.4735604505923   ,  31.37497736316287  ,   46.67094972560188    , 35.631439424728235   ,  46.97013091134577
1654819200 ,10/06/2022 , 65224.29334596079  ,0                      , 26338.48542954209  ,  720.9775086672972  ,35944.88237777721     , 1817.9143084099248  , 261.2539120583888   ,  31.84074335492585  ,   29.045376581318763   , 37.0033859170452     ,  42.89030365257836
1654905600 ,11/06/2022 , 67580.59912597878  ,0                      , 25455.39456515398  ,  721.9201398402441  ,38433.90973141831     , 1909.5441803809495  , 828.8707875298428   ,  58.99426844332946  ,   45.37846952185577    , 66.00293304388481    ,  60.58405064638805
1654992000 ,12/06/2022 , 72582.48489983157  ,0.01327028458665768    , 24666.765742290005 ,  653.3029615907215  ,42529.080792989385    , 1827.7904790246462  ,1839.1000323655755   , 292.8698388408001   ,  421.7318174253161     ,282.374383963609      ,  69.4555810569258
1655078400 ,13/06/2022 , 66354.08996720826  ,0.03377548819952358    , 23929.118948286567 ,  478.85049603250843 ,38858.47871881406     , 1508.1182497009554  , 728.0146769950215   , 353.6987109715724   ,  261.4907785318772     ,176.29442586043703    ,  59.991186527051156
1655164800 ,14/06/2022 , 75437.89878595901  ,0.06640370699065175    , 21768.224725897056 ,  425.69261603080173 ,45388.09218449129     , 1228.6188025417243  ,3773.191668531231    ,1546.938645051563    ,  715.5983948386066     ,518.5311170127104     ,  72.94422785705278
1655251200 ,15/06/2022 , 55675.381558322326 ,428.58980312731194     , 24452.097680051414 ,  303.3056625445464  ,27452.896412970553    , 1010.1113606348792  ,1565.8617893770258   , 205.15312516035044  ,   50.931263724022585   ,166.93405682054674    ,  39.50040391166606
1655337600 ,16/06/2022 , 58651.800595471635 ,0.5419502816573396     , 28637.00323366502  ,  229.21049993931402 ,27340.142682460726    ,  914.1775537750609  , 710.2895831515593   , 348.6497450210076   ,   97.33333048109742    ,300.75253234787385    ,  73.69948434831859
1655424000 ,17/06/2022 , 50192.95102600761  ,0.00044926953713750773 , 23607.733877048282 ,  222.46826560860646 ,24755.982359611946    , 1063.0451341310065  , 255.90767698154812  , 129.7514929889786   ,   21.835797904558785   ,106.03392827575054    ,  30.192044187392526
1655510400 ,18/06/2022 , 43880.99272578543  ,0                      , 17824.25691448337  ,  218.22869771017477 ,24341.02983190695     ,  952.0863211980579  , 310.07880849639827  ,  68.53009781998426  ,   18.00584969240763    ,117.84708438710963    ,  30.92912009097019
1655596800 ,19/06/2022 , 48668.978629230915 ,0.011046269999491553   , 15914.450990861593 ,  202.9747414527766  ,27671.621419402334    , 1016.8388148210983  ,2542.0113434367026   , 500.05453387779335  ,  667.0754655376522     ,112.43449924591508    ,  41.505774325040505
1655683200 ,20/06/2022 , 40410.819895382905 ,0.0029016142596544766  , 13705.13243404801  ,  173.3053778066765  ,25245.15476177408     ,  829.9200932347595  , 275.21790638078136  ,  26.963619973642903 ,   16.732001362740558   ,101.91729364851852    ,  36.473505539444865
1655769600 ,21/06/2022 , 42131.45050409768  ,0                      , 15327.842219533417 ,  149.51134537291918 ,25300.724983288586    ,  923.5635606702216  , 240.08877557333028  ,  23.761732422358868 ,   22.310620585950637   ,105.40124776301866    ,  38.246018887866036
1655856000 ,22/06/2022 , 39875.735694435774 ,0                      , 14756.336790789333 ,  134.93614255810766 ,23644.225543040455    ,  847.4486574472464  , 233.64939923461398  ,  85.19678452302293  ,   15.668232425219704   ,105.63895019446932    ,  52.63519422330271
1655942400 ,23/06/2022 , 38982.92949479259  ,0.0003775442203730111  , 14057.078733475304 ,  131.87283612080432 ,23250.46101833527     ,  950.526594770021   , 340.80997902014946  ,  67.80333393915178  ,   19.34902436301718    ,114.4628002757361     ,  50.56479694891337
1656028800 ,24/06/2022 , 38799.80929943312  ,0.0028592557324789237  , 13305.396528929947 ,  123.04013116770209 ,24199.391197829882    ,  759.1916951904055  , 245.23414036024434  ,  26.970800643451852 ,   16.697552100003925   , 80.46146909836443    ,  43.42292485737424
1656115200 ,25/06/2022 , 40895.66797909407  ,0                      , 14288.183963598287 ,  129.66648489127817 ,23317.07658448357     ,  700.4522996974401  , 312.90621918931083  ,  27.852490055516512 ,   18.014370219948976   , 52.186198117924036   ,2049.329368840793
1656201600 ,26/06/2022 , 42001.57749760959  ,0                      , 13546.075727992495 ,  126.49994156985544 ,25276.7742898476      ,  694.7330135992004  , 198.89199728152462  ,  31.607440666094007 ,   17.53185733340431    , 44.61584657133493    ,2064.8473827480902
1656288000 ,27/06/2022 , 40865.22603181087  ,0                      , 14498.418711515968 ,  131.52142587997477 ,23315.834629206798    ,  751.6351365720161  , 198.15134062884468  ,  27.697611615452484 ,   19.297644520607193   , 31.21435112937427    ,1891.4551807418256
1656374400 ,28/06/2022 , 39380.31931681094  ,0                      , 13225.076556606986 ,  145.66634459840444 ,23186.311052675544    ,  723.7397976280996  , 233.61044537499248  ,  24.817269587791635 ,   12.66009546116844    , 31.677660316563212   ,1796.7600945613797
1656460800 ,29/06/2022 , 43624.79114849698  ,0                      , 17708.856187094043 ,  143.57592275496    ,23071.0136021674      ,  786.4411418396886  , 197.31096802341534  ,  27.842632749595367 ,   21.842036037261614   , 29.850503643139547   ,1638.0581541874785
1656547200 ,30/06/2022 , 42472.04525546893  ,0                      , 16826.046184492818 ,  133.98602124263186 ,22914.540043924233    ,  759.9793873684696  , 212.16611119789306  ,  37.92983699607626  ,   33.85607248351803    , 29.569917494610184   ,1523.9716802686755
1656633600 ,01/07/2022 , 42676.95453835837  ,0                      , 15667.003305373337 ,  128.1527657419131  ,24366.95939654121     ,  639.8233612253788  , 243.89411380671518  ,  47.61929708270727  ,   87.76142039875765    , 28.40858587967765    ,1467.3322923086753
1656720000 ,02/07/2022 , 40691.85709605261  ,0                      , 16151.8423264123   ,  137.22649270812107 ,22021.867087601386    ,  672.0194801695811  , 214.8886389265346   ,  63.55392121213734  ,   20.35712266927211    , 28.974698332723257   ,1381.1273280205626
1656806400 ,03/07/2022 , 39985.14372310164  ,4.569445130311492e-07  , 15377.54777981873  ,  141.3193713849447  ,22129.661194724416    ,  712.2624437820998  , 205.47749801289538  ,  30.573642715454106 ,   14.702594332329857   , 35.1795383156871     ,1338.419659558138
1656892800 ,04/07/2022 , 35447.1499044017   ,9.524578336778793e-05  , 12703.405713759472 ,  140.71341877765448 ,20183.09879871244     ,  730.5598833180163  , 198.87683043838794  ,  28.041389582723177 ,   18.877990461208956   , 47.98403673447969    ,1395.5917473715283
1656979200 ,05/07/2022 , 40062.08584742373  ,6.1836780512294136e-12 , 18195.898111185557 ,  136.47883425525762 ,19156.203959699826    ,  724.705274777886   , 208.8076618905481   ,  31.15990616244926  ,   22.318239914887393   , 53.51143395760934    ,1533.0024255797011
1657065600 ,06/07/2022 , 40671.93837162554  ,0                      , 17158.466979706474 ,  135.3836723793619  ,20781.116933522208    ,  730.8794131841231  , 382.03785812896234  ,  25.73455928043071  ,   16.592799669276687   , 38.06482067734323    ,1403.6613350773648
1657152000 ,07/07/2022 , 35962.38148893594  ,0                      , 17821.85159570972  ,  136.18041148209954 ,15526.23381173477     ,  679.4737706569754  , 263.52648616057786  ,  30.400592562735785 ,   20.069386169837358   , 29.391749328857635   ,1455.2536851303685
1657238400 ,08/07/2022 , 33634.11736457837  ,0                      , 16704.817623432136 ,  134.67381284575856 ,14181.675922365877    ,  696.3623300148388  , 232.9164012537061   ,  69.11746490587925  ,   26.395119275612046   , 37.52073845703119    ,1550.6379520275343
1657324800 ,09/07/2022 , 34721.4679991167   ,0                      , 16559.74544775445  ,  129.2722412764192  ,15474.73521353211     ,  694.6114442998831  , 216.20690650910433  ,  23.567391228139865 ,   21.34107169652837    , 31.898035859376687   ,1570.0902469606856
1657411200 ,10/07/2022 , 33466.38136457849  ,0                      , 15419.085129681784 ,  130.01179327836346 ,15183.581734802403    ,  659.2072261475718  , 209.0970557448246   ,  30.81739072797116  ,   31.27960013011887    , 28.589432232120878   ,1774.7120018333328
1657497600 ,11/07/2022 , 32941.50044447852  ,0                      , 15258.869447869667 ,  128.8853267487878  ,14921.902526540578    ,  616.4835863199842  , 197.07640165996915  ,  32.33222726373275  ,   18.972258381063888   , 30.929634486903364   ,1736.049035207831
1657584000 ,12/07/2022 , 31761.773582579917 ,7.209432049078256e-05  , 14466.094204386942 ,  130.0278679676689  ,14545.734427662881    ,  647.4895870905798  , 226.8236987289943   ,  42.44726888320584  ,   28.132451749172926   , 29.927536014553805   ,1645.0964680015918
1657670400 ,13/07/2022 , 30150.935075139845 ,0                      , 13291.739553572623 ,  127.19173909378952 ,14231.355646456557    ,  617.2294660391907  , 211.07877353577885  ,  34.50882488758298  ,   25.831300144104063   , 30.041607337495243   ,1581.9581640727242
1657756800 ,14/07/2022 , 33318.95724659743  ,0.05482556470315183    , 17049.408110960405 ,  128.28859182447826 ,13447.170328407716    ,  649.557674202735   , 224.25828279571712  ,  25.844358276442996 ,   70.25728748882952    , 29.403268462494623   ,1694.7145186139028
1657843200 ,15/07/2022 , 36921.375993731104 ,0                      , 20663.410115610433 ,  127.67743455466561 ,13264.503963417832    ,  744.4968044602787  , 419.81261701914497  ,  29.76381047157594  ,   23.12479856729776    , 43.88745704939624    ,1604.6989925804903
1657929600 ,16/07/2022 , 33812.067762966784 ,0                      , 18327.552966315412 ,  128.59350858730767 ,13427.069343470412    ,  699.3756584858955  , 209.26155861081295  ,  27.80454109151676  ,   16.40108627183777    , 36.80013845592519    , 939.2089616776727
1658016000 ,17/07/2022 , 32404.435403408184 ,0                      , 17195.74507780131  ,  131.39950570722453 ,13982.71952318974     ,  703.4060130412921  , 224.8273860799237   ,  27.341238738291633 ,   31.212136522630637   , 36.59934133476846    ,  71.18518099300502
1658102400 ,18/07/2022 , 31807.678383180628 ,0                      , 15387.495931317755 ,  125.60668855964454 ,15127.581002349232    ,  750.2809799432088  , 237.64638639871248  ,  28.152498113857924 ,   23.784563474296636   , 33.52250262100895    ,  93.60783040291001
1658188800 ,19/07/2022 , 38129.405502238165 ,0                      , 17664.968024640384 ,  127.39393468750865 ,17454.383562175397    ,  728.02108616666    ,1890.6590015350782   ,  50.18216820280884  ,   92.76129742396778    , 50.42174171358842    ,  70.61468569277028
1658275200 ,20/07/2022 , 39203.316979574236 ,0                      , 18752.27532660651  ,  128.762669549679   ,19090.69366883682     ,  713.3413778828652  , 262.1889186360092   ,  92.51268813692099  ,   32.24460998216856    , 40.90367075845246    ,  90.39404918481317
1658361600 ,21/07/2022 , 40336.74532228473  ,0                      , 21419.541697258144 ,  129.79957112423511 ,17478.605920981725    ,  653.9494073503987  , 485.3409221426032   ,  40.85239345264174  ,   28.927831536278532   , 29.333688370926648   ,  70.39389006778845
1658448000 ,22/07/2022 , 39061.62824774775  ,0                      , 19386.04085399925  ,  129.42508876538227 ,18220.56497197373     ,  638.2688175366304  , 493.7703001347851   ,  39.320449368903915 ,   30.742565241467283   , 26.31775195733155    ,  97.17744877026233
1658534400 ,23/07/2022 , 32909.06385926438  ,0                      , 16727.954463942602 ,  126.93105122822024 ,14721.323332869573    ,  736.3578293712987  , 355.21504793131965  ,  95.3758678307663   ,   40.9425020571629     , 34.24588252662222    ,  70.71788150680773
1658620800 ,24/07/2022 , 28290.437729498335 ,0                      , 15420.837196605122 ,  117.67133237110565 ,11438.574096132646    ,  858.316830584017   , 256.17310997506695  ,  47.805073048695945 ,   29.017939751108432   , 33.57139818427256    ,  88.47075284630168
1658707200 ,25/07/2022 , 29933.39293352983  ,0                      , 16198.568696409076 ,  122.3365854306839  ,12293.652462007864    ,  893.3898171409237  , 276.9815918964849   ,  41.18797809117076  ,   35.650825758826215   , 27.85497695352424    ,  43.769999841279606
1658793600 ,26/07/2022 , 28158.877229882455 ,0                      , 14533.261537734683 ,  117.28521775170067 ,12019.057700160743    ,  980.4122118695868  , 278.1276949705455   ,  47.5767255092292   ,   29.730547813198278   , 53.08331689107111    , 100.3422771816973
1658880000 ,27/07/2022 , 28419.469703351006 ,0                      , 15409.293411323313 ,  115.18103073391305 ,11027.307934812907    ,  874.9725861858767  , 282.54088344285583  , 506.3409733929254   ,   25.821709474362873   , 90.0568523828972     ,  87.95432160195291
1658966400 ,28/07/2022 , 28232.4429313254   ,0                      , 15657.080826600171 ,  115.88664089019849 ,11186.144425005286    ,  787.0168003216885  , 297.2290160773737   ,  45.88186515016906  ,   33.12586544823012    , 63.86713778824256    ,  46.210354044044436
1659052800 ,29/07/2022 , 31227.432815839104 ,0                      , 17322.644901148    ,  119.46210391669045 ,12486.733826456973    ,  694.2026009547122  , 295.226208760232    , 122.99848712097216  ,   32.80202777815897    , 44.2700915315115     , 109.09256817185364
1659139200 ,30/07/2022 , 32434.04213313036  ,0                      , 16209.007991028528 ,  119.85831763883206 ,14956.89652632357     ,  649.8439678508213  , 276.58318973566014  ,  52.72864753304696  ,   39.55994081651824    , 41.41528103356908    ,  88.14827116981469
1659225600 ,31/07/2022 , 35080.91895429129  ,8.452627306596991e-05  , 19099.056486668484 ,  112.55184933122734 ,14675.513998956856    ,  665.470011110845   , 286.08677998373844  ,  54.76325744321503  ,   26.98047000220151    , 51.27283648338009    , 109.2231797850765
1659312000 ,01/08/2022 , 31758.85624063512  ,0.0008903194363980182  , 18552.042159511624 ,  115.78801203068147 ,11929.659440391337    ,  712.50506320806    , 291.06155638241563  ,  50.45317656935654  ,   27.49241708877804    , 35.10221168641679    ,  44.751313447015036
1659398400 ,02/08/2022 , 33270.8481779546   ,0                      , 17971.241466988024 ,  119.93129493571394 ,14014.65087932423     ,  736.6775579020916  , 299.7591515660202   ,  58.47446473446681  ,   31.35462330496957    , 38.75873919907912    ,   0
1659484800 ,03/08/2022 , 31609.855965186158 ,1.2751288784741979     , 17031.802602089367 ,  114.4624724921395  ,13269.755013192324    ,  744.7040051934922  , 301.7975925421386   ,  60.63524715062291  ,   25.343637440683455   , 60.080266206917884   ,   0
1659571200 ,04/08/2022 , 32445.829988273315 ,1.827640059167109e-08  , 18811.500329930965 ,  119.34328265090797 ,12306.789904148643    ,  737.0460602770054  , 309.47269237847013  ,  52.79948816534781  ,   37.72000336240348    , 71.15822734129567    ,   0
1659657600 ,05/08/2022 , 34234.97042098801  ,0                      , 18780.117339651908 ,  123.68804066532685 ,10494.70799634353     ,  765.5121733422372  , 282.8991233645375   ,  49.311682836614125 , 3707.2454072512264     , 31.488657532633194   ,   0
1659744000 ,06/08/2022 , 46032.262062994894 ,0                      , 21705.632397348258 ,  137.88079325867244 ,11161.658701545357    ,  737.0198588439066  , 299.8786079972521   ,  57.604893218934436 ,11894.489604885268      , 38.09720589724642    ,   0
1659830400 ,07/08/2022 , 55948.73265714833  ,0                      , 25945.63123482675  ,  139.16566830110844 ,14449.907733099268    ,  775.58396485553    , 276.4874783479792   ,  54.366151971055025 ,14273.176088840573      , 34.41433690606371    ,   0
1659916800 ,08/08/2022 , 52140.610716894065 ,0                      , 19086.05304024417  ,  134.47599556514731 ,17346.201609405853    ,  805.0509884581593  , 277.25220273666235  ,  54.78604671239363  ,14398.489880101708      , 38.300953669982405   ,   0
1660003200 ,09/08/2022 , 53859.01399389199  ,0                      , 23122.244735111275 ,  124.37216461926177 ,14134.297272200376    ,  799.1661417021036  , 295.8120292094601   ,  58.48335852932229  ,15261.175198171004      , 63.46309434918443    ,   0
1660089600 ,10/08/2022 , 53776.92494001134  ,0                      , 23678.776022129507 ,  120.23407488410257 ,12203.98119098685     ,  827.9680745125343  , 559.7704298563403   ,  50.04149327872867  ,16299.283787442444      , 36.869866920832514   ,   0
1660176000 ,11/08/2022 , 53654.550875463094 ,0                      , 24721.94807730585  ,  127.84560135605491 ,12606.283664792705    ,  758.945928976593   , 351.79259593105905  ,  52.706885716829525 ,14954.054441661408      , 80.97367972259183    ,   0
1660262400 ,12/08/2022 , 56733.89994360771  ,0                      , 27986.248973372683 ,  129.25261977441633 ,12802.709740067643    ,  749.4930709459238  , 343.025779612472    ,  60.876722243290274 ,14590.107073262472      , 72.18596432881071    ,   0
1660348800 ,13/08/2022 , 57452.88337538101  ,0                      , 29397.14344618731  ,  133.70364191149733 ,12328.96512463492     ,  751.8225988324427  , 401.6763016699801   ,  61.24842787509107  ,14334.993157946747      , 43.33067632301853    ,   0
1660435200 ,14/08/2022 , 60468.862587913565 ,0                      , 31201.65157652238  ,  129.48526534480547 ,13068.950857156347    ,  968.4774351447277  ,1137.543547322792    ,  65.44992167391568  ,13847.675565759813      , 49.62841898879027    ,   0
1660521600 ,15/08/2022 , 59724.45183191014  ,0                      , 28990.850100231317 ,  131.10849177307358 ,13327.646578902933    , 1656.3238907374791  ,1140.0511642613928   ,  66.31848974507035  ,14371.627916123876      , 40.525200135003466   ,   0
1660608000 ,16/08/2022 , 63533.50808763849  ,0                      , 31477.985048120678 ,  128.9342709076671  ,14536.463291197251    , 2241.895648868328   ,1160.87421894329     ,  75.11392894195596  ,13878.976830973335      , 33.26484968597588    ,   0
1660694400 ,17/08/2022 , 84041.62867806108  ,0                      , 30842.38965459859  ,  129.19828308399582 ,34558.83199919318     , 2472.593251865981   ,1383.8632588505752   , 110.36416203158205  ,14507.469440239045      , 36.91862819813577    ,   0
1660780800 ,18/08/2022 , 57009.7607376148   ,0.000195944100244749   , 29413.589883893164 ,  129.78880831588833 ,11402.634340142198    , 1960.4450895981395  ,1385.8551164237879   ,  70.32299959576426  ,12613.817520257742      , 33.30678344401183    ,   0
1660867200 ,19/08/2022 , 54896.4578905154   ,0                      , 29034.739738996715 ,  130.79070789032082 ,10515.91581737813     , 2065.560877296692   ,1164.6725471815432   ,  81.86404992392877  ,11847.005350654741      , 55.9088011933322     ,   0
1660953600 ,20/08/2022 , 53557.06005523603  ,0                      , 25107.798320016052 ,  134.26401021751522 ,10249.804454354064    , 2078.8563840604525  ,1543.7240970002956   ,  85.76246293135188  ,14291.563516647591      , 65.28681000870058    ,   0
1661040000 ,21/08/2022 , 47067.97082391288  ,0                      , 21790.84934429686  ,  128.8687240430369  , 9785.712481824488    , 2255.382806822922   ,1598.1514368547892   , 250.88301666631747  ,10568.341947814872      ,689.7810655895927     ,   0
1661126400 ,22/08/2022 , 45103.8957385155   ,0                      , 23127.79386430737  ,  127.59660001889385 , 8549.316967414878    , 2609.839496242669   ,1030.5507607963054   ,  70.20879178684305  , 9528.477650484021      , 60.11160746452163    ,   0
1661212800 ,23/08/2022 , 46605.99642121448  ,0                      , 23358.055708066964 ,  133.74196143478272 , 9354.211609502665    , 2803.7844455755976  , 926.554291465755    ,  64.05858871170186  , 9903.284374502315      , 62.30544195468882    ,   0
1661299200 ,24/08/2022 , 50664.54531063305  ,1.3708373722311556e-06 , 25654.908040879043 ,  129.18372522927805 , 8936.76530493283     , 2993.4271447379147  , 981.4854955167499   ,  61.905310960773235 ,11849.17638454323       , 57.693902462396714   ,   0
1661385600 ,25/08/2022 , 50197.39667901353  ,0                      , 23512.709359110944 ,  128.32295944074784 , 8754.389299669938    , 3190.531148924701   , 944.6613882710052   ,  67.45655947482635  ,13552.845839239952      , 46.48012488141988    ,   0
1661472000 ,26/08/2022 , 49215.835684371625 ,0.018299236654285865   , 24394.31842492244  ,  132.69744216939515 , 9224.859424456816    , 2173.6316119112994  , 807.7273379754437   ,  67.35773104855424  ,12378.788268915148      , 36.43714373586929    ,   0
1661558400 ,27/08/2022 , 45117.740447843564 ,0.004648281313643205   , 22393.696919460566 ,  134.10840262680114 , 8520.833694550387    , 1451.1292181070758  , 669.6588417050676   , 208.93847347519147  ,11700.93839445602       , 38.43185518114507    ,   0
1661644800 ,28/08/2022 , 43863.580074932936 ,0                      , 22583.676322496256 ,  126.24234324548188 , 8846.67719472712     , 1104.321630436262   , 806.4965776925918   , 190.2329002630114   ,10177.40913256837       , 28.523973503840416   ,   0
1661731200 ,29/08/2022 , 43637.30590941385  ,1.3915823135067689e-06 , 20998.4634890148   ,  132.63490996288937 , 8496.42783439403     , 1615.3812475013092  , 406.7157165255127   ,  66.87772858990176  ,11892.40369176209       , 28.401290271727113   ,   0
1661817600 ,30/08/2022 , 52611.10802601045  ,0                      , 27292.217129209064 ,  134.3573526059546  ,10946.533755048767    , 1931.2642478774978  , 721.1283767446848   ,  59.160207569487795 ,10953.964639949918      ,572.4823170050752     ,   0
1661904000 ,31/08/2022 , 45035.88818357129  ,0                      , 24854.78778945119  ,  137.39080011669313 , 7313.263182239815    , 2239.9659654968464  , 548.3457386027079   ,  54.12031778898242  , 9853.863926762902      , 34.15046311214865    ,   0
1661990400 ,01/09/2022 , 48726.24108921683  ,0                      , 27822.501924246906 ,  137.82213645133976 , 8108.226854219026    , 2186.3825008681893  , 566.8555226492842   ,  53.31917447127024  , 9810.328591289486      , 40.8043850213313     ,   0
1662076800 ,02/09/2022 , 97377.52518549039  ,0                      , 76807.52415977196  ,  135.3875590296273  , 8073.252598295924    , 1431.7025748459066  , 661.6852975235058   ,  55.8972374513948   ,10170.49118130863       , 41.58457726343128    ,   0
1662163200 ,03/09/2022 , 50003.50240664849  ,0                      , 29100.72351894384  ,  135.41820978230507 , 7960.232041448477    , 1696.1740753745564  , 532.8682114524509   ,  56.601761930905596 ,10488.810868067074      , 32.67371964888458    ,   0
1662249600 ,04/09/2022 , 45877.42540038525  ,1.673217123521925e-05  , 25969.37295516726  ,  139.2472389722599  , 6997.708859323778    , 1132.0192428534535  , 581.1526092140173   ,  54.40616404092102  ,10972.206600583555      , 31.31171349783009    ,   0
1662336000 ,05/09/2022 , 46510.837956776915 ,0                      , 26455.13329244994  ,  135.1669961112918  , 7410.990307952488    ,  923.2950401575149  , 457.7414106141281   ,  66.68168807476192  ,11022.786170739288      , 39.04305067750255    ,   0
1662422400 ,06/09/2022 , 51266.55356422693  ,0                      , 29112.342835506246 ,  130.1252685350223  , 8952.033537975913    ,  935.3779112647342  , 584.501126958964    ,  64.84083400651997  ,11453.867561024337      , 33.46448895519164    ,   0
1662508800 ,07/09/2022 , 72865.63250047702  ,0                      , 50709.06589017283  ,  135.14512207409194 , 9015.24913127652     ,  832.2789137991073  , 855.4511337443826   ,  61.630459493956536 ,11222.359856630772      , 34.451993285363955   ,   0
1662595200 ,08/09/2022 , 59197.01240111219  ,0                      , 38585.60681708223  ,  134.05470984368574 , 7751.535569022163    ,  986.0156049138469  , 400.18878103762626  , 309.944593299392    ,10976.315319391004      , 53.35100652223316    ,   0
1662681600 ,09/09/2022 , 53277.287712780504 ,0                      , 29570.060194232516 ,  163.37984984827116 ,11392.631613517931    , 1001.8282946605487  , 440.51965057068156  ,  70.12382738376365  ,10594.046644960972      , 44.69763760581697    ,   0
1662768000 ,10/09/2022 , 51657.552270898814 ,0                      , 29767.90691243325  ,  205.53390176634824 , 9181.517618614165    ,  975.5287171356557  , 518.0518409411519   ,  95.19744632276108  ,10876.529123050781      , 37.28671063470249    ,   0
1662854400 ,11/09/2022 , 56465.39507306148  ,0                      , 33963.68555499353  ,  212.28549369675568 , 9037.783836260543    , 1023.09865941072    , 609.25559793179     ,  85.23952009409803  ,11504.295063288184      , 29.751347385860498   ,   0
1662940800 ,12/09/2022 , 65442.95293803307  ,0                      , 42318.956484814276 ,  214.99489585496917 , 9152.045759867342    , 1002.7582840663538  , 452.31406410771694  ,  85.55101134865153  ,12181.057925989999      , 35.27451198376455    ,   0
1663027200 ,13/09/2022 , 77832.55025828356  ,0                      , 52029.4427773523   ,  216.6844653934691  ,11159.345037141204    , 1060.997838380687   , 486.4022651586929   , 110.64152701799333  ,12735.732506753397      , 33.30384108580939    ,   0
1663113600 ,14/09/2022 , 86158.83425173094  ,0                      , 58379.02576835278  ,  250.31922347242505 ,11943.745208342585    , 1076.6627276159331  , 829.5330919629623   , 170.79656553415506  ,13209.53271120337       ,299.2189552467281     ,   0
1663200000 ,15/09/2022 ,152747.6343165277   ,0.00014849732163958954 ,116383.20358233314  , 1464.983146569002   ,14223.935672964377    , 7445.6625726467855  ,1512.6094038348378   , 127.45536363342917  ,11555.01113139795       , 34.773294650851746   ,   0
1663286400 ,16/09/2022 ,104573.22286635832  ,1.6309457590785137     , 63163.34914056587  , 3618.5884581364303  ,16891.577236107594    , 7904.91890042441    ,1445.5108588986238   , 242.39286404888068  ,11267.813437195993      , 37.44102522145933    ,   0
1663372800 ,17/09/2022 , 32680.830246148565 ,0.0005010555274109387  , 12011.31189636737  ,  155.89517348784054 , 6973.951209314938    , 1099.0751663336341  , 613.2237682454837   ,  94.20191582356735  ,11690.549970277603      , 42.62064524260173    ,   0
1663459200 ,18/09/2022 , 32671.64230924395  ,1.0265999716364415e-05 , 12421.094385176813 ,  194.5514152528897  , 7437.401670024237    ,  902.3365237445985  , 408.15841928817804  ,  72.33828234009842  ,11227.918899093467      ,  7.8427040576717095  ,   0
1663545600 ,19/09/2022 , 32808.569086648946 ,0                      , 12092.149288915833 ,  186.25806396665143 , 7583.601704389734    ,  780.5241512219235  , 868.0481133955261   , 264.3326287115347   ,10940.253159250133      , 93.40197679760617    ,   0
1663632000 ,20/09/2022 , 33373.32709281937  ,5.2385180852283365e-05 , 13653.38793189531  ,  192.3964576470814  , 8786.41482573303     ,  693.7838709520338  , 536.7480953895929   ,  99.92543723366259  , 9316.43027135852       , 94.24015022495425    ,   0
1663718400 ,21/09/2022 , 29240.03908265195  ,0                      , 13203.377137983047 ,  191.0799427904076  , 7078.437944233075    ,  687.3915220869366  , 354.77897472791295  ,  81.10864112433185  , 7628.304205971426      , 15.560713734820892   ,   0
1663804800 ,22/09/2022 , 32935.24082454556  ,0                      , 15248.633681694666 ,  158.82424786684743 , 7803.370707103963    ,  734.5025804233017  , 588.8336463475391   , 573.0855547916448   , 7809.978361726281      , 18.01204459131912    ,   0
1663891200 ,23/09/2022 , 33231.81069484677  ,0                      , 16655.3571158414   ,  161.21112953330748 , 7781.412413589027    ,  704.059864641663   , 356.89241007381173  ,  79.42849871343716  , 7488.578080122189      ,  4.871182331929888   ,   0
1663977600 ,24/09/2022 ,224519.8084952775   ,0                      ,208383.50454813664  ,  157.78420491761707 , 7254.163217684621    ,  768.2647363761822  , 521.9386346258091   ,  75.31095103779656  , 7353.779957808403      ,  5.062244690419993   ,   0
1664064000 ,25/09/2022 , 31244.014367366126 ,4.837632958802419e-05  , 14992.988957924383 ,  165.9554459428685  , 7245.061034143752    ,  721.587355601442   , 335.31559774548845  ,  82.01753517724066  , 7694.9685628237075     ,  6.119829630920331   ,   0
1664150400 ,26/09/2022 , 30289.305050685623 ,0                      , 14724.40245770774  ,  158.96636969274869 , 6905.18548467494     ,  689.0194046122699  , 319.75499634738617  ,  73.8933367507203   , 7405.786055134263      , 12.296945765552474   ,   0
1664236800 ,27/09/2022 , 32206.625582934794 ,0.001682688393794542   , 14742.414858555054 ,  151.82580795383487 , 8020.405237415616    ,  655.3364813393092  , 356.46346145856205  ,  93.22421091338833  , 8179.0786751367195     ,  7.875167473918922   ,   0
1664323200 ,28/09/2022 , 30210.478593695996 ,0                      , 14257.87988391684  ,  148.35286099352848 , 7343.020351133032    ,  630.4201585476366  , 304.9575450373643   , 110.03251973225979  , 7407.78967453193       ,  8.02559980340324    ,   0
1664409600 ,29/09/2022 , 29818.301813142025 ,0                      , 14201.313306134722 ,  155.89903070047424 , 6651.605820783797    ,  699.8524840885731  , 322.504272720777    ,  83.49207642322392  , 7698.612945124986      ,  5.0218771654740015  ,   0
1664496000 ,30/09/2022 , 26670.126721065557 ,0                      , 12382.86644543092  ,  149.2800641448296  , 5670.290339287962    ,  695.2086732926916  , 303.3517886789419   ,  83.72847462952194  , 7376.2384251078        ,  9.162510492888384   ,   0
1664582400 ,01/10/2022 , 27686.943455057142 ,0                      , 13579.590629135037 ,  149.4199457217557  , 5478.461968570323    ,  686.9846584169512  , 305.27698778923485  ,  88.28541249768742  , 7393.150235424721      ,  5.773617501433774   ,   0
1664668800 ,02/10/2022 , 26538.143149734165 ,0                      , 12557.048451414616 ,  141.22359145283937 , 5588.990297178095    ,  684.8095212561303  , 310.4890976931584   ,  82.83294710945874  , 7168.218353154145      ,  4.530890475727174   ,   0
1664755200 ,03/10/2022 , 27101.511899390753 ,0                      , 12888.843767773278 ,  158.40678946032384 , 5600.275305175807    ,  748.2912383635503  , 313.8523188516844   ,  85.73763525244146  , 7296.72933103191       ,  9.375513481758873   ,   0
1664841600 ,04/10/2022 , 29408.483140900982 ,0                      , 14327.288704175551 ,  144.4406045225608  , 6224.56713690429     ,  774.8714319643625  , 348.7518360695278   ,  87.01995851963181  , 7493.937296942611      ,  7.606171802447116   ,   0
1664928000 ,05/10/2022 , 29509.652774086186 ,0                      , 15294.079640134301 ,  148.3102170032064  , 5979.941092656113    ,  755.086508981317   , 342.70541180796135  ,  83.78654701609966  , 6901.852085626044      ,  3.89127086114158    ,   0
1665014400 ,06/10/2022 , 29573.794210209537 ,0                      , 15200.539324339488 ,  140.8896867086356  , 6177.379317307501    ,  747.951988054481   , 403.7467672884664   ,  72.87853220168057  , 6821.347042077288      ,  9.061552231996096   ,   0
1665100800 ,07/10/2022 , 29180.30420628131  ,0                      , 15241.386507134224 ,  145.32831785906228 , 5687.578838222915    ,  863.4586991484035  , 408.5200169571714   ,  92.31685656888448  , 6738.24964042067       ,  3.465329969977555   ,   0
1665187200 ,08/10/2022 , 28835.62339878561  ,0                      , 14354.167518669374 ,  134.2030910734755  , 6168.756293672854    ,  877.2803687931159  , 389.11741902960864  ,  79.5708819762559   , 6821.668165903799      , 10.859659667133556   ,   0
1665273600 ,09/10/2022 , 27415.142899963044 ,0                      , 14009.808757738503 ,  133.56973604909527 , 5281.212429748108    ,  847.1963232596916  , 435.72898639346243  , 121.82961816794642  , 6579.255280398542      ,  6.541768207695386   ,   0
1665360000 ,10/10/2022 ,168735.04081919426  ,0                      ,155831.38643303973  ,  131.55825139307186 , 4896.727183882282    ,  816.0703595770947  , 413.9780472118871   ,  81.42044464362704  , 6560.198195546508      ,  3.701903900047693   ,   0
1665446400 ,11/10/2022 , 28346.3474445662   ,0                      , 13333.269082454117 ,  131.40828663287195 , 5948.307598360814    ,  773.9690465535602  , 861.1203379960339   , 135.5658901283099   , 7153.155390935019      ,  9.551811505472447   ,   0
1665532800 ,12/10/2022 , 27913.94983877127  ,0                      , 15273.051792083152 ,  138.0206317560139  , 5012.997114797877    ,  756.9669259457484  , 440.4512590456376   ,  96.71968058968645  , 6189.697331223645      ,  6.045103329512025   ,   0
1665619200 ,13/10/2022 , 27640.976391796008 ,0                      , 15518.189584468288 ,  358.70523539051135 , 4825.89013884528     ,  799.9462488477799  , 397.1567917754319   ,  86.22155302666741  , 5639.248149387943      , 15.618690054109884   ,   0
1665705600 ,14/10/2022 , 28885.777453854225 ,0                      , 15706.450295221182 ,  315.4183132785054  , 5088.866753793603    ,  787.090646842597   , 511.0577699873716   , 153.35240108402888  , 6313.286607299723      , 10.254666347212265   ,   0
1665792000 ,15/10/2022 , 26934.138061021014 ,0                      , 15126.657274927107 ,  150.79841375583624 , 4790.86018564096     ,  727.4748423607974  , 622.7833152916007   ,  81.8172687774476   , 5428.12035105802       ,  5.626409209244396   ,   0
1665878400 ,16/10/2022 , 27998.645566484054 ,0                      , 16601.84341900465  ,  160.00986508142532 , 4731.609527875289    ,  641.0996065933011  , 441.4784383510493   ,  78.82253243656396  , 5339.020867133724      ,  4.761310008050808   ,   0
1665964800 ,17/10/2022 , 25601.935159564102 ,0                      , 14349.137137712178 ,  159.23823055284973 , 4469.759584291037    ,  640.931713019383   , 403.5051503974451   ,  84.92730611860551  , 5489.90638971533       ,  4.52964775727298    ,   0
1666051200 ,18/10/2022 , 28051.880070098978 ,0                      , 16231.538055411458 ,  153.56817837218705 , 4967.320210946091    ,  635.4087804928251  , 446.81994332874183  ,  89.7756509932234   , 5516.980545043007      , 10.468705511446078   ,   0
1666137600 ,19/10/2022 , 27760.18234039386  ,0                      , 17755.534003126737 ,  158.21444200172851 , 4330.946175088537    ,  602.8508307977551  , 426.28799673907673  ,  88.37237384367486  , 4392.332279814896      ,  5.644238981462779   ,   0
1666224000 ,20/10/2022 , 26890.728547838866 ,0                      , 17072.897148834054 ,  163.08284347256705 , 3989.906011300838    ,  618.0760529226274  , 401.64221983890445  ,  87.76239507591909  , 4552.2727080677105     ,  5.089168326244327   ,   0
1666310400 ,21/10/2022 , 25142.305298927924 ,0                      , 15799.903570443354 ,  159.19128451578447 , 3614.2444687449943   ,  592.3206777192034  , 372.84657774421623  ,  91.77810888804356  , 4506.297924305414      ,  5.7226865669143     ,   0
1666396800 ,22/10/2022 , 23101.185907218336 ,0                      , 13716.837118751304 ,  161.86230786012885 , 3793.3973772465993   ,  550.0647187622311  , 364.3738355572705   ,  88.8122128880121   , 4417.214462605511      ,  8.623873547280587   ,   0
1666483200 ,23/10/2022 , 24820.93713510319  ,0                      , 15134.052947042917 ,  158.61789900815168 , 3798.728028510253    ,  575.4700983669544  , 382.5929335917017   ,  87.51067041650545  , 4678.029753380618      ,  5.9348047860921795  ,   0
1666569600 ,24/10/2022 , 27340.826352540364 ,0                      , 17445.216215195953 ,  162.75698440226682 , 3762.460542281526    ,  618.3838692743104  , 420.2876438431618   , 101.60632536734427  , 4824.2591739415875     ,  5.855598234214876   ,   0
1666656000 ,25/10/2022 , 93225.64949149404  ,0                      , 82085.22968304384  ,  157.9318432704231  , 4118.125136840197    ,  611.2722417031498  , 421.6554353406491   , 102.0086491485556   , 5722.805625469082      ,  6.620876678135862   ,   0
1666742400 ,26/10/2022 , 26218.40605645448  ,0                      , 15495.885542651671 ,  156.20315145890694 , 3902.0958448661204   ,  543.9281106628127  , 437.31890688785325  , 200.8550209068693   , 5477.291293788837      ,  4.828185231408824   ,   0
1666828800 ,27/10/2022 ,215723.04202786842  ,0.00022529475153369548 ,203865.21990399688  ,  161.4801936820262  , 3965.720079154385    ,  514.9638282509212  , 500.5511594144823   , 129.21183573659198  , 6578.734253524901      ,  7.160548813494355   ,   0
1666915200 ,28/10/2022 , 28875.37288509049  ,0                      , 15448.794762488076 ,  160.16117016914637 , 4144.104301716188    ,  536.3088399742143  , 423.46076194265675  , 108.09913827478364  , 8048.28059611429       ,  6.16331441113222    ,   0
1667001600 ,29/10/2022 , 30275.032080015644 ,0                      , 15944.839303038621 ,  143.3113003265784  , 4157.45026611675     ,  533.6213828105736  , 438.1494047174604   , 114.95298380947379  , 8934.967109650644      ,  7.740329545541233   ,   0
1667088000 ,30/10/2022 , 30738.727315731227 ,0                      , 16479.068270561987 ,  135.5447266694741  , 4055.9783147138187   ,  516.6989356045032  , 425.06604266987887  , 129.91404620167808  , 8982.425580558014      , 14.031398751872928   ,   0
1667174400 ,31/10/2022 , 30685.39090878225  ,0                      , 16759.584506062227 ,  162.1556611006289  , 4138.338190769001    ,  505.6030476438078  , 428.6220842698165   , 117.86506250629428  , 8566.662963477296      ,  6.5593929531770145  ,   0
1667260800 ,01/11/2022 , 25213.401417909863 ,0                      , 16418.016136809718 ,  168.6117209216     , 4809.273737504289    ,  512.299897779514   , 486.7497340510736   , 123.90241111632622  , 2686.766872359418      ,  7.780907367924521   ,   0
1667347200 ,02/11/2022 , 25124.510790557997 ,0                      , 17878.812484117447 ,  147.77995475378978 , 4511.485053359857    ,  488.38928362382006 , 450.4545178192911   , 120.69410129682004  , 1521.3444400326657     ,  5.5509555543024724  ,   0
1667433600 ,03/11/2022 , 23760.581621935573 ,0                      , 17084.371666628245 ,  137.12594681471109 , 4146.1950369106335   ,  546.6646853620508  , 501.7591189129239   , 314.66900615964505  , 1022.3401470980975     ,  7.456014049263301   ,   0
1667520000 ,04/11/2022 , 23318.899604926555 ,0.0029008952207478633  , 17187.223138921556 ,  135.20825902908803 , 4024.503138966848    ,  666.0253722098713  , 537.7971773117602   , 121.59636630051688  ,  531.1301309429506     , 86.5231305398797     ,  28.88998980885997
1667606400 ,05/11/2022 , 29261.3804093943   ,0                      , 22243.485494044162 ,  169.82421570995828 , 4339.459813564789    ,  602.0946810704706  ,1101.4604130808489   , 120.94136074869134  ,  677.4864800207852     ,  6.6279511545900895  ,   0
1667692800 ,06/11/2022 , 26291.16485467699  ,0                      , 20038.005260282393 ,  373.49994105650006 , 4243.896038891456    ,  455.8930956166296  , 700.720505048778    , 112.24582190413689  ,  316.9294469146109     , 49.97474496248411    ,   0
1667779200 ,07/11/2022 , 26299.00066620585  ,0                      , 20484.984089605197 ,  304.557644533061   , 4298.811568387954    ,  469.5576481967021  , 467.2870770500497   , 118.69404917974293  ,  151.8967207244042     ,  3.2118685287395983  ,   0
1667865600 ,08/11/2022 , 28581.08768740339  ,0                      , 22109.786295151527 ,  262.4800349288143  , 4555.013585657634    ,  506.6892235340676  , 747.5746510283138   , 121.56734745322478  ,  270.350143728504      ,  7.626405921303483   ,   0
1667952000 ,09/11/2022 , 27731.30484074486  ,0                      , 17061.03249474079  ,  410.44427265948167 , 4950.3472342423265   ,  555.1436001664614  ,2986.86187111553     , 620.3256956588773   , 1129.3894438683644     , 17.760228293028305   ,   0
1668038400 ,10/11/2022 ,258183.8656084106   ,0                      ,244165.80194076482  ,  165.15421719836132 , 8663.121509291763    ,  572.03398848218    ,2608.6802057927357   , 385.2375748060307   , 1563.2190697058184     , 60.61710236887224    ,   0
1668124800 ,11/11/2022 , 34200.13218194688  ,8.572120503100914e-05  , 25834.63234059922  ,  160.59706247881243 , 4681.358864869463    ,  634.5815189730849  ,1140.9257026747016   , 140.91377247699216  , 1603.8750714443756     ,  3.2477627090272705  ,   0
1668211200 ,12/11/2022 , 25283.902408923484 ,0                      , 20672.790294356408 ,  168.7307480993704  , 2529.1886796432163   ,  717.7586062569302  , 795.4234883101902   ,  95.91943350752717  ,  283.24138050913126    ,  1.1696886431792857  ,  19.680089597533712
1668297600 ,13/11/2022 , 26182.825797869053 ,0                      , 21324.385426637236 ,  169.71921692978023 , 2947.2014644684955   ,  794.7124467087496  , 525.2979810754084   , 103.50880614947062  ,  317.0781967855409     ,  0.9222591143718988  ,   0
1668384000 ,14/11/2022 , 21661.93754734117  ,456.4886772962539      , 16405.188250869003 ,  168.98476600562208 , 2745.422384419637    ,  823.3251709488618  , 696.1915083151463   , 111.16503709671423  ,  254.400864379959      ,  0.7708880099712075  ,   0
1668470400 ,15/11/2022 , 21906.36033514314  ,0.0023716200058579192  , 16174.333773150602 ,  168.049900875052   , 3529.3170940436466   ,  773.5798873129705  , 547.6313464812333   , 110.71856145914205  ,  601.6489645600539     ,  1.0784356404310547  ,   0
1668556800 ,16/11/2022 , 18542.722439770354 ,9.01179006134782e-05   , 14418.35058725698  ,  169.70339150839524 , 2387.667276175769    ,  734.1854206816095  , 419.9954557611841   ,  79.40378020519341  ,  329.67647280238265    ,  3.739965260937706   ,   0
1668643200 ,17/11/2022 , 20130.534576418904 ,0                      , 14891.246774183677 ,  172.5215444065925  , 3471.664380391438    ,  756.7502527719927  , 421.1598768288848   ,  78.67725722826964  ,  337.7041416431871     ,  0.8103489648650756  ,   0
1668729600 ,18/11/2022 , 22893.20698866612  ,0                      , 18103.583418541843 ,  173.14879264470173 , 2921.500116660405    ,  768.0413331324246  , 471.8078323457205   ,  80.9944842124386   ,  373.4851575131223     ,  0.645853615464333   ,   0
1668816000 ,19/11/2022 , 20439.18762010714  ,0                      , 16291.88523564392  ,  170.47190851919723 , 2432.3415945283036   ,  751.67111417753    , 414.7872771070807   ,  80.72559024802075  ,  296.34555896342266    ,  0.9593409196631066  ,   0
1668902400 ,20/11/2022 , 20788.34550166616  ,0                      , 16652.50687740861  ,  165.25596378791786 , 2472.3970751980273   ,  731.5219599052763  , 381.41302607135515  ,  94.4388220437728   ,  290.20411523944415    ,  0.6076620117579047  ,   0
1668988800 ,21/11/2022 , 25338.064639616285 ,0                      , 20976.945343128973 ,  165.2794523367493  , 2518.9357627349113   ,  756.1214726089814  , 438.46702079243965  , 139.7580420909514   ,  338.91425920134265    ,  3.6432867219384013  ,   0
1669075200 ,22/11/2022 , 22587.83042094542  ,0.00045058950306739096 , 17282.8047654422   ,  162.9453539639964  , 3139.285477768146    ,  765.4156237664021  , 431.7700687360564   , 129.0611986619147   ,  675.627875725219      ,  0.9196062919850295  ,   0
1669161600 ,23/11/2022 , 22587.83042094542  ,0.00045058950306739096 , 17282.8047654422   ,  162.9453539639964  , 3139.285477768146    ,  765.4156237664021  , 431.7700687360564   , 129.0611986619147   ,  675.627875725219      ,  0.9196062919850295  ,   0
1669161600 ,23/11/2022 , 22587.83042094542  ,0.00045058950306739096 , 17282.8047654422   ,  162.9453539639964  , 3139.285477768146    ,  765.4156237664021  , 431.7700687360564   , 129.0611986619147   ,  675.627875725219      ,  0.9196062919850295  ,   0
1669161600 ,23/11/2022 , 22587.83042094542  ,0.00045058950306739096 , 17282.8047654422   ,  162.9453539639964  , 3139.285477768146    ,  765.4156237664021  , 431.7700687360564   , 129.0611986619147   ,  675.627875725219      ,  0.9196062919850295  ,   0
1669161600 ,23/11/2022 , 22587.83042094542  ,0.00045058950306739096 , 17282.8047654422   ,  162.9453539639964  , 3139.285477768146    ,  765.4156237664021  , 431.7700687360564   , 129.0611986619147   ,  675.627875725219      ,  0.9196062919850295  ,   0
1669161600 ,23/11/2022 , 22587.83042094542  ,0.00045058950306739096 , 17282.8047654422   ,  162.9453539639964  , 3139.285477768146    ,  765.4156237664021  , 431.7700687360564   , 129.0611986619147   ,  675.627875725219      ,  0.9196062919850295  ,   0
1669161600 ,23/11/2022 , 22587.83042094542  ,0.00045058950306739096 , 17282.8047654422   ,  162.9453539639964  , 3139.285477768146    ,  765.4156237664021  , 431.7700687360564   , 129.0611986619147   ,  675.627875725219      ,  0.9196062919850295  ,   0
1669161600 ,23/11/2022 , 22587.83042094542  ,0.00045058950306739096 , 17282.8047654422   ,  162.9453539639964  , 3139.285477768146    ,  765.4156237664021  , 431.7700687360564   , 129.0611986619147   ,  675.627875725219      ,  0.9196062919850295  ,   0
1669161600 ,23/11/2022 , 22587.83042094542  ,0.00045058950306739096 , 17282.8047654422   ,  162.9453539639964  , 3139.285477768146    ,  765.4156237664021  , 431.7700687360564   , 129.0611986619147   ,  675.627875725219      ,  0.9196062919850295  ,   0
1669161600 ,23/11/2022 , 22587.83042094542  ,0.00045058950306739096 , 17282.8047654422   ,  162.9453539639964  , 3139.285477768146    ,  765.4156237664021  , 431.7700687360564   , 129.0611986619147   ,  675.627875725219      ,  0.9196062919850295  ,   0
1669161600 ,23/11/2022 , 22587.83042094542  ,0.00045058950306739096 , 17282.8047654422   ,  162.9453539639964  , 3139.285477768146    ,  765.4156237664021  , 431.7700687360564   , 129.0611986619147   ,  675.627875725219      ,  0.9196062919850295  ,   0
1669161600 ,23/11/2022 , 22587.83042094542  ,0.00045058950306739096 , 17282.8047654422   ,  162.9453539639964  , 3139.285477768146    ,  765.4156237664021  , 431.7700687360564   , 129.0611986619147   ,  675.627875725219      ,  0.9196062919850295  ,   0
1669161600 ,23/11/2022 , 22587.83042094542  ,0.00045058950306739096 , 17282.8047654422   ,  162.9453539639964  , 3139.285477768146    ,  765.4156237664021  , 431.7700687360564   , 129.0611986619147   ,  675.627875725219      ,  0.9196062919850295  ,   0
1669161600 ,23/11/2022 , 22587.83042094542  ,0.00045058950306739096 , 17282.8047654422   ,  162.9453539639964  , 3139.285477768146    ,  765.4156237664021  , 431.7700687360564   , 129.0611986619147   ,  675.627875725219      ,  0.9196062919850295  ,   0
1669161600 ,23/11/2022 , 22587.83042094542  ,0.00045058950306739096 , 17282.8047654422   ,  162.9453539639964  , 3139.285477768146    ,  765.4156237664021  , 431.7700687360564   , 129.0611986619147   ,  675.627875725219      ,  0.9196062919850295  ,   0
1669161600 ,23/11/2022 , 22587.83042094542  ,0.00045058950306739096 , 17282.8047654422   ,  162.9453539639964  , 3139.285477768146    ,  765.4156237664021  , 431.7700687360564   , 129.0611986619147   ,  675.627875725219      ,  0.9196062919850295  ,   0
1669161600 ,23/11/2022 , 22587.83042094542  ,0.00045058950306739096 , 17282.8047654422   ,  162.9453539639964  , 3139.285477768146    ,  765.4156237664021  , 431.7700687360564   , 129.0611986619147   ,  675.627875725219      ,  0.9196062919850295  ,   0
1669161600 ,23/11/2022 , 22587.83042094542  ,0.00045058950306739096 , 17282.8047654422   ,  162.9453539639964  , 3139.285477768146    ,  765.4156237664021  , 431.7700687360564   , 129.0611986619147   ,  675.627875725219      ,  0.9196062919850295  ,   0
1669161600 ,23/11/2022 , 22587.83042094542  ,0.00045058950306739096 , 17282.8047654422   ,  162.9453539639964  , 3139.285477768146    ,  765.4156237664021  , 431.7700687360564   , 129.0611986619147   ,  675.627875725219      ,  0.9196062919850295  ,   0
1669161600 ,23/11/2022 , 22587.83042094542  ,0.00045058950306739096 , 17282.8047654422   ,  162.9453539639964  , 3139.285477768146    ,  765.4156237664021  , 431.7700687360564   , 129.0611986619147   ,  675.627875725219      ,  0.9196062919850295  ,   0
1669161600 ,23/11/2022 , 22587.83042094542  ,0.00045058950306739096 , 17282.8047654422   ,  162.9453539639964  , 3139.285477768146    ,  765.4156237664021  , 431.7700687360564   , 129.0611986619147   ,  675.627875725219      ,  0.9196062919850295  ,   0
1669161600 ,23/11/2022 , 22587.83042094542  ,0.00045058950306739096 , 17282.8047654422   ,  162.9453539639964  , 3139.285477768146    ,  765.4156237664021  , 431.7700687360564   , 129.0611986619147   ,  675.627875725219      ,  0.9196062919850295  ,   0
1669248000 ,24/11/2022 , 36779.77691790716  ,0                      , 32842.91012689471  ,  163.97284159101295 , 2178.502424454506    ,  719.6539915936039  , 471.8762027634151   ,  98.03919526401752  ,  303.69499395817417    ,  1.1271413877216363  ,   0
1669334400 ,25/11/2022 , 26280.610980648595 ,0                      , 22311.643552566773 ,  161.8893638424469  , 2207.781044692283    ,  699.9080868343979  , 459.11232860446853  , 121.0067598890978   ,  318.4058102418693     ,  0.8640339772597277  ,   0
1669420800 ,26/11/2022 , 23336.25188828475  ,0                      , 19374.292148176308 ,  151.1331573946904  , 2310.719604315569    ,  656.8133301701283  , 395.8837802313435   , 101.70508751561319  ,  345.5332875159464     ,  0.17149296515346663 ,   0
1669507200 ,27/11/2022 , 24510.097318774977 ,0                      , 20513.82635281617  ,  144.45863296326445 , 2399.534299288309    ,  640.824276578329   , 360.8472237676406   ,  98.42323210502295  ,  351.000629350665      ,  1.1826719055734987  ,   0
1669593600 ,28/11/2022 , 20332.720715336396 ,0                      , 16332.05794791356  ,  140.7415268495939  , 2298.631177572256    ,  654.6655268651868  , 359.75505556077815  ,  99.71418287294081  ,  446.0429419110247     ,  1.1123557910553339  ,   0
1669680000 ,29/11/2022 , 18884.597313977123 ,0                      , 14447.497921447335 ,  139.5854375159517  , 2558.2924740132385   ,  744.1472238108911  , 398.41662204026477  , 102.10403694229962  ,  493.8150414306408     ,  0.7385567765023251  ,   0
1669766400 ,30/11/2022 , 18461.949724991344 ,0                      , 14283.370632692455 ,  141.77489939268247 , 2420.1049739038326   ,  664.3192736903211  , 355.19434661233646  ,  96.76426292327736  ,  375.48453584987857    ,124.93679992656388    ,   0
1669852800 ,01/12/2022 , 19812.451749807806 ,0                      , 15664.213549529799 ,  140.63200494868283 , 2372.0158397007144   ,  633.2528927779572  , 425.05052774696077  , 109.50764182861538  ,  466.5855885316976     ,  1.193704743381785   ,   0
1669939200 ,02/12/2022 , 27549.319493335126 ,0                      , 14438.102265730204 ,  150.43440223701202 , 2567.9948230525797   ,  535.2519966489508  , 429.33799761625073  , 123.78924658735889  ,  411.2198601370408     ,  0.8229355793481842  ,8892.365965746378
1670025600 ,03/12/2022 , 18344.48321872184  ,0                      , 14439.971462046064 ,  157.6564778779577  , 2251.844695595645    ,  615.3732305975699  , 411.44268797587245  , 117.53889964045989  ,  350.6557649882756     ,  0                   ,   0
1670112000 ,04/12/2022 , 17678.709693845565 ,5.162384482620604e-05  , 13936.87111132346  ,  155.33125571594056 , 2001.7321293820867   ,  716.5440427941344  , 382.23257733114957  , 127.1795662485874   ,  357.99533611443576    ,  0.8236233119292848  ,   0
1670198400 ,05/12/2022 , 17777.977451025898 ,0                      , 13913.42902822901  ,  151.2694984778448  , 2099.3034874566442   ,  721.2044171551507  , 384.0539800357513   , 142.32607737863884  ,  365.7090166215371     ,  0.6819456713199361  ,   0
1670284800 ,06/12/2022 , 18464.625459670864 ,0                      , 14432.611032354756 ,  148.2713982989089  , 2282.8108616011314   ,  675.2713434225309  , 416.0732821547799   , 130.64522823073014  ,  378.5507081213573     ,  0.39160548666637707 ,   0
1670371200 ,07/12/2022 , 18615.02794285228  ,0.0002198876774968868  , 14844.361510041213 ,  145.07433238696217 , 1994.1481123205003   ,  667.8501478149083  , 493.2124865492878   , 118.7423212768936   ,  351.47714614202465    ,  0.1616664328128902  ,   0
1670457600 ,08/12/2022 , 18247.486062637374 ,0.005604634837289825   , 14717.906455325834 ,  145.4336208626059  , 1850.129845692566    ,  682.663821781762   , 372.5353195819495   , 138.8882981967794   ,  339.4133385566234     ,  0.5097580044120816  ,   0
1670544000 ,09/12/2022 , 18483.59108398057  ,0.0292300311603494     , 14612.754397108904 ,  146.5482035113078  , 2144.1704725518266   ,  676.2214618675155  , 372.9010731839326   , 167.97816179872228  ,  362.2163282563288     ,  0.7717556708718214  ,   0
1670630400 ,10/12/2022 , 17735.292288159122 ,0                      , 14161.777922153482 ,  151.48442367551354 , 1885.1706256594757   ,  668.9187689841889  , 368.21912242804495  , 159.00003161572795  ,  340.34916128932497    ,  0.37223235336029564 ,   0
1670716800 ,11/12/2022 , 18391.320490982158 ,19.456351714210584     , 14749.574011818133 ,  140.74877438445026 , 1879.6395615910483   ,  686.0039799429248  , 390.0028900189996   , 178.85059991587804  ,  346.35442291519814    ,  0.6898986813149113  ,   0
1670803200 ,12/12/2022 , 18518.814406363552 ,2.542999625806095      , 14919.622198653658 ,  137.81242922247398 , 1830.7000778110062   ,  690.4310915628316  , 382.2838471227199   , 200.41888536395732  ,  354.4749967834581     ,  0.527880217638201   ,   0
1670889600 ,13/12/2022 , 20535.968820713235 ,0                      , 14652.206599750541 ,  144.1300020159586  , 2010.8788384120899   ,  695.3574845526329  ,2449.3999767126543   , 215.38467659760806  ,  368.25280190299634    ,  0.3584407687542595  ,   0
1670976000 ,14/12/2022 , 19000.869289384267 ,0                      , 15296.947291881863 ,  143.86577675385007 , 1874.6305767790943   ,  680.164697755201   , 418.8757253005596   , 224.61765910643336  ,  360.8766546268129     ,  0.8909071804529768  ,   0
1671062400 ,15/12/2022 , 18638.074677790548 ,6.491613568529041      , 15320.395664081003 ,  138.33544907953356 , 1515.4667119373003   ,  628.3281580194351  , 436.6311932341555   , 234.7729654869901   ,  356.968880636182      ,  0.6840417474203854  ,   0
1671148800 ,16/12/2022 , 18292.579413333377 ,0                      , 14829.813181567923 ,  135.02997968154347 , 1527.9155820468432   ,  660.663639527987   , 485.0699778298997   , 300.1644575384231   ,  353.92259514075863    ,  0                   ,   0
1671235200 ,17/12/2022 , 18600.686471516714 ,0.0001827782498564338  , 13985.530544925165 ,  135.4631316805575  , 1546.3027045475385   ,  672.6436800346079  ,1443.5790177676372   , 237.6931584356386   ,  579.4740513473184     ,  0                   ,   0
1671321600 ,18/12/2022 , 17365.641735123834 ,0.001251198556915333   , 13770.430974369421 ,  129.7813957741655  , 1878.5482005460576   ,  654.512426629524   , 382.60844551156794  , 236.8447647548804   ,  312.91427633965793    ,  0                   ,   0
1671408000 ,19/12/2022 , 19754.08833275116  ,1.9049156673557586e-06 , 15906.737802455329 ,  133.2610680271719  , 2141.2235822421508   ,  640.4913526177024  , 386.0620088126985   , 233.5335105354173   ,  312.77900615577676    ,  0                   ,   0
1671494400 ,20/12/2022 , 23962.577287756278 ,0.011347933694582212   , 20427.522378541675 ,  132.27522288713354 , 1798.5479471835597   ,  641.4166221132036  , 415.93668397848523  , 230.8207411817084   ,  316.0463439368184     ,  0                   ,   0
1671580800 ,21/12/2022 , 23045.24702125951  ,0.06312483350486522    , 19876.119503307084 ,  132.66644856988103 , 1571.6538453826604   ,  598.7906615664974  , 345.6635900158556   , 216.30088822627408  ,  303.98895935775613    ,  0                   ,   0
1671667200 ,22/12/2022 , 23488.347742843125 ,0                      , 20430.820643026374 ,  131.7400322775102  , 1533.1275899908178   ,  531.2931512311471  , 372.6387133789575   , 212.36310104682153  ,  275.6652367848833     ,  0.6992751066127345  ,   0
1671753600 ,23/12/2022 , 28191.571071324834 ,0.00024675066567140467 , 25090.83802125804  ,  129.87223253991647 , 1586.4787170173568   ,  481.03841869999286 , 393.7430376674271   , 232.1126869607104   ,  277.48771043072236    ,  0                   ,   0
1671840000 ,24/12/2022 , 22258.521651861265 ,0                      , 19358.06755735937  ,  123.56248423875128 , 1492.0755189992492   ,  492.4235823698945  , 327.8114052532681   , 196.14356924851222  ,  268.4375343922167     ,  0                   ,   0
1671926400 ,25/12/2022 , 21638.343455098307 ,0                      , 18655.81931342521  ,  122.28978001550212 , 1603.6851117510232   ,  456.21499845654967 , 337.22869527277635  , 192.66067080267254  ,  269.981493711542      ,  0.4633916630350493  ,   0
1672012800 ,26/12/2022 , 21369.236627412633 ,0                      , 18395.120313741492 ,  123.44063160371519 , 1582.1545959779703   ,  453.0172829486951  , 346.8807436679775   , 192.96429978577447  ,  275.48152760446675    ,  0.1772320825386224  ,   0
1672099200 ,27/12/2022 , 22203.685375673253 ,0                      , 19034.056041314558 ,  118.38741782886687 , 1738.2158575064673   ,  469.2744002387028  , 363.008720969901    , 193.16048129774936  ,  287.0143448226313     ,  0.5681116943775643  ,   0
1672185600 ,28/12/2022 , 21135.31003472595  ,0                      , 18109.881601801233 ,  109.46277065006979 , 1640.3783769215866   ,  505.15621631116545 , 327.5877008331403   , 174.78861832548392  ,  267.3577539839009     ,  0.6969958993642016  ,   0
