timestamp  ,date       ,total               ,ethereumV1           ,ethereumV2          ,avaxV2               ,avaxV3                ,polygonV2           ,polygonV3            ,arbitrumV3           ,optimismV3              ,fantomV3              ,harmonyV3
1647734400 ,20/03/2022 , 644365.5437451495  ,1211.8744324869133   , 334937.8193175484  ,212451.90399440902   ,    47.28173477069814 ,95180.33274030965   ,  368.8102059692104  ,   93.53296721780104 ,     1.6651353397962856 ,  68.47922735609062   ,   3.843989741811651
1647820800 ,21/03/2022 , 601334.9308430649  ,1531.2488206597016   , 329821.9669631054  ,208186.88758471896   ,    42.99313922384987 ,61254.62959076252   ,  306.06646086469146 ,  114.90448241593162 ,     2.040586116156428  ,  66.88986460122275   ,   7.303350596581338
1647907200 ,22/03/2022 , 609991.8440403647  , 941.8510966148141   , 357573.1605231574  ,211834.4972307943    ,    43.89170130136377 ,39070.39814334981   ,  323.70330117612065 ,  116.66404651967888 ,     5.677733297810985  ,  76.01105066368999   ,   5.989213489782926
1647993600 ,23/03/2022 , 632914.6780995426  , 687.1107317176261   , 388541.27444069134 ,204147.7879619715    ,    60.09774702196147 ,38919.18636547312   ,  337.94327605112136 ,  134.07951709551878 ,     3.6042138490434645 ,  76.3669793823825    ,   7.22686628900526
1648080000 ,24/03/2022 , 675168.2369155961  ,1624.8857484586051   , 432742.5894325535  ,201811.24647595666   ,   108.82885772221566 ,37788.30718315144   ,  377.95507756618423 ,  613.7178686586437  ,    11.783597365155071  ,  75.66120011325864   ,  13.261474050495345
1648166400 ,25/03/2022 , 702046.1456701041  , 389.6688580478609   , 450445.42509196827 ,211347.1153098036    ,   101.1199760320679  ,38657.19709926402   ,  400.6078209718969  ,  575.0915564100269  ,    11.467489304895272  , 103.27005681807297   ,  15.182411483386542
1648252800 ,26/03/2022 , 684703.3178661055  , 530.1215460620634   , 425172.4778060925  ,219720.30976783563   ,   150.75533453385324 ,37965.24904100592   ,  409.29826998522805 ,  484.3422336683168  ,    18.358428419763904  , 237.73504611174707   ,  14.670392390485098
1648339200 ,27/03/2022 , 720338.8237323     , 633.6795164777105   , 442703.0089115911  ,238590.71678834263   ,   162.31939588012762 ,36838.31289724181   ,  496.48104489668185 ,  687.5222921796889  ,    34.81793034774687   , 173.91465567679603   ,  18.05029966582456
1648425600 ,28/03/2022 , 696171.3852675381  ,1064.8250259025328   , 423647.32235744747 ,233007.82364216156   ,   169.2406475709693  ,36963.74208215522   ,  534.7832559439402  ,  444.55368354263214 ,    29.524445575060174  , 267.58651551082943   ,  41.983611727913015
1648512000 ,29/03/2022 , 913073.4006445373  ,1155.9382037727657   , 631721.193679729   ,236921.17940783917   ,   180.3107297881624  ,41716.544712240764  ,  554.4071780541542  ,  434.40526878536656 ,    30.94451465771143   , 318.45445519854366   ,  40.02249447170425
1648598400 ,30/03/2022 , 860503.5328017197  , 692.6909367758394   , 582967.0933966169  ,238397.8422620192    ,   158.10313801920077 ,37066.985953372794  ,  564.406589997788   ,  261.2864402638905  ,    48.31213441854322   , 313.2242822621541    ,  33.5876679735014
1648684800 ,31/03/2022 , 816036.3399537322  , 554.745684488691    , 538290.6278761105  ,239282.05131808104   ,   244.24254508768388 ,36429.96671427362   ,  639.2457694170985  ,  254.66183102072284 ,    47.93118211622127   , 263.99831046407644   ,  28.868722672593154
1648771200 ,01/04/2022 , 809652.497749042   ,  47.214630739686655 , 505454.07177286287 ,241609.5841405127    ,   419.78859731025733 ,60744.634096071684  ,  730.1077715070089  ,  322.0894837335277  ,    49.253456581761185  , 250.38878320013708   ,  25.365016522400623
1648857600 ,02/04/2022 , 768508.4652461983  , 222.7476531390346   , 478037.1435927494  ,240891.23613838994   ,   249.66099929199362 ,47336.72449028947   ,  744.3484064447458  ,  522.8581769210315  ,    43.14796244976621   , 436.96849900299145   ,  23.62932751987596
1648944000 ,03/04/2022 , 771168.2702197812  ,  45.8859681521352   , 466428.43133196625 ,241171.25838366046   ,   321.6766785997269  ,60897.96763249125   ,  806.4125509333934  ,  744.898037116494   ,    33.12568538384738   , 692.0805911222217    ,  26.53336035534688
1649030400 ,04/04/2022 , 776057.9755468038  ,  12.878628457082211 , 480661.2156778295  ,236156.28444421588   ,   358.6276819252672  ,56998.98496629615   ,  984.4366702022751  ,  328.3074013426505  ,    43.95452583677705   , 473.6315817768903    ,  39.65396892126405
1649116800 ,05/04/2022 , 754202.7680303185  ,  86.93122330793051  , 461727.2105504862  ,233232.12631838894   ,   411.1559058889018  ,56904.91011526009   , 1086.4656624610045  ,  396.1592606936095  ,    42.581459597689076  , 270.031892577492     ,  45.195641656594255
1649203200 ,06/04/2022 , 731727.9164546088  ,  20.00588852685467  , 457082.80170456524 ,227387.40501546324   ,   392.46371782181393 ,45032.08523786622   ,  919.1629973717882  ,  424.9002935203425  ,    43.35043999031864   , 389.20021230226797   ,  36.540947180843084
1649289600 ,07/04/2022 , 745055.0362397025  ,  69.30081935488516  , 474949.42112637433 ,219109.54110577362   ,   237.90470956754402 ,48304.249373467006  , 1165.1521107771214  ,  551.0214828436644  ,    52.104764209108446  , 549.6624231983328    ,  66.6783241367851
1649376000 ,08/04/2022 , 707702.585628359   ,1082.771795120828    , 450374.04569730436 ,215665.83990313925   ,   411.5373467483603  ,37485.29399895532   , 1087.1823276592825  ,  902.4534028396811  ,    41.765865758100404  , 576.8921357105452    ,  74.80315512319494
1649462400 ,09/04/2022 , 743966.0295222262  ,1732.3541064432784   , 486185.37484292197 ,214309.66970273227   ,   377.1420764857809  ,38902.78519447715   , 1083.2578940466326  , 1003.6683960514077  ,    30.221938948775556  , 284.2702758819202    ,  57.28509423702422
1649548800 ,10/04/2022 , 725841.6453712423  ,1365.4026397153532   , 471238.9264826822  ,213991.53418892607   ,   224.24587544747433 ,36439.40218522198   , 1185.842089003767   ,  873.8488346401184  ,    50.13485827005756   , 395.11302199314673   ,  77.19519534207505
1649635200 ,11/04/2022 , 737953.3739582985  ,1075.8383078995555   , 483816.67946939677 ,212820.65983093908   ,   236.09739813151    ,37569.563078040934  , 1027.6241629361004  ,  738.3405079031214  ,    50.6099661285554    , 416.4227311624835    , 201.5385057603094
1649721600 ,12/04/2022 , 754120.7229542277  ,1302.4890569654297   , 501188.7310610055  ,208915.82174014905   ,   264.21869686111944 ,40179.91052163983   , 1153.3810477173588  ,  562.5491221786211  ,    24.908349144092803  , 310.3266350533292    , 218.38672351337527
1649808000 ,13/04/2022 , 750058.634687018   , 781.1840197589328   , 495474.56702503323 ,209254.80869591658   ,   225.25556154765871 ,41989.45669091429   , 1375.7564193751518  ,  411.0650488474089  ,    23.5177835574296    , 259.7420703119769    , 263.2813717553475
1649894400 ,14/04/2022 , 754009.5943466632  ,  33.44625256325255  , 502146.83928196057 ,213516.34018186398   ,   277.9313921894247  ,35559.96797883731   , 1302.3849834799535  ,  528.1306292163617  ,    30.35260687770333   , 350.13140940055376   , 264.0696302740608
1649980800 ,15/04/2022 , 748408.2858841459  , 323.4483348596185   , 501027.2949714038  ,207759.5351292474    ,   537.2424345958908  ,36258.128139387634  , 1154.918609719764   ,  545.5146542203381  ,    40.136698039196844  , 478.0635049932346    , 284.0034076789149
1650067200 ,16/04/2022 , 722535.0718547064  ,1054.5778578039688   , 478224.0842878401  ,203729.53461855836   ,   322.7968091995375  ,36446.868806904975  , 1310.3500986576332  ,  463.54556249180797 ,    36.19124949342353   , 537.6774610375676    , 409.44510271910843
1650153600 ,17/04/2022 , 760104.9465869775  ,1622.1134606441071   , 521548.3020103216  ,200193.08508788713   ,   295.1999971402752  ,33913.15104013236   , 1276.2164915393541  ,  412.6011748867898  ,    38.06772209734291   , 469.6574823113152    , 336.5521200172705
1650240000 ,18/04/2022 ,1654613.3579853256  ,1555.2064734022376   ,1399548.9307163274  ,197754.93868314108   ,   336.34333995934037 ,51910.71246800736   , 1377.7158151065084  , 1481.6711134760847  ,    38.47808069488015   , 294.3187972286546    , 315.0424979822245
1650326400 ,19/04/2022 , 784262.5649926002  ,1265.529785000945    , 529790.1772695525  ,196317.16788627332   ,   307.22627122241903 ,53909.088917515626  , 1394.669142366117   ,  516.7344463788963  ,    31.987315882944138  , 364.23182261529485   , 365.75213579228125
1650412800 ,20/04/2022 , 759188.5697677118  ,1443.2945663619678   , 516362.5469660095  ,200847.877392963     ,  1995.59906702366    ,36188.08121911618   , 1195.6680395028868  ,  461.55842242311815 ,    39.348551786296824  , 278.6719345252763    , 375.9236080000464
1650499200 ,21/04/2022 , 810192.5340038106  , 375.1225155732324   , 523249.60163066495 ,125020.80159153341   ,122454.13332592256    ,36448.249831113986  , 1247.7687669306142  ,  438.6573622325974  ,    35.082139076895906  , 638.1199039859986    , 284.9969367763709
1650585600 ,22/04/2022 ,1052317.6764719794  ,1289.5580549272483   , 579675.9213705824  , 51097.729204567135  ,380481.4100164846     ,36953.67055041712   , 1353.1564707873856  ,  470.20171434740695 ,    36.93964427937912   , 734.7984859461337    , 224.29095964065516
1650672000 ,23/04/2022 ,1047245.7335728434  , 193.0774640511332   , 582161.0418384789  , 36332.68506823892   ,391598.1075966075     ,34219.54528455881   , 1507.8420253540448  ,  471.9757756381973  ,    51.60645357423283   , 467.2164798151633    , 242.63558652649678
1650758400 ,24/04/2022 ,1130215.1246122993  , 486.7782685578643   , 636481.8988003348  , 32657.59015592116   ,424734.89242564415    ,32877.451655209836  , 1563.2822632737893  ,  446.4875141805103  ,    33.1306126505229    , 664.9265524443557    , 268.6863640821728
1650844800 ,25/04/2022 ,1188202.3739778947  , 257.72807533156754  , 750609.9037774968  , 27226.680093968003  ,374235.11653382605    ,33215.983665076135  , 1511.8882486358834  ,  420.77069812360986 ,    47.9959980651401    , 444.0557122541958    , 232.25117511719523
1650931200 ,26/04/2022 , 939235.4420572005  ,1086.145409729469    , 546980.9579415697  , 27165.37403408187   ,329700.0952114629     ,31451.343851362206  , 1593.1627224376468  ,  421.65427532977515 ,   104.22721667019081   , 512.9137680193409    , 219.56762653736735
1651017600 ,27/04/2022 ,1046563.3809506404  ,1020.4248093962674   , 522657.71386590856 , 29862.54687226446   ,455634.26520858874    ,34743.60264566669   , 1450.7873152932357  ,  408.09048207852425 ,   149.9654865666841    , 408.2083780731359    , 227.77588680423935
1651104000 ,28/04/2022 ,1018031.8406584432  , 163.9988695932978   , 553493.8864320017  , 27463.12327060861   ,400970.2318367646     ,33329.526646617145  , 1499.0050903033502  ,  446.8150602678449  ,   108.28078658632352   , 326.3090800286947    , 230.66358567165526
1651190400 ,29/04/2022 ,1026166.3766752519  ,1225.5903349708076   , 594720.95532577    , 25486.481640012335  ,366416.2647822259     ,35468.84569230045   , 1388.035144225323   ,  519.8631926928098  ,    87.1538752669339    , 625.8031722595691    , 227.38351552760338
1651276800 ,30/04/2022 , 969206.260134706   , 727.8306559637924   , 553440.2702642516  , 25310.189718107995  ,353076.3097461931     ,34062.01868530347   , 1338.7259451388668  ,  500.34004210934455 ,    90.03588185547184   , 458.80373498319074   , 201.73546079917352
1651363200 ,01/05/2022 , 902921.0674281892  ,1178.401270413977    , 506336.77644820086 , 25492.89089933551   ,333046.2248529048     ,34383.707266386264  , 1297.6792028767754  ,  538.8583901786191  ,    87.30476681614506   , 395.0255190493052    , 164.19881202707106
1651449600 ,02/05/2022 , 832087.1592578     ,1031.5530208953555   , 441343.4043138945  , 24083.494641255376  ,331211.4892596661     ,31612.375362073904  , 1527.2516029702767  ,  531.6202140796153  ,   102.21392837987862   , 474.86510237371914   , 168.8918122111725
1651536000 ,03/05/2022 , 841478.8669445448  ,1447.8135398946206   , 450037.0969652308  , 24743.458855463297  ,331806.873958056      ,30440.824835862277  , 1814.3689280616672  ,  477.4580287252379  ,   120.40027378488975   , 359.73283142132146   , 230.83872804459435
1651622400 ,04/05/2022 , 780407.2883703413  ,1542.0356731032798   , 459620.17473538965 , 24710.194346112836  ,261245.6242341536     ,30340.84997519536   , 1957.0882938962843  ,  331.8803188472713  ,    80.04686400434775   , 380.4694674714441    , 198.92446216719708
1651708800 ,05/05/2022 , 768110.0099536662  ,1082.8054572574981   , 478877.9299992853  , 24681.68093052702   ,228398.9781083495     ,31555.2179517114    , 2376.4566202376054  ,  362.4345215473028  ,   130.1665105381978    , 442.33497363289854   , 202.0048805793701
1651795200 ,06/05/2022 , 739177.7594595886  ,1727.3326094510642   , 463153.4098864551  , 23320.582710787083  ,215197.98401037187    ,32977.25428958095   , 1783.7504260045457  ,  336.35703850251576 ,   100.93916101098438   , 375.18858760087625   , 204.96073982361048
1651881600 ,07/05/2022 , 745929.8324179092  ,1365.7210561132194   , 476729.57586400455 , 22039.482110585286  ,208488.12507228195    ,34252.63781997954   , 1955.4290052254569  ,  348.88105385740914 ,   103.98711604601587   , 414.92087960827826   , 231.07244020742175
1651968000 ,08/05/2022 , 740912.12665319    ,1836.4103608841806   , 466136.7800818816  , 20606.997205598764  ,207564.4717956163     ,41433.41549476738   , 2153.280718523637   ,  331.9041622296374  ,   104.83619090060739   , 537.8405334406891    , 206.19010934723826
1652054400 ,09/05/2022 , 760821.7992921008  ,1316.4782032292999   , 459778.9141062801  , 19331.928801464343  ,203181.07134103862    ,71955.06096804902   , 3327.7997149230564  ,  317.98160357414974 ,   132.88988484343074   ,1288.8291587842125    , 190.84550991459668
1652140800 ,10/05/2022 , 611170.8361070307  ,1712.9211235817213   , 356928.9199796067  , 23844.81544398655   ,189772.50544261257    ,34661.40238724898   , 2300.732107908465   ,  302.4937189741077  ,   358.57120539726793   ,1089.8946176299962    , 198.58008008438753
1652227200 ,11/05/2022 , 561193.9748109878  ,1012.638642041549    , 332293.34263081936 , 24101.707567008183  ,171267.494702029      ,29811.671516816677  , 1741.2275428322282  ,  284.7496103197423  ,   227.78619170459461   , 226.9063678182339    , 226.450039598242
1652313600 ,12/05/2022 , 591923.1647562752  ,1656.5060994677356   , 381649.34882792435 , 18520.536189958133  ,149356.51070161772    ,36990.65442228252   , 2097.97709736787    ,  316.3150864362373  ,   201.68222913512915   , 980.5777466796299    , 153.05635540596163
1652400000 ,13/05/2022 , 577012.4460122434  ,2041.0933847414867   , 401143.0717868094  , 29123.851426111778  ,104512.40190690642    ,36040.634998156915  , 3224.669849696529   ,  383.3911113853722  ,   220.75380910542765   , 175.72006692025843   , 146.85767240977307
1652486400 ,14/05/2022 , 486496.17075130076 ,3885.9818044132053   , 340169.1292665853  , 22195.75517296365   , 87989.35582335622    ,29162.131456996318  , 2179.3908678711746  ,  325.6751910260592  ,   168.46035299352968   , 190.76767415888136   , 229.52314093644316
1652572800 ,15/05/2022 , 471236.98662822007 ,1009.7808154639301   , 337471.31269967003 , 19715.654836531026  , 91529.82341511351    ,18779.708200742676  , 1788.0618941978646  ,  272.1543420985187  ,   170.33766808329665   , 263.2791635301179    , 236.87359278911458
1652659200 ,16/05/2022 , 468288.88160041923 , 534.1885505012928   , 338206.3701586311  , 14228.297939139777  , 91162.85898757988    ,21088.472658170707  , 1981.0585814106137  ,  314.8866463487003  ,   138.51354290003587   , 383.07937199044136   , 251.155163746656
1652745600 ,17/05/2022 , 435792.70615788293 , 637.1635260713115   , 305054.49227654265 , 13640.317676931929  , 89471.2268122055     ,23848.082937682677  , 1976.5247820321651  ,  351.92003174396814 ,   155.48123767424892   , 413.27389798661085   , 244.2229790119655
1652832000 ,18/05/2022 , 434459.65208174783 , 752.9970281038067   , 300814.9466989103  , 15817.714456967178  , 92533.22944213505    ,21175.896420002595  , 2102.2538128047213  ,  251.25520253460508 ,   135.59606541697136   , 613.5516815396576    , 262.2112733328889
1652918400 ,19/05/2022 , 407426.05073245685 , 626.8307945980877   , 274154.8863100003  , 15207.020151402754  , 94314.21983829331    ,19782.79621807407   , 2174.666086075981   ,  264.8237828986428  ,   143.8334622532826    , 516.9693371465746    , 240.00475171381962
1653004800 ,20/05/2022 , 422291.216225482   , 592.9624149562928   , 283318.7078512201  , 15238.261914143482  , 98573.23446050455    ,21504.519883226832  , 1805.5795456499768  ,  271.8154439131847  ,   195.64183224003145   , 525.1992399621744    , 265.29363966538614
1653091200 ,21/05/2022 , 455499.78407226194 , 526.206048204792    , 295363.80107151286 , 13232.86107857079   ,122742.45765175363    ,20420.39901626223   , 1793.812577082573   ,  410.1419523459552  ,   151.394583675468     , 615.2403265322429    , 243.469766321398
1653177600 ,22/05/2022 , 457904.03015208297 , 148.08232061077734  , 289459.3245743431  , 13544.27687204069   ,132719.78524498479    ,19076.549109465763  , 1928.8282929350214  ,  331.2112574977901  ,   167.3251310934831    , 348.2269636636477    , 180.42038544789
1653264000 ,23/05/2022 , 414487.50424641365 , 392.7585210769606   , 282988.43586264126 , 14311.31497420298   , 95749.09340513812    ,18193.24697278213   , 1747.907908814787   ,  288.2797284251555  ,   170.91192980358153   , 454.8108143069616    , 190.7441292216871
1653350400 ,24/05/2022 , 387197.7474642109  , 564.9549560050046   , 260108.88471938    , 13103.58749664149   , 91169.11636245338    ,19369.13351920926   , 1713.3699288890139  ,  293.757703473755   ,   161.79918566565058   , 448.1059921336633    , 265.03760035972704
1653436800 ,25/05/2022 , 368923.4970924896  , 209.95232179143167  , 245037.62221915156 , 12959.41729052356   , 89097.32271172578    ,18528.86808010866   , 1859.1533508773846  ,  260.04457500477923 ,   218.28012852465892   , 484.0418309967555    , 268.79458378505313
1653523200 ,26/05/2022 , 363344.8741489219  , 677.6093622711712   , 239563.89604725048 , 12415.419899338998  , 89473.78613935817    ,18117.254692618473  , 1624.9866895818225  ,  253.3857513802892  ,   218.0767234862705    , 728.6040316732093    , 271.85481196303186
1653609600 ,27/05/2022 , 338102.72290575487 ,1301.3111116070054   , 231413.5368505329  , 11281.741379316834  , 70107.77359115779    ,20563.195295450318  , 1570.1297675695682  ,  277.47505436786577 ,   178.42831441699937   ,1145.3408335527529    , 263.79070778285643
1653696000 ,28/05/2022 , 314188.5958346311  , 617.593976702621    , 217858.86180597148 , 11600.397136511905  , 60775.31126325379    ,20419.040426558648  , 1671.1421836278814  ,  244.61599123741075 ,   167.6232799832378    , 590.1786518158435    , 243.831118968287
1653782400 ,29/05/2022 , 306834.9056450804  , 541.3149397824783   , 215604.16469438944 , 10906.054484981461  , 59776.07713229419    ,16771.496888103164  , 1765.684723464561   ,  225.22959689852283 ,   113.2473443866238    , 874.7150885966964    , 256.92075218319644
1653868800 ,30/05/2022 , 295222.49167939054 , 524.9908425876934   , 200965.48700970958 ,  7466.065531142127  , 66716.48288133221    ,16348.37852079195   , 1811.3827101556947  ,  234.97894751008332 ,   126.37145643761993   , 766.7569624426385    , 261.5968172809706
1653955200 ,31/05/2022 , 322933.24803393416 , 501.9338436456465   , 228031.44282582213 ,  7953.87997961196   , 67468.49705783864    ,15852.341282427387  , 1720.494427204025   ,  273.37253113819315 ,   149.74433035082788   , 697.1603262554409    , 284.38142963993334
1654041600 ,01/06/2022 , 318096.00379054283 , 436.3899146162761   , 218629.48308042667 ,  8579.972080850534  , 69204.9814393838     ,18175.467751495784  , 1582.121891201617   ,  270.9544750545918  ,   142.55568718002706   , 792.0570961329217    , 282.0203742006003
1654128000 ,02/06/2022 , 428061.28213015787 , 218.70013815658507  , 229650.96670066135 ,  9146.727180603595  ,167076.26917241112    ,19262.821025521574  , 1647.991536270633   ,  298.6541183948964  ,   150.5838656652753    , 425.1628588197879    , 183.40553365312303
1654214400 ,03/06/2022 , 458666.88171535166 , 167.16772155052738  , 218903.18676557112 , 10932.789774934477  ,209654.01698194313    ,16299.40385402918   , 1597.005271045476   ,  292.260121004757   ,   258.2383303002099    , 378.13150708486825   , 184.68138788793192
1654300800 ,04/06/2022 , 497726.58587536187 , 309.6362922704923   , 213317.00677161867 , 10197.281702185022  ,255579.86485349154    ,15619.475746367634  , 1549.7622066958768  ,  260.5265955164948  ,   417.6466814000743    , 299.71666021241606   , 175.66836560359764
1654387200 ,05/06/2022 , 521316.8113326111  , 457.38057181285365  , 225461.70013084234 ,  7533.851184406203  ,270898.8474466631     ,14434.604112580293  , 1556.2917937721975  ,  247.20509485669228 ,   274.9943356310254    , 279.305962723756     , 172.63069932267933
1654473600 ,06/06/2022 , 519676.2938837559  , 159.12882132117008  , 221241.54523495538 ,  7380.795416647071  ,273441.7421865748     ,14865.644069700715  , 1600.9269327972338  ,  247.583125406105   ,   334.1833965340459    , 234.78355192582853   , 169.96114789357122
1654560000 ,07/06/2022 , 569339.6048439648  , 409.5276257927525   , 236484.8957010177  ,  7425.951062808635  ,307171.1761100872     ,15080.206470250654  , 1655.9858567087463  ,  229.03693598755007 ,   290.59620444421      , 410.4573549649674    , 181.77152190241284
1654646400 ,08/06/2022 , 569748.7969916567  , 116.42721145490616  , 243397.0901743853  ,  7637.599683605014  ,301051.4255220286     ,14948.304258174083  , 1664.4942508846198  ,  234.19283188366128 ,   303.2207136963262    , 219.5372373959362    , 176.50510814831043
1654732800 ,09/06/2022 , 573760.8296843985  , 457.9289984006421   , 232603.7713934752  ,  7247.570691633504  ,315710.9782189827     ,15109.503016395927  , 1643.6278161246832  ,  257.5205193722544  ,   323.53608431690867   , 230.64829105634658   , 175.74465464018624
1654819200 ,10/06/2022 , 563010.7651201052  ,  29.06194469266518  , 225276.10193810757 ,  6831.089504925657  ,312807.54613426066    ,15548.09100064617   , 1614.21911572766    ,  262.18071927013403 ,   235.56738295364553   , 233.17917410405659   , 173.72820541719184
1654905600 ,11/06/2022 , 562199.6934814169  ,  53.000148679374114 , 226438.32964047065 ,  7434.532744283406  ,308232.89739348565    ,17392.19681135202   , 1622.3381276883842  ,  250.99187162121075 ,   274.2482109799033    , 313.94393206692115   , 187.21460078943653
1654992000 ,12/06/2022 , 540529.5726656894  , 591.0221845773306   , 209375.53758089524 ,  6542.465087542691  ,303238.1795642751     ,18047.395934348602  , 1701.3402459955241  ,  259.64060959839253 ,   291.39826294254425   , 273.5741390191121    , 209.0190564948099
1655078400 ,13/06/2022 , 536272.4318234782  , 363.6310207297033   , 198886.10820436396 ,  4976.758058496641  ,313763.45688377495    ,14912.76929377906   , 1853.3570295552345  ,  270.035747333421   ,   236.2333203393525    , 804.9036062029252    , 205.17865890303707
1655164800 ,14/06/2022 , 501521.9063099331  , 487.6371848111305   , 185208.79373016345 ,  5690.180650814919  ,288952.4124969789     ,17439.563782124373  , 2155.07508324608    ,  263.12311202590524 ,   251.21060837902812   , 872.1652709015499    , 201.74439048771634
1655251200 ,15/06/2022 , 421311.51117214555 ,1659.528215668533    , 183032.4478550762  ,  3572.950269377301  ,219447.6847015891     ,10863.384294774973  , 1730.595455231537   ,  197.25325676084861 ,   171.14061921166459   , 449.1025103687302    , 187.42399408662155
1655337600 ,16/06/2022 , 419935.2146472642  , 327.4078382832346   , 174298.74894903263 ,  2910.4032291741305 ,222725.9363035004     ,16356.321963916018  , 2190.3350729704375  ,  239.22061583575484 ,   173.40817549254703   , 442.22398470445233   , 271.20851435463715
1655424000 ,17/06/2022 , 884829.6086967586  , 251.00310475641098  , 649124.7116667812  ,  2747.982948636057  ,218363.96764756265    ,11376.958426493366  , 1874.875629791791   ,  267.2553682117694  ,   190.47313521091004   , 513.2936251147617    , 119.08714419970273
1655510400 ,18/06/2022 , 364987.5477933792  , 238.67613566757888  , 137395.80041595228 ,  2260.4971075513727 ,213473.24356426208    , 8918.78202013626   , 1662.1469384518114  ,  222.9888422461429  ,   168.84594727387181   , 521.6061539750223    , 124.96066786285468
1655596800 ,19/06/2022 , 380027.09226555063 , 242.8076025854308   , 148981.04003996684 ,  2639.995969824184  ,215049.48016615547    , 9864.53102459045   , 2341.4129554543624  ,  331.07196525386803 ,   177.45020645298456   , 278.7167906626828    , 120.5855446044065
1655683200 ,20/06/2022 , 352031.3846345849  , 134.21073902488138  , 120945.78618258605 ,  1844.0732851862815 ,219490.16255943038    , 6927.768641884987  , 1879.7920735683283  ,  254.81492543275235 ,   141.89723545071072   , 263.7609928070535    , 149.11799921356132
1655769600 ,21/06/2022 , 353835.4537052481  , 225.7474648055745   , 120979.93148935841 ,  1595.621969617457  ,220154.8725208207     , 8408.978288661956  , 1662.9006734806305  ,  237.81287765627266 ,   130.01117184704202   , 285.7770383515086    , 153.80021064851823
1655856000 ,22/06/2022 , 336890.7486224818  , 263.80944420153446  , 120280.60576056798 ,  1486.3592980033848 ,205080.7130731809     , 7226.617861618291  , 1657.7582634153202  ,  264.7751249388651  ,   138.21694224673254   , 293.92720559221493   , 197.96564871665538
1655942400 ,23/06/2022 , 327013.09144971677 , 166.7617041113043   , 111723.27834591594 ,  1354.217834448269  ,202802.63730782844    , 7791.143434630756  , 2080.1323757979185  ,  230.4825393235228  ,   144.23977091281742   , 516.9653174346635    , 203.23281931319013
1656028800 ,24/06/2022 , 326604.485683222   , 146.2383371844117   , 104310.36633970762 ,  1588.068660306035  ,211293.54925697148    , 6837.648724621103  , 1465.7987319284382  ,  261.5976015713046  ,   150.06399078025245   , 377.1622892268375    , 173.99175092448826
1656115200 ,25/06/2022 , 329226.43575444934 , 195.07671194219333  , 108528.16854884589 ,  1751.4627544591817 ,201639.64869252747    , 6864.92631647417   , 1451.342298856869   ,  254.83341678427485 ,   152.31589183813162   , 287.26703497068445   ,8101.394087750455
1656201600 ,26/06/2022 , 325306.0577959108  , 132.21208684524362  , 102678.95600046568 ,  1278.8992819707557 ,205170.13057800467    , 5735.825650630452  , 1346.2071532613393  ,  262.1482346121564  ,   167.9347202823509    , 198.02594203818165   ,8335.718147799986
1656288000 ,27/06/2022 , 331698.5228510988  , 161.1427768292456   , 109821.07657323433 ,  1331.6087374911003 ,204197.54408842616    , 6613.604029009461  , 1311.32115879984    ,  255.45442537170263 ,   149.56555087484708   , 177.3307979704686    ,7679.874713091625
1656374400 ,28/06/2022 , 321763.48931768874 , 130.84370431175094  , 102292.0458481147  ,  1524.4026902135665 ,202127.28326641084    , 6416.349709583982  , 1389.5733982330282  ,  258.5241067741621  ,   136.9564884445193    , 171.9038285224167    ,7315.606277079734
1656460800 ,29/06/2022 , 338179.1290654522  , 107.20635117951653  , 119835.37985032427 ,  1585.9786318910167 ,201736.02897273863    , 6361.716289247716  , 1252.381059862035   ,  273.14261752083894 ,   179.44417427502154   , 167.55242883068112   ,6680.29868958247
1656547200 ,30/06/2022 , 335892.84955192177 , 236.41332150793727  , 119112.27890602117 ,  1302.7218729045399 ,200796.2825970439     , 6302.427050889638  , 1300.3164359556404  ,  258.5580572215934  ,   267.39597672859765   , 175.69124925239078   ,6140.7640843963445
1656633600 ,01/07/2022 , 336896.0338369305  ,  51.31039172336152  , 118288.13800724299 ,  1311.0738093402829 ,201076.944548492      , 5723.727132196373  , 1390.0702302676757  ,  283.413232547463   ,  2556.5874220477153    , 159.9805602284377    ,6054.788502844177
1656720000 ,02/07/2022 , 327919.99750676146 , 128.6398690934195   , 120368.88216224175 ,  1358.7387819461696 ,192465.91612104655    , 5927.381055448263  , 1332.1228074259002  ,  282.9479202781802  ,   150.52564511546285   , 158.60378865690197   ,5746.239355508881
1656806400 ,03/07/2022 , 324740.61451662454 ,  96.61402887048038  , 115134.75922205928 ,  1335.962143144788  ,194987.87288478005    , 5730.427708864484  , 1263.704499696318   ,  258.71053862787227 ,   133.83679312746045   , 203.545258134137     ,5595.181439319617
1656892800 ,04/07/2022 , 290368.8894602245  , 130.61066232088723  ,  97373.8516065726  ,  2128.3942337893322 ,177177.89430277445    , 5791.041736103962  , 1239.665062865374   ,  247.45490798384026 ,   163.0703616262093    , 252.3220526346088    ,5864.584533553227
1656979200 ,05/07/2022 , 306985.19954778097 , 225.84815005540673  , 126211.76042925182 ,  1766.869956622342  ,164070.09625873397    , 6156.9722222687105 , 1419.2684617789118  ,  272.92267722088246 ,   218.55534590450455   , 256.3538831103673    ,6386.552162834019
1657065600 ,06/07/2022 , 319289.42687547114 ,  82.93465328888294  , 122775.06270811788 ,  1421.194753992977  ,180031.0342772483     , 6337.1981367761755 , 2090.7500475400993  ,  270.6567044828971  ,   129.2543983462647    , 204.7103321568356    ,5946.630863520801
1657152000 ,07/07/2022 , 272956.06993341283 , 259.66644125757557  , 124706.4143138958  ,  1305.7170813362059 ,132524.4385654883     , 5596.550975917902  , 1768.03248364675    ,  238.03524360610362 ,   158.39118200032928   , 184.0470666697224    ,6214.776579594097
1657238400 ,08/07/2022 , 268653.3840769408  , 189.88182561288502  , 125025.21724164816 ,  1304.6713330356592 ,126792.96381050357    , 6372.134986335798  , 1543.2605123172111  ,  288.42205985937136 ,   245.07937602984228   , 177.85914523534416   ,6713.893786362955
1657324800 ,09/07/2022 , 350842.391013314   , 169.2672393013898   , 202171.8131309864  ,  1427.9785393311627 ,131905.2122938516     , 6295.946398620461  , 1525.3578983239886  ,  280.8169545494678  ,   156.93009610343557   , 198.89817501761718   ,6710.170287228462
1657411200 ,10/07/2022 , 332660.8240390728  ,  78.07007490419726  , 183201.99482778893 ,  1247.1719335340483 ,132974.76647073467    , 5453.8013531076085 , 1329.934624492098   ,  234.3152232928782  ,   275.2963780325331    , 178.85724629447546   ,7686.615906891346
1657497600 ,11/07/2022 , 268036.8989364489  , 195.34132337699333  , 120742.03152098593 ,  1302.7814865194962 ,131403.5906458867     , 5049.8239972431165 , 1228.1290564752896  ,  233.84921267786854 ,   174.52233835198135   , 163.86208644755223   ,7542.967268483998
1657584000 ,12/07/2022 , 259912.4845611373  , 156.52752941594105  , 114692.52954839283 ,  1438.9230036369045 ,129128.44118445323    , 5310.904646969499  , 1292.6515814486831  ,  272.52554525040824 ,   252.63086964664052   , 175.94510906605254   ,7191.405542857076
1657670400 ,13/07/2022 , 247002.23674861182 , 221.80526122860635  , 104848.08362259655 ,  1606.0450224011158 ,126169.48325300048    , 5219.962413784999  , 1424.7032755244436  ,  244.45248372208482 ,   232.96705987613754   , 167.2912658070202    ,6867.443090670359
1657756800 ,14/07/2022 , 250329.7722085327  , 209.9143387999502   , 114985.50212531126 ,  1306.0156220132835 ,118795.60073050417    , 5567.587579081368  , 1370.759499533065   ,  252.93062596452614 ,   159.3455614429433    , 195.02745434262135   ,7487.088671539484
1657843200 ,15/07/2022 , 263656.30420255795 , 142.8022594106694   , 130443.06747074377 ,  1320.6189226114634 ,116472.67361121968    , 6010.4609766894455 , 1369.9546133891379  ,  265.7575761287348  ,   157.36757425793255   , 292.8322704658286    ,7180.7689276412775
1657929600 ,16/07/2022 , 255317.5237300017  , 195.18845372928354  , 123487.6662108834  ,  1247.5286761748955 ,118852.32436857748    , 5485.573824752003  , 1324.414039307011   ,  270.35420666903474 ,   150.27197598236464   , 222.4049063488802    ,4081.797067577372
1658016000 ,17/07/2022 , 254483.49373081    , 180.875476977459    , 122452.43383700348 ,  1273.429227547769  ,122903.59294757074    , 5227.949787415626  , 1341.7747736589934  ,  256.61391703537925 ,   217.7410954860649    , 288.9876885235597    , 340.09497959093324
1658102400 ,18/07/2022 , 258635.39275744505 , 156.38690035337422  , 116771.37582305439 ,  1236.4791560762276 ,132137.3588434024     , 5829.635647566243  , 1351.1238492823315  ,  286.4419833766748  ,   237.1730915793712    , 230.08536798916606   , 399.33209476481716
1658188800 ,19/07/2022 , 290807.53988210065 , 139.4554931649421   , 137586.7708148142  ,  1446.3719972761742 ,142187.833645901      , 6429.007487252939  , 1568.459205909401   ,  340.57467647680863 ,   549.3966143950789    , 242.26919286168533   , 317.40075404838944
1658275200 ,20/07/2022 , 293967.0452069798  , 161.78118263400629  , 138401.10639370087 ,  1452.1326695181112 ,145333.01059173062    , 5844.838967820932  , 1427.9315936608173  ,  318.73581875521563 ,   397.0650158535737    , 222.71274394077284   , 407.7302293648675
1658361600 ,21/07/2022 , 389788.36564308626 ,  93.52179206891986  , 223821.9823643145  ,  1304.0474752087048 ,155108.594151364      , 6235.355732531935  , 2099.0868359186     ,  375.2699780122003  ,   254.6868037957213    , 158.21012085940717   , 337.61038901228414
1658448000 ,22/07/2022 , 367599.1791720525  , 247.95750162452873  , 195221.3021238896  ,  1289.6760674682826 ,161579.7884127263     , 5581.399634782312  , 2438.7523265706004  ,  356.24497004801964 ,   279.5307843834509    , 181.62309735265683   , 422.9042532066806
1658534400 ,23/07/2022 , 276936.17118944396 , 196.2344829632102   , 136357.28517339355 ,  1288.0225557830104 ,129593.71213624845    , 6319.670311356261  , 1824.766145117256   ,  424.08446085909753 ,   395.05999053832613   , 202.03086184720064   , 335.305071337559
1658620800 ,24/07/2022 , 236502.09797688486 , 139.3734726340171   , 123127.04870213865 ,  1170.7874844504481 ,102292.600694433      , 6953.171831783387  , 1695.8754024386437  ,  327.1395279726132  ,   213.58278035491352   , 189.8542213071912    , 392.6638593719948
1658707200 ,25/07/2022 , 375559.884113033   , 130.92100348434067  , 260288.94094238506 ,  1180.1518237815155 ,104016.8737897538     , 6613.791863567118  , 2285.258407186889   ,  332.13688140810757 ,   306.77644095387774   , 180.9010891984961    , 224.13187131381622
1658793600 ,26/07/2022 , 297158.98241516633 ,  70.43751251874096  , 181547.17427503405 ,  1240.6978783034099 ,104086.61379398615    , 7178.771617074776  , 1674.5775034803705  ,  333.08149499181354 ,   332.44169166268165   , 211.0082517080252    , 484.17839640629046
1658880000 ,27/07/2022 , 262645.33600718575 ,  80.96921895136194  , 155932.3515708654  ,  1122.201031217313  , 95801.28549723768    , 6529.61770848009   , 1619.9236793604416  ,  452.11365590468824 ,   308.72966045245727   , 430.4915971413082    , 367.65238757500316
1658966400 ,28/07/2022 , 229017.629791028   , 253.20543017896728  , 121144.81316956489 ,  1213.1022741917814 , 96991.54784545158    , 6253.1239203063005 , 1949.7128305404754  ,  360.26514486736136 ,   300.1432634443401    , 326.16776545729897   , 225.54814702505212
1659052800 ,29/07/2022 , 259895.88331239566 , 117.13502737990491  , 138566.32416919142 ,  1226.586105249829  ,110031.9475923206     , 6220.386802770112  , 2345.8716702689944  ,  399.24872033675655 ,   283.30892395305955   , 211.24721691809367   , 493.82708400685215
1659139200 ,30/07/2022 , 271304.9846472866  , 184.22185733909026  , 130746.63337356062 ,  1418.809714829505  ,129301.65834708376    , 5803.30248884239   , 2368.893326129425   ,  595.5851674732744  ,   245.6032123100552    , 222.27289687036173   , 418.0042628480811
1659225600 ,31/07/2022 , 693349.3235681623  , 166.9484205314019   , 555243.2932467244  ,  1087.4387832922798 ,128015.37162080771    , 5267.038620651647  , 2139.016173676572   ,  467.7555426948421  ,   249.99152996533192   , 209.1207602704535    , 503.3488695476942
1659312000 ,01/08/2022 , 628907.5311450573  , 184.88259276527202  , 516099.6220833502  ,  1283.3152231199144 ,102723.7151020415     , 5610.47323268806   , 1896.7398153753606  ,  462.32553554614435 ,   244.55436159897346   , 190.88361884597114   , 211.01957972590395
1659398400 ,02/08/2022 , 638871.8585601737  , 126.41917782005275  , 504760.92064494436 ,  1493.7817399306514 ,123667.44768327451    , 5711.090277267623  , 2006.787203050288   ,  560.0440151316454  ,   331.75291784223776   , 213.614900912292     ,   0
1659484800 ,03/08/2022 , 453425.0658822308  , 146.34661136541393  , 327978.17899077816 ,  1958.8277571560104 ,113910.26125452555    , 6189.4209353959795 , 2176.0292455286994  ,  530.0704522914424  ,   239.71795938059836   , 296.2126758089702    ,   0
1659571200 ,04/08/2022 , 586602.8245553378  , 145.00443207035823  , 470273.7699314044  ,  1192.8325491193243 ,105810.00766868072    , 5898.206979916581  , 2079.595977912026   ,  448.4519713164878  ,   394.76714303087425   , 360.1879018870276    ,   0
1659657600 ,05/08/2022 , 507568.53386842506 ,  62.632251731357826 , 369477.92075084336 ,  1545.1056117086614 , 94110.90143446292    , 5995.906457343759  , 1989.5794049955355  ,  457.2738132525389  , 33733.2402395606       , 195.97390452629975   ,   0
1659744000 ,06/08/2022 , 627975.2345562597  , 131.58090181891257  , 416667.4883116011  ,  1352.3549668621993 , 92648.78064273705    , 5872.764800210591  , 2017.2950564152932  ,  637.4203594710452  ,108446.70873066684      , 188.87438135800093   ,  11.96640511865
1659830400 ,07/08/2022 , 849441.6218388631  , 153.9812483481101   , 598251.9996330959  ,  1443.425503583903  ,111244.5294421325     , 5820.781395235684  , 1648.791083028929   ,  452.1486912793355  ,130228.29848795634      , 197.5931915920935    ,   0.0731626102258
1659916800 ,08/08/2022 , 831999.4206349597  , 177.98564375876174  , 558075.5524101339  ,  1288.9341028433046 ,135597.42267631658    , 6015.981284599031  , 1774.4737125881165  ,  443.7563934926033  ,128421.2182226845       , 204.0961885430071    ,   0
1660003200 ,09/08/2022 , 995214.7326303915  , 163.06108549212811  , 741519.8515438156  ,  1779.6338383500445 ,106891.50629924118    , 6516.3246852432785 , 2274.14073457563    ,  473.07805184303135 ,135335.48142398964      , 261.6549678411527    ,   0
1660089600 ,10/08/2022 , 906649.3351854569  , 123.35455988471341  , 645469.9491869117  ,  1199.0355140876077 ,105244.97431591837    , 6309.507898941972  , 2336.4730201762895  ,  509.16206785228275 ,145243.99298760618      , 212.8856340776943    ,   0
1660176000 ,11/08/2022 , 903610.5598624148  , 193.95318264770293  , 649939.3895170866  ,  1261.0814649224105 ,108133.79439874996    , 8329.442076517656  , 2248.932638064047   ,  459.5778962563757  ,132738.4806985336       , 305.9079896366772    ,   0
1660262400 ,12/08/2022 ,1078561.6550711622  ,  76.5156185841065   , 827936.6031679396  ,  1371.8047160784001 ,110624.44424586263    , 6040.5278650734635 , 2352.0047026442026  ,  643.3375173002669  ,129205.78888315997      , 310.6283545197046    ,   0
1660348800 ,13/08/2022 ,1055549.5180685185  ,  33.59618053755405  , 809683.0313234978  ,  1315.6289621322255 ,108579.73957884112    , 5491.875462727665  , 2373.5678853102595  ,  429.0792505969794  ,127400.46748020858      , 242.5319446661833    ,   0
1660435200 ,14/08/2022 ,1246629.6170239325  , 145.16148377046673  , 990944.3784990455  ,  1670.9077019980919 ,112911.67476611272    , 6823.070210251144  , 5785.510138405853   ,  484.95757315335123 ,127613.34571739         , 246.34361408211942   ,   4.267319723182868
1660521600 ,15/08/2022 , 996811.7468198775  , 253.37749289018723  , 738825.8538716421  ,  1403.2638766315936 ,113839.0413732053     ,10266.97148076164   , 5212.519919059953   ,  534.6728823760717  ,126240.72459146024      , 235.321084628799     ,   0.0002472215492724
1660608000 ,16/08/2022 ,1083094.98202723    , 129.23869180745635  , 813332.3430037682  ,  1348.7570968574819 ,125778.56900982081    ,12948.829715718626  , 5075.249138549217   ,  518.447395491638   ,123783.85318125073      , 179.6940691579719    ,   0.0007248079200000001
1660694400 ,17/08/2022 ,1036429.7422236477  , 127.75701261472462  , 772696.4918384982  ,  1278.4997894940207 ,123180.42050992337    ,13847.830767201867  , 5415.450175487947   ,  621.8249907963648  ,119058.58071879078      , 202.88570221641754   ,   0.0007186239351762
1660780800 ,18/08/2022 , 981688.9326236767  , 201.22563894716583  , 749491.8669949432  ,  1283.9287050795917 , 99013.84965130339    ,11385.48103144651   , 6371.003748013116   ,  490.26518917146836 ,113267.30282415415      , 184.00884061808796   ,   0
1660867200 ,19/08/2022 , 904324.9672999139  ,  52.892365012409144 , 687128.8367125337  ,  1275.1878383523895 , 89751.3805926158     ,11789.247469219754  , 5500.182728171412   ,  550.2075918344017  ,107973.34485090473      , 303.6871512692273    ,   0
1660953600 ,20/08/2022 , 830806.1738831776  , 102.77104891262059  , 636179.6494083456  ,  1897.4359272226    , 83536.15186904235    ,12374.030542942059  , 4373.365083445475   ,  555.5757775248721  , 91435.21722507889      , 351.97700066319254   ,   0
1661040000 ,21/08/2022 , 367047.4286262024  , 120.12494920667243  , 180748.4151143098  ,  1277.9791023706357 , 77833.62835988386    ,13140.226479175972  , 5003.187527887098   ,  502.66970730323305 , 88088.92741452952      , 332.2699715355211    ,   0
1661126400 ,22/08/2022 , 359457.9368572353  , 187.08650803915256  , 177524.79074314432 ,  1343.8192977736246 , 74353.30448323145    ,14798.169054512691  , 4603.307904067479   ,  486.6213811481721  , 85878.60003619717      , 282.2374491212599    ,   0
1661212800 ,23/08/2022 , 368019.4691814822  ,  13.82861334733906  , 180197.19274749383 ,  1348.9755768665534 , 80275.78319653324    ,15695.370710097002  , 4674.429641333066   ,  505.1565260396211  , 85016.420480802        , 292.3116889694842    ,   0
1661299200 ,24/08/2022 , 398273.94775063056 ,  40.76881964339861  , 192130.655979166   ,  1339.0561872632334 , 77240.42539460922    ,16545.041382346513  , 5130.847427533669   ,  447.1053697361361  ,105118.49939904857      , 281.5477912837948    ,   0
1661385600 ,25/08/2022 , 404765.10187675187 , 102.46908711323778  , 183530.79024327578 ,  1274.7945085853087 , 75831.94576398263    ,17634.196738293747  , 5581.260223242158   ,  495.70557201955023 ,120070.86127583603      , 243.07846440338383   ,   0
1661472000 ,26/08/2022 , 400763.9613707647  , 201.99754657010385  , 191826.67530293454 ,  1357.2448087472685 , 79803.41637233771    ,12719.557776533506  , 4201.247470780995   ,  496.5646169178128  ,109969.10300203244      , 188.15447391030574   ,   0
1661558400 ,27/08/2022 , 378486.1473258835  , 147.449121769856    , 182681.4501530097  ,  1448.9184761957583 , 77715.90817130115    , 9657.237923685505  , 3378.9297659350377  ,  572.5748415790493  ,102714.99392570334      , 168.6849467040473    ,   0
1661644800 ,28/08/2022 , 355450.27468356077 , 192.35819442432054  , 179651.55975028424 ,  1290.9841686689906 , 73243.09370153375    , 7412.757066889286  , 2395.741232078046   ,  558.0670953473257  , 90544.22469584303      , 161.488778491806     ,   0
1661731200 ,29/08/2022 , 351067.1304386178  , 153.1705707033056   , 172666.09690811386 ,  1336.5398782498892 , 73404.26804625164    , 9902.106802005825  , 2241.165653384887   ,  457.2890771550941  , 90716.97228704783      , 189.52121570543645   ,   0
1661817600 ,30/08/2022 , 403713.49616864236 ,  60.21478448702274  , 207197.0213301109  ,  1297.973116035978  , 86840.33982089555    ,11860.113165599143  , 3258.1367530297935  ,  435.12723111352864 , 92491.65298499238      , 267.88567141093137   ,   5.031310967028721
1661904000 ,31/08/2022 , 367807.06067532144 ,  46.286657869104396 , 197063.1627352252  ,  1506.679544620409  , 62090.07202922081    ,13413.780389159932  , 3301.3177553288942  ,  426.830129622059   , 89766.70044285672      , 192.23099141831605   ,   0
1661990400 ,01/09/2022 , 402133.55268279754 ,  28.23054907075097  , 228112.36080390177 ,  1352.6378354573578 , 69357.0556088793     ,12837.822863519441  , 2945.7810727860196  ,  446.1374166363093  , 86844.64787372551      , 208.87865882108133   ,   0
1662076800 ,02/09/2022 , 495814.30534960027 ,   0                 , 318424.9628307804  ,  1313.6698051680517 , 71682.95186674998    , 9165.48280219189   , 3377.7700873426925  ,  442.82090417862133 , 91162.04027636655      , 244.60677682211653   ,   0
1662163200 ,03/09/2022 , 432146.1303722042  ,   1.81289575073303  , 255460.1436124648  ,  1392.3505214249617 , 65394.71160491456    ,10056.034899998402  , 3133.96925540128    ,  472.5635170607906  , 96064.38770851596      , 170.15635667270027   ,   0
1662249600 ,04/09/2022 , 388417.34931773855 , 181.21093002963534  , 216839.89123449632 ,  1379.5738836747194 , 60124.615472964586   , 7221.570406170886  , 3451.2576219110997  ,  444.30703742420286 , 98617.86296640396      , 157.05976466321343   ,   0
1662336000 ,05/09/2022 , 389392.84979701746 , 183.85234206186897  , 216969.17839993542 ,  1340.5301342717264 , 62554.64226858159    , 5976.483396658749  , 2685.7706298297385  ,  496.11767067248394 , 98938.5640127607       , 247.71094224521948   ,   0
1662422400 ,06/09/2022 , 431903.9311257038  ,  67.79247838548969  , 255166.23005195084 ,  1897.1937660789229 , 67944.36675835804    , 6085.441658125189  , 3344.2117711867386  ,  486.3433299088559  , 96722.52438116206      , 189.8269305476659    ,   0
1662508800 ,07/09/2022 , 692260.2382320662  ,  71.35113689551508  , 473978.88876243605 ,  2130.476026308971  ,103653.2311180483     , 6221.811113670766  , 3727.801703280804   ,  613.9460707468254  ,101663.97849536565      , 198.7538053132123    ,   0
1662595200 ,08/09/2022 , 524165.867093392   ,  92.01942143279558  , 353638.8315566205  ,  1425.5031052040495 , 64933.28928041361    , 7764.101480142054  , 2774.805340668512   ,  677.4053939156761  , 92615.66762878226      , 244.24388621254838   ,   0
1662681600 ,09/09/2022 , 470984.35092277924 , 223.03436650128518  , 262110.50845907116 ,  2329.4816861292    ,100189.7492490485     , 7670.087460145405  , 3326.9281754559006  ,  602.2988883573953  , 94326.52652340109      , 205.73611466931908   ,   0
1662768000 ,10/09/2022 , 456645.0303420268  , 100.34056885820907  , 267098.1041654358  ,  2037.7632727014075 , 78024.90707602851    , 7995.932917412118  , 3357.785852414827   ,  817.040679145375   , 97032.992420505        , 180.16338952556677   ,   0
1662854400 ,11/09/2022 , 502732.1773064382  , 101.03018639537845  , 307260.1723494878  ,  2095.2727982064052 , 76942.51100440287    , 7554.029770675674  , 3254.741834595173   ,  744.2284395614683  ,104624.42511055827      , 155.76581255515214   ,   0
1662940800 ,12/09/2022 ,1030362.1925543083  ,  53.961166277074156 , 831227.5893963     ,  2129.8213492151517 , 77355.47487736012    , 7779.108882069487  , 2843.9594285880685  ,  711.029350728679   ,108061.81226418137      , 199.43583958838158   ,   0
1663027200 ,13/09/2022 ,1265010.7741324536  , 137.11361896379304  ,1052990.2863494921  ,  2242.2101866944945 , 86811.50168204914    , 8439.25161279581   , 3364.5788320761176  ,  946.9956994710013  ,109904.70017534374      , 174.13597556721353   ,   0
1663113600 ,14/09/2022 ,1046752.6237004715  , 121.60345754167446  , 824024.7327700757  ,  3456.6814137842275 , 98675.60139544963    , 9060.134523763805  , 3411.72273225324    , 1054.6277591559328  ,106679.52827835086      , 267.9911573573857    ,   0.00021273913069280655
1663200000 ,15/09/2022 ,1468154.7700253706  , 652.1328288490754   ,1140641.4908474674  , 14695.876274054426  ,125538.29536332873    ,68874.31283901643   ,13226.040966485714   , 1155.9525423645766  ,103163.50493266445      , 207.1634311396608    ,   0
1663286400 ,16/09/2022 , 980797.3711998864  ,2556.511208892399    , 608987.0897799451  , 36628.62861459203   ,146672.64001418444    ,73754.25690607831   ,10228.016131590568   ,  979.0571065170943  ,100742.3548366085       , 248.81660147795728   ,   0
1663372800 ,17/09/2022 , 272983.1932548803  , 256.4743179498506   ,  92380.84341172293 ,  1720.9103904055653 , 60980.915970421265   , 9583.80530281001   , 2833.3935262546534  ,  662.6822048561891  ,104344.95891746854      , 219.20921299131678   ,   0
1663459200 ,18/09/2022 , 268041.0153229024  , 183.54982179547926  ,  95135.27991025038 ,  1754.7535976222919 , 59852.8891992236     , 7158.334586153054  , 2520.943461771604   ,  656.6758556969123  ,100660.55208255845      , 118.0368078306099    ,   0
1663545600 ,19/09/2022 , 269170.2561646409  , 231.34036268215957  ,  95675.08510619737 ,  1773.1133864430376 , 64351.76689025482    , 6247.956031893828  , 2200.8462431657113  ,  781.4909651693561  , 97757.34851164758      , 151.30866718701628   ,   0
1663632000 ,20/09/2022 , 262493.9440165815  ,  94.7649306399893   , 111012.31633691119 ,  1784.0565539107188 , 62321.90215097214    , 5791.743663187462  , 2334.17259301471    ,  693.1864846499227  , 78333.89883393359      , 127.90246936177826   ,   0
1663718400 ,21/09/2022 , 248859.22373591995 , 232.57404139170535  , 110572.29277664686 ,  1729.1398480757518 , 60280.183729505705   , 5267.586678717818  , 2221.5862990169444  ,  657.243605172987   , 67734.54897714709      , 164.06778024508623   ,   0
1663804800 ,22/09/2022 , 258839.43877791698 , 176.15083266421004  , 114912.8763823782  ,  1567.2492337093395 , 62991.64131541727    , 6604.747357531163  , 2361.4728674171306  ,  957.4286220229153  , 69041.98518992933      , 225.88697684745253   ,   0
1663891200 ,23/09/2022 , 258010.54919923982 ,  97.62656860194146  , 116977.21481288924 ,  1381.0844711657578 , 63907.06049023767    , 5469.539916733282  , 2060.9833754594642  ,  678.0565518353576  , 67313.86692049234      , 125.11609182477966   ,   0
1663977600 ,24/09/2022 , 443820.9047308627  , 117.56327282671415  , 305290.9978692848  ,  1402.1101625661554 , 60857.17198676777    , 6107.05789390543   , 2304.867419758911   ,  677.9769036845244  , 67028.61984376886      ,  34.53937829949395   ,   0
1664064000 ,25/09/2022 , 247520.44928017145 , 230.0138771772331   , 108554.55643489402 ,  1522.887740620753  , 61150.27338446604    , 5311.130601794516  , 1916.6257105645782  ,  614.1375726697224  , 67984.41336074747      , 236.41059723713852   ,   0
1664150400 ,26/09/2022 , 251807.90476325536 , 207.6032909946189   , 113148.30300205741 ,  1379.602534125259  , 61518.92541821567    , 5325.343891063185  , 1903.8911239616627  ,  636.0422504498056  , 67576.6779082625       , 111.5153441252458    ,   0
1664236800 ,27/09/2022 , 248512.7420415845  , 193.425264552838    , 109899.02272135444 ,  1341.540596743167  , 60674.51022281106    , 4991.406117441401  , 1859.9862599076666  ,  624.8231498807149  , 68820.13878457915      , 107.58260644072459   ,   0.3063178733207798
1664323200 ,28/09/2022 , 245993.43317425097 , 151.17136871441812  , 107405.27584898952 ,  1296.987365159372  , 61137.30381843017    , 5306.940296167109  , 1910.5595684282491  ,  711.8726955260646  , 68019.19416625163      ,  54.12804658439685   ,   0
1664409600 ,29/09/2022 , 236090.51006490216 , 171.9603634899895   , 105647.89027952524 ,  1455.0378972360647 , 52354.35074135212    , 5674.686803262919  , 1838.5493321620397  ,  736.0630735699132  , 67953.79939064354      , 258.1721836603642    ,   0
1664496000 ,30/09/2022 , 220696.24601502062 ,  91.66332148509545  ,  97894.38037399756 ,  1283.8470013583217 , 46853.25674683274    , 5462.79308888958   , 1830.2155651782048  ,  654.3998952784468  , 66507.01439628277      , 118.67562571788429   ,   0
1664582400 ,01/10/2022 , 219992.8278040896  , 194.44813344044158  , 101511.51431425508 ,  1283.9837586344026 , 42523.685022839156   , 5428.326065084537  , 1894.9783742249026  ,  722.1132510224467  , 66160.91973951158      , 272.85914507708327   ,   0
1664668800 ,02/10/2022 , 216832.09011298986 , 187.10984679438747  ,  99515.2581007868  ,  1217.3477700797948 , 42691.4889236602     , 5105.951716577629  , 1825.0411249365861  ,  682.553974616169   , 65284.76713796804      , 322.57151757027214   ,   0
1664755200 ,03/10/2022 , 217759.760916715   , 177.5811281896262   ,  98555.50985368427 ,  1553.617792700834  , 44259.81344880634    , 5585.607392089825  , 2339.8733301790926  ,  672.2265175770198  , 64575.202947173704     ,  40.328506314289925  ,   0
1664841600 ,04/10/2022 , 225534.19814457992 , 184.76121569462953  , 106144.94223866698 ,  1258.3599492789897 , 46367.24914524461    , 5830.382031175336  , 1946.4050074033069  ,  624.4424515587193  , 62829.840161170985     , 347.8159443863411    ,   0
1664928000 ,05/10/2022 , 230295.19840880597 , 178.01806982609722  , 113013.07985244396 ,  1299.4694624635833 , 44891.35161821819    , 6163.367933204     , 2341.6076349329674  ,  629.4300422299862  , 61742.94248155234      ,  35.93131393486241   ,   0
1665014400 ,06/10/2022 , 233145.54345201422 ,   0                 , 112760.53910430073 ,  1229.352570301802  , 48587.86601213806    , 5822.697994925727  , 2561.403105127934   ,  835.1340190538945  , 61296.29157601498      ,  52.259070151079705  ,   0
1665100800 ,07/10/2022 , 229758.96056073156 ,  10.909060322868863 , 112277.4264473113  ,  1322.7174799443537 , 46170.994449538855   , 6379.132009370229  , 2490.622976787078   ,  684.1890936545241  , 60377.31203000233      ,  45.65701380004031   ,   0
1665187200 ,08/10/2022 , 225493.03324246663 , 197.79483238089233  , 109007.69153368451 ,  1236.621712310787  , 44730.68355539553    , 6175.447090189059  , 2491.0960502577236  ,  657.8979158129127  , 60933.07254558385      ,  62.72800685135535   ,   0
1665273600 ,09/10/2022 , 218665.86248977482 , 123.49137199887022  , 108096.18161755135 ,  1164.7863225385042 , 41161.411455354326   , 5915.266169993213  , 2531.689140875315   ,  593.3116814003414  , 59025.478037321496     ,  54.24669274140736   ,   0
1665360000 ,10/10/2022 , 358380.15640167514 , 120.84287337854364  , 252345.5420922698  ,  1181.448669802461  , 36935.80576135279    , 5801.001838521048  , 2462.8840121318076  ,  580.1990840431074  , 58923.02372613098      ,  29.408344044499984  ,   0
1665446400 ,11/10/2022 , 217016.09124322387 ,  91.04401704507073  , 105425.04010532917 ,  1156.135030517944  , 41625.61381310391    , 5734.3591240037495 , 2545.6773947051643  ,  583.4620465487263  , 59791.35221996799      ,  63.40749200212304   ,   0
1665532800 ,12/10/2022 , 220396.41843636244 ,  90.46752202069825  , 115828.40027437452 ,  1221.12415589019   , 38842.191733128195   , 5736.6008526914175 , 2436.5037654030607  ,  562.1124631246759  , 55643.50242723686      ,  35.51524249281488   ,   0
1665619200 ,13/10/2022 , 220868.45154258164 ,  62.69182967839904  , 117841.25092887206 ,  3410.164677246343  , 37795.09804486624    , 5736.533779351471  , 2500.182130682314   ,  675.9014528551231  , 52800.07779178132      ,  46.55090724837062   ,   0
1665705600 ,14/10/2022 , 221202.7919608818  , 115.98748761160559  , 116557.96957774521 ,  3038.921099173342  , 38697.88495499423    , 6114.415268336967  , 2710.4228312571518  ,  704.8715755988744  , 53218.45116349027      ,  43.86800267413453   ,   0
1665792000 ,15/10/2022 , 213558.8544244935  ,  97.0460611770567   , 117093.52065776942 ,  1382.872132425546  , 36883.60333571813    , 5516.111641005623  , 2639.8552914203315  ,  632.1036199407215  , 49274.798708746544     ,  38.942976290141594  ,   0
1665878400 ,16/10/2022 , 219584.5587675838  ,  74.03259522193638  , 124414.6279208707  ,  1439.8428156625548 , 36958.16549596528    , 5005.395676364754  , 2509.5926818237153  ,  709.907304194663   , 48447.54729966446      ,  25.44697781572158   ,   0
1665964800 ,17/10/2022 , 206797.87393784226 , 159.16482211366457  , 113514.58149998664 ,  1417.6068627875738 , 35591.442451826006   , 5003.254484903596  , 2433.3644266320202  ,  640.8241248008766  , 47996.972757322554     ,  40.66250746930365   ,   0
1666051200 ,18/10/2022 , 212810.79267620115 , 137.37798965449159  , 121949.86914840071 ,  1383.7298207766723 , 35408.62215125577    , 5147.156686496263  , 2494.83469841394    ,  669.3530808580061  , 45590.20795217585      ,  29.641148169445874  ,   0
1666137600 ,19/10/2022 , 214439.77168312762 ,   0                 , 129872.18567202396 ,  1422.4174509656766 , 35106.54040971145    , 5496.534949257731  , 2503.6109498811998  ,  661.7240042936203  , 39338.431361062176     ,  38.32688593184296   ,   0
1666224000 ,20/10/2022 , 206471.37317696435 ,  34.54702639159817  , 124867.81666302218 ,  1451.9327495607893 , 30834.242025606454   , 4836.664199057685  , 2400.086025555273   ,  686.0371422783682  , 41326.75549219818      ,  33.29185329382871   ,   0
1666310400 ,21/10/2022 , 200132.94896034797 ,  51.383682564923866 , 121784.48460024966 ,  1484.4696488614663 , 28835.977288511905   , 4983.3731288500485 , 2342.2834803262936  ,  714.5965901723762  , 39905.26502674411      ,  31.115514067203666  ,   0
1666396800 ,22/10/2022 , 189993.6364348651  , 125.00788329165857  , 112601.61166437574 ,  1572.2562990210424 , 28138.421495976352   , 4798.503231517003  , 2381.897577538407   ,  692.179462692687   , 39650.10423055354      ,  33.65458989868556   ,   0
1666483200 ,23/10/2022 , 204940.19561528703 , 173.61555394746713  , 125339.1433106981  ,  1345.8736604314845 , 28106.054375713404   , 4812.857176632556  , 2762.3121300599196  ,  685.9664630247423  , 41690.18414524521      ,  24.188799534174752  ,   0
1666569600 ,24/10/2022 , 220046.69635044795 , 118.50175563540924  , 125437.97379062511 ,  1537.4799638174682 , 27769.406443252796   ,18386.41726747583   , 2536.3579260170964  ,  720.4086111913506  , 43502.73894585901      ,  37.4116465738774    ,   0
1666656000 ,25/10/2022 , 274197.60127898265 , 105.78959481881114  , 188135.46229529174 ,  1404.0795291089753 , 28359.600891825274   , 4863.170942368943  , 2487.392837016204   ,  824.9923442815071  , 47979.76930540158      ,  37.34353886960778   ,   0
1666742400 ,26/10/2022 , 221663.02408772978 ,  79.33611889206594  , 133251.34861187421 ,  1678.1721973065244 , 28776.761861885665   , 5101.603126278648  , 2755.9227707633713  ,  913.1127722092863  , 49078.7771190726       ,  27.98950944741956   ,   0
1666828800 ,27/10/2022 , 422922.7496856555  , 127.83026616610071  , 324244.2935002236  ,  1562.7496455073335 , 29473.55623766717    , 4784.375058414788  , 2709.7507989663754  ,  847.2047577427303  , 59088.52483190994      ,  84.46458905742972   ,   0
1666915200 ,28/10/2022 , 243504.3609950026  ,  88.37831722043666  , 130239.35128492773 ,  1421.7552115201006 , 30404.42420614689    , 4911.965893550072  , 2860.2873002754854  ,  842.8409288893511  , 72675.61265905734      ,  59.74519341516557   ,   0
1667001600 ,29/10/2022 , 256295.29958047456 , 168.6436238631086   , 136355.0896394291  ,  1384.4254899892808 , 29697.699487420297   , 4608.26348913989   , 2898.410720980972   ,  896.7560075834677  , 80240.3643231858       ,  45.64679888264797   ,   0
1667088000 ,30/10/2022 , 255466.42969679306 ,  55.939127766135975 , 137855.7080479365  ,  1337.1019629491416 , 29435.638611171846   , 4653.335633877747  , 2494.360598967308   ,  951.1375062015817  , 78655.79005432475      ,  27.418153598070607  ,   0
1667174400 ,31/10/2022 , 254518.5195881634  , 249.85321421187825  , 138120.1314389349  ,  1611.4766824795029 , 29842.652957893235   , 4189.088548954211  , 2461.9943085970563  ,  962.2847703669867  , 77020.32368371675      ,  60.71398300887715   ,   0
1667260800 ,01/11/2022 , 205532.15045688374 , 116.4598321168775   , 143565.5940266698  ,  1781.7286812335963 , 32311.98574600756    , 4534.204165586004  , 2598.1381177815056  , 1073.2303440149299  , 19502.548226296924     ,  48.26131717654479   ,   0
1667347200 ,02/11/2022 , 204210.11613078733 , 148.43813978330678  , 148215.2553740547  ,  1443.8413080124924 , 32718.296556323417   , 4033.4768569158155 , 2632.9829432784554  ,  907.6437113823195  , 14070.920950162437     ,  39.260290874389746  ,   0
1667433600 ,03/11/2022 , 195855.04586105197 , 162.49650784875413  , 145172.66883749064 ,  1348.6315584547208 , 30641.060788733852   , 4909.8943636404165 , 2819.281774567451   , 1033.658642844378   ,  9649.321500291797     , 118.03188717998069   ,   0
1667520000 ,04/11/2022 , 186396.38935116134 , 156.22951911601405  , 141498.9983533633  ,  1381.5098375856337 , 29080.48988195703    , 5133.881927705966  , 2743.981251883985   ,  969.5008852713887  ,  5158.06196521334      , 138.88436646026446   , 134.85136260443906
1667606400 ,05/11/2022 , 219859.44216147758 , 130.81797109954374  , 170511.6623301766  ,  1801.4381028786443 , 32254.569837768802   , 5516.552130189143  , 3652.3580845140204  ,  977.3057792357689  ,  4983.81199269035      ,  30.925932924739307  ,   0
1667692800 ,06/11/2022 , 204156.026050305   , 145.12581175404148  , 159011.9625496194  ,  3734.0457328139423 , 29857.138091387955   , 4137.899085260376  , 3370.316569822886   ,  913.0344751889252  ,  2961.7452497999234    ,  24.758484657533334  ,   0
1667779200 ,07/11/2022 , 210429.0506157294  , 140.9995566184893   , 166153.16911378442 ,  3029.654898377038  , 31763.24074714061    , 3979.9075514903384 , 2883.648937856398   ,  940.3991943267358  ,  1494.5570598596235    ,  43.473556275741664  ,   0
1667865600 ,08/11/2022 , 209281.60142194602 ,   0                 , 163934.4715907749  ,  2616.333778085663  , 30493.452888386637   , 5174.238566435144  , 3877.7568691753254  , 1019.1384123580365  ,  2104.8178920569503    ,  61.39142467336617   ,   0
1667952000 ,09/11/2022 , 188793.98862063757 ,  40.94675678367054  , 140245.5373753397  ,  4534.107871219426  , 28716.038013030884   , 6911.041545614878  , 3996.6882836593823  , 1421.323275133831   ,  2817.1659173103985    , 111.13958254538099   ,   0
1668038400 ,10/11/2022 , 480023.1239685463  , 213.3367020382535   , 406689.60321120266 ,  2637.244767500627  , 54501.14897779299    , 7500.263893432904  , 3479.1205550324858  , 1443.4258478860477  ,  3443.478373541592     , 115.50164011871344   ,   0
1668124800 ,11/11/2022 , 318534.01004566497 , 154.39012092541333  , 258841.80121550753 ,  1943.2666203464746 , 39633.36498520352    , 7846.319936532464  , 4131.174738461444   , 2242.260405357746   ,  3690.5669887189497    ,  37.21089385848385   ,  13.65414075294852
1668211200 ,12/11/2022 , 226844.22914911062 ,  76.54364560466934  , 190917.18161518095 ,  1695.7557292153715 , 19752.16827150357    , 6777.513301964379  , 3700.9231054170036  ,  952.2485363636929  ,  2937.796417093457     ,  27.388506791568485  ,   6.710019975976838
1668297600 ,13/11/2022 , 237634.80564587636 ,   0                 , 200825.74484372637 ,  1623.5495262543461 , 21668.936326795978   , 7055.617738605128  , 2850.7034437453935  ,  726.8654269264525  ,  2873.0113691541164    ,   9.018190668568513  ,   1.35878
1668384000 ,14/11/2022 , 183031.1381851553  ,1556.8403138442713   , 146562.09277532055 ,  1605.3731408280466 , 20108.693978514788   , 7040.393289423043  , 2958.035978204538   ,  855.3705683695509  ,  2336.6842348482714    ,   7.653905802217577  ,   0
1668470400 ,15/11/2022 , 220358.58451483652 , 102.76594696238635  , 180562.0404466716  ,  1717.4211612822423 , 23291.177960596575   , 8188.316112947635  , 2548.3681453833274  ,  853.3169654072025  ,  3011.344332708137     ,  83.83344287743239   ,   0
1668556800 ,16/11/2022 , 262493.5047768146  , 146.1400756748134   , 228752.86226464648 ,  1692.8350235140133 , 18551.707901039666   , 7000.109410148047  , 2601.05299023672    ,  672.5974817303473  ,  3059.4161515676583    ,  16.783478256897794  ,   0
1668643200 ,17/11/2022 , 176011.66370350707 , 129.51138409577467  , 134062.365009588   ,  1627.3477518866723 , 26914.373159679322   , 6777.983606140725  , 2544.267234907617   ,  760.2781706211817  ,  3187.6480476774573    ,   7.889338910377061  ,   0
1668729600 ,18/11/2022 , 193461.37313235083 ,  26.60411119586512  , 157312.2081151244  ,  1644.400022024389  , 21165.631108075162   , 6667.771116235048  , 2541.109831853003   ,  730.4639354257715  ,  3364.796049339965     ,   8.388843077244417  ,   0
1668816000 ,19/11/2022 , 168837.91944228022 ,  34.837926388192585 , 136450.96575355    ,  1608.0696438810676 , 18272.117700339833   , 6509.890541019733  , 2581.278733474905   ,  701.9433672708319  ,  2670.920531475317     ,   7.89524488034884   ,   0
1668902400 ,20/11/2022 , 175338.30223860964 , 372.80612679070987  , 138103.5495363711  ,  1554.3559728307284 , 23390.85562120725    , 6273.0195914626    , 2217.3382036648313  ,  755.8932991551561  ,  2619.1097883842963    ,  51.37409874295676   ,   0
1668988800 ,21/11/2022 , 203191.85296519738 , 146.6017556038383   , 168286.41861223106 ,  1568.4664428696267 , 20618.675441151416   , 6971.263385996257  , 2184.420035625573   ,  812.3409713675804  ,  2591.7310722808065    ,  11.9352480712107    ,   0
1669075200 ,22/11/2022 , 194523.4927483493  , 119.11551714435163  , 147504.6320627792  ,  1602.3587077794564 , 20462.764813721195   ,18943.256944887653  , 2217.5386275200585  ,  947.2423940106555  ,  2637.2455628407743    ,  86.37001379910987   ,   2.96810386686339
1669161600 ,23/11/2022 , 194523.4927483493  , 119.11551714435163  , 147504.6320627792  ,  1602.3587077794564 , 20462.764813721195   ,18943.256944887653  , 2217.5386275200585  ,  947.2423940106555  ,  2637.2455628407743    ,  86.37001379910987   ,   2.96810386686339
1669161600 ,23/11/2022 , 194523.4927483493  , 119.11551714435163  , 147504.6320627792  ,  1602.3587077794564 , 20462.764813721195   ,18943.256944887653  , 2217.5386275200585  ,  947.2423940106555  ,  2637.2455628407743    ,  86.37001379910987   ,   2.96810386686339
1669161600 ,23/11/2022 , 194523.4927483493  , 119.11551714435163  , 147504.6320627792  ,  1602.3587077794564 , 20462.764813721195   ,18943.256944887653  , 2217.5386275200585  ,  947.2423940106555  ,  2637.2455628407743    ,  86.37001379910987   ,   2.96810386686339
1669161600 ,23/11/2022 , 194523.4927483493  , 119.11551714435163  , 147504.6320627792  ,  1602.3587077794564 , 20462.764813721195   ,18943.256944887653  , 2217.5386275200585  ,  947.2423940106555  ,  2637.2455628407743    ,  86.37001379910987   ,   2.96810386686339
1669161600 ,23/11/2022 , 194523.4927483493  , 119.11551714435163  , 147504.6320627792  ,  1602.3587077794564 , 20462.764813721195   ,18943.256944887653  , 2217.5386275200585  ,  947.2423940106555  ,  2637.2455628407743    ,  86.37001379910987   ,   2.96810386686339
1669161600 ,23/11/2022 , 194523.4927483493  , 119.11551714435163  , 147504.6320627792  ,  1602.3587077794564 , 20462.764813721195   ,18943.256944887653  , 2217.5386275200585  ,  947.2423940106555  ,  2637.2455628407743    ,  86.37001379910987   ,   2.96810386686339
1669161600 ,23/11/2022 , 194523.4927483493  , 119.11551714435163  , 147504.6320627792  ,  1602.3587077794564 , 20462.764813721195   ,18943.256944887653  , 2217.5386275200585  ,  947.2423940106555  ,  2637.2455628407743    ,  86.37001379910987   ,   2.96810386686339
1669161600 ,23/11/2022 , 194523.4927483493  , 119.11551714435163  , 147504.6320627792  ,  1602.3587077794564 , 20462.764813721195   ,18943.256944887653  , 2217.5386275200585  ,  947.2423940106555  ,  2637.2455628407743    ,  86.37001379910987   ,   2.96810386686339
1669161600 ,23/11/2022 , 194523.4927483493  , 119.11551714435163  , 147504.6320627792  ,  1602.3587077794564 , 20462.764813721195   ,18943.256944887653  , 2217.5386275200585  ,  947.2423940106555  ,  2637.2455628407743    ,  86.37001379910987   ,   2.96810386686339
1669161600 ,23/11/2022 , 194523.4927483493  , 119.11551714435163  , 147504.6320627792  ,  1602.3587077794564 , 20462.764813721195   ,18943.256944887653  , 2217.5386275200585  ,  947.2423940106555  ,  2637.2455628407743    ,  86.37001379910987   ,   2.96810386686339
1669161600 ,23/11/2022 , 194523.4927483493  , 119.11551714435163  , 147504.6320627792  ,  1602.3587077794564 , 20462.764813721195   ,18943.256944887653  , 2217.5386275200585  ,  947.2423940106555  ,  2637.2455628407743    ,  86.37001379910987   ,   2.96810386686339
1669161600 ,23/11/2022 , 194523.4927483493  , 119.11551714435163  , 147504.6320627792  ,  1602.3587077794564 , 20462.764813721195   ,18943.256944887653  , 2217.5386275200585  ,  947.2423940106555  ,  2637.2455628407743    ,  86.37001379910987   ,   2.96810386686339
1669161600 ,23/11/2022 , 194523.4927483493  , 119.11551714435163  , 147504.6320627792  ,  1602.3587077794564 , 20462.764813721195   ,18943.256944887653  , 2217.5386275200585  ,  947.2423940106555  ,  2637.2455628407743    ,  86.37001379910987   ,   2.96810386686339
1669161600 ,23/11/2022 , 194523.4927483493  , 119.11551714435163  , 147504.6320627792  ,  1602.3587077794564 , 20462.764813721195   ,18943.256944887653  , 2217.5386275200585  ,  947.2423940106555  ,  2637.2455628407743    ,  86.37001379910987   ,   2.96810386686339
1669161600 ,23/11/2022 , 194523.4927483493  , 119.11551714435163  , 147504.6320627792  ,  1602.3587077794564 , 20462.764813721195   ,18943.256944887653  , 2217.5386275200585  ,  947.2423940106555  ,  2637.2455628407743    ,  86.37001379910987   ,   2.96810386686339
1669161600 ,23/11/2022 , 194523.4927483493  , 119.11551714435163  , 147504.6320627792  ,  1602.3587077794564 , 20462.764813721195   ,18943.256944887653  , 2217.5386275200585  ,  947.2423940106555  ,  2637.2455628407743    ,  86.37001379910987   ,   2.96810386686339
1669161600 ,23/11/2022 , 194523.4927483493  , 119.11551714435163  , 147504.6320627792  ,  1602.3587077794564 , 20462.764813721195   ,18943.256944887653  , 2217.5386275200585  ,  947.2423940106555  ,  2637.2455628407743    ,  86.37001379910987   ,   2.96810386686339
1669161600 ,23/11/2022 , 194523.4927483493  , 119.11551714435163  , 147504.6320627792  ,  1602.3587077794564 , 20462.764813721195   ,18943.256944887653  , 2217.5386275200585  ,  947.2423940106555  ,  2637.2455628407743    ,  86.37001379910987   ,   2.96810386686339
1669161600 ,23/11/2022 , 194523.4927483493  , 119.11551714435163  , 147504.6320627792  ,  1602.3587077794564 , 20462.764813721195   ,18943.256944887653  , 2217.5386275200585  ,  947.2423940106555  ,  2637.2455628407743    ,  86.37001379910987   ,   2.96810386686339
1669161600 ,23/11/2022 , 194523.4927483493  , 119.11551714435163  , 147504.6320627792  ,  1602.3587077794564 , 20462.764813721195   ,18943.256944887653  , 2217.5386275200585  ,  947.2423940106555  ,  2637.2455628407743    ,  86.37001379910987   ,   2.96810386686339
1669161600 ,23/11/2022 , 194523.4927483493  , 119.11551714435163  , 147504.6320627792  ,  1602.3587077794564 , 20462.764813721195   ,18943.256944887653  , 2217.5386275200585  ,  947.2423940106555  ,  2637.2455628407743    ,  86.37001379910987   ,   2.96810386686339
1669248000 ,24/11/2022 , 247193.62636880937 , 238.5480830708677   , 216069.67519125185 ,  1513.576691299763  , 16661.1544039621     , 6311.3706866505345 , 2697.6233811176808  ,  854.7957109518416  ,  2766.471925749782     ,  80.41029475492597   ,   0
1669334400 ,25/11/2022 , 199348.60109717128 , 165.48323880384075  , 168816.4324293067  ,  1544.9644578391692 , 15863.97861521246    , 6591.523887980488  , 2439.10294852003    ,  991.2733604486746  ,  2923.6761845049723    ,  12.16597455496348   ,   0
1669420800 ,26/11/2022 , 226600.61589799158 , 180.60118000519094  , 195039.58665544956 ,  1459.5641919910072 , 17359.316780584737   , 6023.935673493832  , 2419.741161008706   ,  964.0552360478601  ,  3146.4126840735507    ,   7.402335337125312  ,   0
1669507200 ,27/11/2022 , 188058.16982925037 ,  43.339257840877075 , 155439.18648971288 ,  1377.1460843089674 , 18952.179133508664   , 5938.2338323145905 , 2266.236730095413   ,  839.2363971601545  ,  3197.812265869827     ,   4.799638439008454  ,   0
1669593600 ,28/11/2022 , 165445.02544218153 ,   0                 , 133154.09346066523 ,  1429.9839644176154 , 18109.107446798887   , 5739.563213774052  , 2135.009997858384   ,  859.3722856847917  ,  4013.3809394183527    ,   4.514133564193071  ,   0
1669680000 ,29/11/2022 , 163449.49823892358 , 121.78382683609708  , 128889.77662545585 ,  1351.200995127414  , 19054.83474294949    , 6466.151897160494  , 2309.351980810316   ,  875.8936477361511  ,  4375.531642054356     ,   4.972880793442798  ,   0
1669766400 ,30/11/2022 , 157100.3545048356  , 163.6340261778952   , 124325.57004388355 ,  1376.4628340473464 , 18966.672837439495   , 5959.821704631     , 2044.7853871042141  ,  841.8112001304198  ,  3385.0334191521533    ,  36.56305226953467   ,   0
1669852800 ,01/12/2022 , 166843.22499367865 , 111.9891131146249   , 132705.12941694513 ,  1371.9178547882366 , 18720.073305425663   , 6097.187272386889  , 2477.1068311487156  ,  937.3124254236819  ,  4416.925906023406     ,   5.582868422320515  ,   0
1669939200 ,02/12/2022 , 157706.68352016754 ,  15.113072290702899 , 125442.0766126085  ,  1442.0394809487004 , 18908.353157567075   , 4749.462846940319  , 2350.4729153392173  , 1040.4982321479408  ,  3727.2767995516547    ,   3.3393865113148804 ,  28.051016262128517
1670025600 ,03/12/2022 , 205148.42447659333 ,  28.54840883820213  , 127249.95697590709 , 38540.75657054239   , 27669.575883780562   , 4855.257739118348  , 2426.5641273148294  ,  983.5622812602093  ,  3363.7880477789795    ,  30.414442052722     ,   0
1670112000 ,04/12/2022 , 150433.50962224515 , 104.92900307068714  , 121566.97270756713 ,  1479.4894947244043 , 15338.063143278505   , 5342.214498614617  , 2228.4474904089793  , 1098.8678682057493  ,  3224.4870644812545    ,  50.038351893851704  ,   0
1670198400 ,05/12/2022 , 150699.72692721026 , 141.5949076373671   , 121377.72882582808 ,  1458.2377086829567 , 15841.098910463534   , 5272.066685822219  , 2255.2883934110573  , 1085.762984591079   ,  3265.1812410559146    ,   2.7672697180398185 ,   0
1670284800 ,06/12/2022 , 156796.89705654152 ,  84.56218791375564  , 126922.09862317922 ,  1461.2549509981723 , 16457.264255628732   , 5420.055539913789  , 2294.0562370600765  ,  993.0879586814214  ,  3162.9282107354247    ,   1.5890924309055035 ,   0
1670371200 ,07/12/2022 , 160485.4865608673  , 122.32189653477334  , 132157.16328244723 ,  1465.44696187108   , 14939.495201948654   , 5046.184454675549  , 2675.1204475150007  ,  940.6858396745738  ,  3138.39020796738      ,   0.6782682330892066 ,   0
1670457600 ,08/12/2022 , 156910.6839468882  ,  80.53633560953539  , 129666.53988318409 ,  1447.2378395622713 , 13443.28964898498    , 5658.717178747658  , 2321.4671295840662  , 1138.5116541473851  ,  3152.3157538339333    ,   2.068523234265885  ,   0
1670544000 ,09/12/2022 , 164806.413640336   ,  59.168269598530024 , 136395.0518449527  ,  1401.4706353242693 , 14970.497274270712   , 5178.918623805667  , 2287.754701476647   , 1306.4653958348604  ,  3195.393784866689     ,  11.693110205928775  ,   0
1670630400 ,10/12/2022 , 153707.1566870137  ,  15.763449687946013 , 126537.74897862248 ,  1444.1856806729488 , 13947.388187792269   , 5121.650462900794  , 2230.116453400269   , 1292.2068231070589  ,  3100.769565701147     ,  17.3270851287944    ,   0
1670716800 ,11/12/2022 , 172170.82768793238 ,  64.85450571403507  , 129704.33213083439 ,  1381.6880530809156 , 14351.714586999778   , 5072.520698043093  , 2267.739088061544   ,16256.644491247253   ,  3063.655494549199     ,   7.678639402175911  ,   0
1670803200 ,12/12/2022 , 160571.49980591913 ,  32.23799842405699  , 132941.2117436731  ,  1340.423898229297  , 13956.291286749767   , 5201.166372710909  , 2292.689381372888   , 1613.0449117283283  ,  3192.2943170859276    ,   2.1398959448150583 ,   0
1670889600 ,13/12/2022 , 158683.85238464357 ,  23.30734526020041  , 130633.49619812096 ,  1374.0984447567    , 14019.533407016068   , 5305.4936292242965 , 2430.4504987367823  , 1676.7415729306022  ,  3219.2782667816064    ,   1.453021816329184  ,   0
1670976000 ,14/12/2022 , 166557.56926597795 , 133.52547103156152  , 136281.86566777198 ,  1386.1157703014562 , 15324.390678321099   , 5843.536156881012  , 2379.336410080807   , 1823.4919576301438  ,  3294.273988461454     ,  91.0331654984343    ,   0
1671062400 ,15/12/2022 , 160551.24942732774 , 127.78576661308034  , 135379.20203303517 ,  1353.6023854718364 , 10947.724702826532   , 5239.7306102139555 , 2553.4447776408124  , 1716.0798636759002  ,  3223.0407904992107    ,  10.638497351227986  ,   0
1671148800 ,16/12/2022 , 159275.56516617863 ,  28.118826743947228 , 133966.13169185378 ,  1515.0321025116966 , 11132.222378732997   , 5219.7136342428885 , 2507.4486213612736  , 1747.9286769209368  ,  3145.199307229352     ,  13.769926581756003  ,   0
1671235200 ,17/12/2022 , 158394.01494819    ,  14.399155105720913 , 131603.680465948   ,  1339.1841812241    , 12004.416561092314   , 5751.983130564288  , 2419.3201615639523  , 1823.3310304056795  ,  3437.7002622859163    ,   0                  ,   0
1671321600 ,18/12/2022 , 153688.8782330097  , 105.33468666376429  , 125469.1549816388  ,  1267.2226306899759 , 14665.290412449614   , 5234.184315517422  , 2252.918349380091   , 1820.9655874423786  ,  2872.4623798547227    ,   0                  ,   1.3448893729167402
1671408000 ,19/12/2022 , 165375.6913632095  , 152.9924077303802   , 134506.59513704956 ,  1289.6511304446117 , 17474.503624791978   , 5128.187321568917  , 2225.610054653053   , 1736.955042215324   ,  2858.2406624654354    ,   2.95598229026895   ,   0
1671494400 ,20/12/2022 , 180309.2925828463  , 230.70042989267282  , 154791.43017240393 ,  1277.8589624049089 , 11543.460865737876   , 5425.367715077723  , 2158.567597031172   , 1663.045097549184   ,  3218.8617427488502    ,   0                  ,   0
1671580800 ,21/12/2022 , 175957.7773389068  , 118.67612732147174  , 150860.20696162965 ,  1269.0347458312349 , 12079.720908248375   , 4866.210229015211  , 2102.5255726054365  , 1894.753063790342   ,  2766.6497304650957    ,   0                  ,   0
1671667200 ,22/12/2022 , 177958.25076407203 , 107.13769979665358  , 154148.25274019284 ,  1270.0796997759735 , 11670.098745801104   , 4519.28714957372   , 2162.05066110922    , 1620.7368195936945  ,  2457.772858375601     ,   2.8343898532436747 ,   0
1671753600 ,23/12/2022 , 177166.85840597196 , 138.60244028422608  , 151398.5826593481  ,  1228.767319039031  , 13700.734300544991   , 4439.32162885314   , 2177.4972795877247  , 1649.6921962402803  ,  2433.660582074527     ,   0                  ,   0
1671840000 ,24/12/2022 , 169104.53700647174 , 132.59081819317169  , 145640.06273199836 ,  1210.4594852823561 , 11816.437234167848   , 4276.510432510664  , 2078.896512031694   , 1535.5299009707128  ,  2414.0498913169035    ,   0                  ,   0
1671926400 ,25/12/2022 , 167679.8798648796  , 104.31881560331828  , 141710.17123994633 ,  1177.3831798995911 , 14754.748006999973   , 4048.5112401452225 , 2012.451567481534   , 1492.9038876780073  ,  2377.5136380106724    ,   1.8782891149393648 ,   0
1672012800 ,26/12/2022 , 162876.2607471716  , 129.83135938578204  , 139115.15835382702 ,  1183.992064936468  , 12297.061093716678   , 4160.413161553065  , 2023.3779177392346  , 1468.5604890702361  ,  2497.147910399217     ,   0.7183965439065999 ,   0
1672099200 ,27/12/2022 , 165943.23637290453 , 153.37455252318966  , 141910.32465772217 ,  1145.892811299515  , 12679.353522934676   , 4115.403036863644  , 2005.7609961334783  , 1446.2363081284136  ,  2484.5877417700317    ,   2.302745529381085  ,   0
1672185600 ,28/12/2022 , 165379.68871798375 ,   8.986546770047354 , 140659.64832774387 ,  1076.066839672916  , 13529.588619140706   , 4319.339948692209  , 2036.8922397316526  , 1363.121943991491   ,  2383.219180020699     ,   2.825072220151994  ,   0
