Date,fully_diluted_market_cap ($),circulating_market_cap ($)
2017-12-20,1095442508.62,0.00
2017-12-21,1522705059.35,0.00
2017-12-22,878702561.19,0.00
2017-12-23,1048636676.58,0.00
2017-12-24,1247846924.39,0.00
2017-12-25,1590146707.62,0.00
2017-12-26,1232137682.03,0.00
2017-12-27,1155264593.46,0.00
2017-12-28,1079739774.12,0.00
2017-12-29,1085075150.13,0.00
2017-12-30,1022742252.99,0.00
2017-12-31,1014988192.33,0.00
2018-01-01,1096085832.17,0.00
2018-01-02,1123693201.23,0.00
2018-01-03,1159401245.22,0.00
2018-01-04,1026908798.13,0.00
2018-01-05,1131444436.77,0.00
2018-01-06,1375984712.38,0.00
2018-01-07,1474825339.95,0.00
2018-01-08,1383744494.49,0.00
2018-01-09,1509055444.94,0.00
2018-01-10,1142530388.14,0.00
2018-01-11,1308579881.11,0.00
2018-01-12,1416601098.85,0.00
2018-01-13,1650119428.63,0.00
2018-01-14,1472786782.93,0.00
2018-01-15,1225543494.63,0.00
2018-01-16,1132364713.98,0.00
2018-01-17,1114383383.07,685122084.28
2018-01-18,1568688165.34,964428330.28
2018-01-19,1569130869.31,964700504.36
2018-01-20,1808735989.00,1112009555.72
2018-01-21,1636232095.77,1005954289.03
2018-01-22,1569880317.29,965161264.43
2018-01-23,1566074481.37,962821439.30
2018-01-24,1598238466.14,982595833.48
2018-01-25,1494564847.87,918857369.22
2018-01-26,1489027164.07,915452805.29
2018-01-27,1412730045.26,868545392.77
2018-01-28,1502658762.64,923833502.07
2018-01-29,1440868063.71,885844625.81
2018-01-30,1437355447.20,883685071.77
2018-01-31,1330505509.55,817993808.69
2018-02-01,1361444726.97,837015216.80
2018-02-02,1259189194.13,774148590.42
2018-02-03,1161721545.28,714225551.60
2018-02-04,1174351789.04,721990616.17
2018-02-05,1079645976.74,663765552.42
2018-02-06,768393063.00,472407489.98
2018-02-07,900161867.82,553418854.27
2018-02-08,930485756.96,572061959.01
2018-02-09,1003488984.29,616944289.48
2018-02-10,1097716680.22,674875407.63
2018-02-11,1061996372.12,652914588.49
2018-02-12,1011566289.29,621910210.65
2018-02-13,1056850968.80,649751198.31
2018-02-14,1035882005.92,636859495.35
2018-02-15,1104165302.48,678840015.86
2018-02-16,1170683645.49,719735444.21
2018-02-17,1164808458.55,716123383.60
2018-02-18,1148078018.83,705837521.57
2018-02-19,1089829849.19,670026589.71
2018-02-20,1135497843.63,698103239.11
2018-02-21,1087560162.48,668631187.99
2018-02-22,968822864.18,595631584.33
2018-02-23,970188466.90,596471155.88
2018-02-24,1000556180.97,615141204.16
2018-02-25,986499699.42,606499289.64
2018-02-26,1026967962.76,631379148.17
2018-02-27,1029466480.14,632915234.82
2018-02-28,1048850894.31,644832758.40
2018-03-01,1065813139.71,655261134.39
2018-03-02,1039999264.21,639390782.72
2018-03-03,1025860942.70,630698553.05
2018-03-04,1022621811.96,628707137.85
2018-03-05,965269598.32,593447039.09
2018-03-06,968859103.54,595653864.26
2018-03-07,965288460.51,593458635.55
2018-03-08,860724245.42,529172633.03
2018-03-09,846312086.01,520312048.02
2018-03-10,829859605.27,510197074.96
2018-03-11,802557340.45,493411662.63
2018-03-12,837876092.81,515125605.60
2018-03-13,819297230.31,503703334.60
2018-03-14,815938516.60,501638399.89
2018-03-15,752302703.58,462515148.84
2018-03-16,741351392.25,455782290.70
2018-03-17,731574902.57,449771712.03
2018-03-18,676496271.18,415909409.96
2018-03-19,678225966.58,416972825.42
2018-03-20,704733188.86,433269446.18
2018-03-21,711967283.07,437716961.98
2018-03-22,729429104.29,448452476.83
2018-03-23,691977214.33,425427082.42
2018-03-24,723367842.03,444726017.24
2018-03-25,689709374.36,424032816.08
2018-03-26,686440607.41,422023180.56
2018-03-27,645473027.24,396836342.40
2018-03-28,592916582.51,364524678.84
2018-03-29,588079605.24,361550908.77
2018-03-30,498757331.97,306635640.86
2018-03-31,516686744.75,317658630.65
2018-04-01,525025079.21,322785032.54
2018-04-02,495164652.05,304426863.89
2018-04-03,502334944.93,308835154.68
2018-04-04,538170398.89,330866765.41
2018-04-05,504277575.98,310029482.82
2018-04-06,509303979.85,313119712.22
2018-04-07,491146539.68,301956531.36
2018-04-08,502546960.93,308965501.96
2018-04-09,524853734.57,322679689.99
2018-04-10,534989147.65,328910934.49
2018-04-11,557016790.94,342453513.39
2018-04-12,589698561.08,362546241.63
2018-04-13,660014679.79,405776539.69
2018-04-14,698226427.57,429269094.13
2018-04-15,701447820.20,431249603.95
2018-04-16,757477646.62,465696700.02
2018-04-17,757633027.87,465792228.30
2018-04-18,747400670.32,459501382.40
2018-04-19,770230410.90,473537090.12
2018-04-20,847763082.48,521204119.58
2018-04-21,888360120.02,546163148.40
2018-04-22,915401391.76,562788102.38
2018-04-23,939936207.75,577872089.20
2018-04-24,951859616.49,585202592.13
2018-04-25,1041444091.23,640279061.31
2018-04-26,900678619.86,553736553.05
2018-04-27,1018502852.70,626174804.73
2018-04-28,1011150003.65,621654278.54
2018-04-29,1064798844.90,654637546.69
2018-04-30,1074974518.87,660893543.56
2018-05-01,1046786636.62,643563654.28
2018-05-02,1044726585.56,642297136.41
2018-05-03,1059380046.08,651306073.16
2018-05-04,1135705613.99,698230976.17
2018-05-05,1148272412.63,705957034.73
2018-05-06,1138131329.14,699722304.06
2018-05-07,1072963028.74,659656880.90
2018-05-08,1022271657.91,628491863.40
2018-05-09,1013289489.82,622969633.07
2018-05-10,1030936024.06,633818709.34
2018-05-11,1069902014.91,657774971.85
2018-05-12,962210493.74,591566303.84
2018-05-13,946263547.77,581762133.19
2018-05-14,982000843.19,603733396.14
2018-05-15,957858842.80,588890912.05
2018-05-16,918624806.75,564769855.54
2018-05-17,906394170.62,557250469.45
2018-05-18,867629317.85,533417866.48
2018-05-19,911814031.55,560582595.96
2018-05-20,892174941.41,548508497.79
2018-05-21,919776770.35,565478081.92
2018-05-22,908450880.26,558514933.02
2018-05-23,866380100.14,532649848.34
2018-05-24,764160419.11,469805263.63
2018-05-25,779818635.04,479431923.27
2018-05-26,785790787.11,483103597.97
2018-05-27,780523294.26,479865147.24
2018-05-28,771393010.24,474251855.34
2018-05-29,711572744.87,437474400.18
2018-05-30,753214034.66,463075434.52
2018-05-31,742649012.61,456580066.74
2018-06-01,765044356.88,470348707.92
2018-06-02,769201930.54,472904781.15
2018-06-03,784201590.08,482126560.80
2018-06-04,802205142.31,493195131.47
2018-06-05,783621225.74,481769753.24
2018-06-06,793943599.82,488115941.22
2018-06-07,804549969.60,494636729.56
2018-06-08,794431424.64,488415855.56
2018-06-09,781300507.55,480342977.39
2018-06-10,776924651.47,477652704.30
2018-06-11,683993387.60,420518631.62
2018-06-12,693259122.05,426215198.35
2018-06-13,659948358.61,405735765.48
2018-06-14,608957191.72,374386433.58
2018-06-15,623151142.56,383112864.12
2018-06-16,573406497.15,352529892.71
2018-06-17,557989700.80,343051657.65
2018-06-18,541093161.32,332663677.61
2018-06-19,542156453.96,333317389.14
2018-06-20,560792052.32,344774541.31
2018-06-21,565984626.38,347966932.02
2018-06-22,574602178.68,353264996.83
2018-06-23,525785114.28,323252301.55
2018-06-24,539351856.25,331593124.53
2018-06-25,524346741.51,322367991.03
2018-06-26,526320928.27,323581719.59
2018-06-27,487155644.09,299502931.69
2018-06-28,496386482.64,305178044.43
2018-06-29,480782979.09,295585021.93
2018-06-30,504470029.93,310147803.37
2018-07-01,532661224.63,327479729.13
2018-07-02,534195647.84,328423091.39
2018-07-03,564611791.06,347122913.87
2018-07-04,552808896.98,339866503.28
2018-07-05,546286543.96,335856565.43
2018-07-06,555678422.55,341630685.49
2018-07-07,551428015.88,366436026.48
2018-07-08,573644266.77,381199213.08
2018-07-09,583941175.36,388041734.97
2018-07-10,570886055.45,379366321.09
2018-07-11,556041560.57,369501828.24
2018-07-12,565254953.27,375624330.03
2018-07-13,557735188.03,370627280.88
2018-07-14,549741653.89,365315401.90
2018-07-15,551024200.60,366167682.36
2018-07-16,571465764.23,379751550.31
2018-07-17,599039541.22,398074930.66
2018-07-18,658798980.81,437786390.65
2018-07-19,642331443.84,426843350.68
2018-07-20,614978794.32,408666914.39
2018-07-21,593434836.16,394350481.06
2018-07-22,611267809.59,406200883.54
2018-07-23,600166766.99,398823996.94
2018-07-24,592043427.91,393425859.73
2018-07-25,636403946.74,422904398.69
2018-07-26,640597651.12,425691207.35
2018-07-27,636052109.33,422670595.01
2018-07-28,647981529.95,430597956.99
2018-07-29,627171779.77,416769420.99
2018-07-30,652024869.63,433284845.00
2018-07-31,638373852.13,424213444.08
2018-08-01,607817916.33,403908353.71
2018-08-02,587768965.81,390585385.79
2018-08-03,568752001.00,377948065.01
2018-08-04,556400973.68,369740538.94
2018-08-05,547370830.04,363739812.25
2018-08-06,562734856.55,373949541.76
2018-08-07,544213526.12,361641715.18
2018-08-08,520592996.60,345945359.98
2018-08-09,509653047.46,338675526.02
2018-08-10,512991456.08,340893971.11
2018-08-11,486483210.58,323278665.88
2018-08-12,472121310.08,313734870.88
2018-08-13,475134846.80,315737431.52
2018-08-14,435437183.37,289357471.45
2018-08-15,406940873.73,270421054.40
2018-08-16,407302138.78,270695479.74
2018-08-17,421868263.57,280304267.05
2018-08-18,443827452.61,294884065.99
2018-08-19,435152006.68,289109468.48
2018-08-20,453542145.08,301373175.00
2018-08-21,424923724.38,282371049.46
2018-08-22,438229486.61,291228009.92
2018-08-23,404658452.65,268800655.22
2018-08-24,423076422.31,281080519.49
2018-08-25,438594245.98,291373755.62
2018-08-26,435613874.20,289409806.01
2018-08-27,431855870.22,286977611.03
2018-08-28,451122973.89,299432640.76
2018-08-29,460880826.94,306456917.07
2018-08-30,452398302.82,301016444.86
2018-08-31,443989419.59,295180749.55
2018-09-01,463043713.52,307945711.82
2018-09-02,488345194.99,324670982.31
2018-09-03,513610608.24,333751812.93
2018-09-04,488062082.13,324032650.20
2018-09-05,473265935.50,315192268.06
2018-09-06,423318294.70,281648812.72
2018-09-07,395717049.54,263157759.79
2018-09-08,389561057.03,259220257.15
2018-09-09,350241723.11,232743236.60
2018-09-10,341652354.09,227035414.22
2018-09-11,340574881.35,226025391.90
2018-09-12,333649669.54,241747700.26
2018-09-13,312237423.34,226336386.16
2018-09-14,354245187.24,256573120.26
2018-09-15,415513695.72,300909375.38
2018-09-16,432277389.80,313104819.20
2018-09-17,420456471.81,304489938.50
2018-09-18,387543586.11,280655828.96
2018-09-19,437870060.45,317147929.08
2018-09-20,408278689.37,295566701.14
2018-09-21,415598938.19,300958352.39
2018-09-22,442515918.89,320465146.73
2018-09-23,454649265.73,329251982.66
2018-09-24,464717358.95,339371503.61
2018-09-25,453818626.54,328629285.88
2018-09-26,442317835.49,320261479.03
2018-09-27,444893014.41,322209220.86
2018-09-28,471551127.69,341467526.52
2018-09-29,481139806.15,348436139.79
2018-09-30,489528787.08,354511347.24
2018-10-01,496471660.76,359539299.76
2018-10-02,496639244.07,358508041.53
2018-10-03,499514878.21,361676435.03
2018-10-04,505919268.19,366539191.67
2018-10-05,535261182.16,387630243.25
2018-10-06,614867648.12,445177854.48
2018-10-07,644903767.65,466993767.10
2018-10-08,624188236.28,452030234.81
2018-10-09,773319260.23,559959505.77
2018-10-10,747381893.15,541230504.43
2018-10-11,687966935.41,496744618.58
2018-10-12,644784062.32,466945504.82
2018-10-13,661800166.92,479268380.05
2018-10-14,657555064.87,477329289.63
2018-10-15,652044270.51,472289813.73
2018-10-16,689384918.80,498602009.15
2018-10-17,705356260.59,510780899.41
2018-10-18,652516482.74,472291214.64
2018-10-19,678346308.98,491373907.08
2018-10-20,683812338.70,495142368.33
2018-10-21,683263434.48,494776662.41
2018-10-22,693353852.43,501877581.32
2018-10-23,684328495.17,495473443.93
2018-10-24,677900739.28,490928236.94
2018-10-25,685739926.55,496605289.88
2018-10-26,658183810.48,476721022.49
2018-10-27,640753486.84,463982478.12
2018-10-28,629015755.80,455517262.70
2018-10-29,630196085.81,456363837.82
2018-10-30,631698937.51,457281568.27
2018-10-31,631212809.78,457151207.38
2018-11-01,612844608.92,443822293.25
2018-11-02,635973848.20,460353676.88
2018-11-03,632065547.41,457815229.25
2018-11-04,632460381.80,458030812.57
2018-11-05,659435361.19,477555813.83
2018-11-06,671668123.81,486246545.66
2018-11-07,676405205.38,489141618.41
2018-11-08,687657149.20,497556118.01
2018-11-09,676836431.77,490667502.85
2018-11-10,662117908.54,481729239.92
2018-11-11,662186564.97,478089337.98
2018-11-12,698256086.38,506247287.98
2018-11-13,693400511.50,500311142.53
2018-11-14,695429921.82,504197878.02
2018-11-15,586542249.34,423598692.36
2018-11-16,576882049.77,417771616.41
2018-11-17,579452614.59,418758872.33
2018-11-18,574575760.99,415997573.20
2018-11-19,574106168.39,415860674.84
2018-11-20,403063683.21,290001445.04
2018-11-21,432781112.95,310410383.79
2018-11-22,457440946.25,331601384.60
2018-11-23,405295031.23,304462188.21
2018-11-24,386766157.53,280082017.89
2018-11-25,334810908.85,242464943.24
2018-11-26,332212310.97,240584490.71
2018-11-27,332379379.01,241883560.20
2018-11-28,336815639.29,244152551.14
2018-11-29,388492734.15,281479624.50
2018-11-30,378260584.98,273821802.31
2018-12-01,365531095.81,264390194.88
2018-12-02,383833218.27,278416387.58
2018-12-03,398552708.87,288255560.01
2018-12-04,392260266.59,284129177.46
2018-12-05,430833422.53,311840011.58
2018-12-06,377045921.52,273748480.18
2018-12-07,348114472.61,252792874.74
2018-12-08,346884530.15,251123032.78
2018-12-09,340218798.84,246133241.64
2018-12-10,349341722.17,253032617.36
2018-12-11,322503901.14,233668619.32
2018-12-12,334981375.88,242599034.66
2018-12-13,329070241.60,238061505.69
2018-12-14,334114134.77,242063091.65
2018-12-15,341420804.88,247138634.60
2018-12-16,337456247.29,244553489.98
2018-12-17,339929496.28,246998763.35
2018-12-18,369654119.41,267877234.44
2018-12-19,425866538.85,308471269.60
2018-12-20,421227742.36,305277077.34
2018-12-21,432699908.54,312948909.85
2018-12-22,425572139.38,308062732.13
2018-12-23,425574992.29,307831654.27
2018-12-24,443856126.69,321945632.17
2018-12-25,478649150.51,346575439.37
2018-12-26,447315796.24,323814446.41
2018-12-27,454161465.22,329221308.58
2018-12-28,428736161.22,311908201.00
2018-12-29,466875119.12,337820367.71
2018-12-30,471215407.89,344273062.93
2018-12-31,469407658.91,339776806.01
2019-01-01,446051060.80,322937594.62
2019-01-02,456848325.38,330818801.88
2019-01-03,488229317.03,353570285.36
2019-01-04,485849297.99,351831633.31
2019-01-05,494264893.95,357868478.97
2019-01-06,502402404.28,363586225.50
2019-01-07,506044074.62,366395440.50
2019-01-08,487739145.89,353891661.85
2019-01-09,486277830.03,352216829.20
2019-01-10,487483685.69,353262182.83
2019-01-11,432545876.15,312889422.88
2019-01-12,426573896.80,308443080.81
2019-01-13,428073183.70,309134396.96
2019-01-14,412919330.32,298865864.86
2019-01-15,452098797.90,327725963.47
2019-01-16,436870783.86,316208431.70
2019-01-17,453900995.22,328867097.77
2019-01-18,466443127.83,337768002.17
2019-01-19,459825482.64,333139401.98
2019-01-20,465793049.81,336937541.90
2019-01-21,453238027.04,328335516.52
2019-01-22,426413870.54,308851118.79
2019-01-23,452601155.45,327782715.65
2019-01-24,457833231.43,331399172.55
2019-01-25,470551577.34,340768261.29
2019-01-26,466784773.98,338100499.76
2019-01-27,446379856.20,323289303.91
2019-01-28,431732979.07,312484124.58
2019-01-29,396765930.14,287491535.88
2019-01-30,397128703.85,287608969.31
2019-01-31,377438064.24,273408898.68
2019-02-01,367774932.97,266277227.00
2019-02-02,376136781.57,272312586.99
2019-02-03,380441095.18,274020024.24
2019-02-04,377097470.06,273243616.66
2019-02-05,395226363.02,285263717.39
2019-02-06,398870891.67,288857899.49
2019-02-07,394934523.22,286007224.89
2019-02-08,402044369.05,291156096.80
2019-02-09,443798981.59,321594338.92
2019-02-10,454670811.26,329453702.69
2019-02-11,472662419.71,342296910.05
2019-02-12,482513504.18,349430956.75
2019-02-13,507749443.61,367386204.17
2019-02-14,547277429.79,396332277.21
2019-02-15,518892871.37,375982972.82
2019-02-16,502589678.35,363969900.61
2019-02-17,508917326.48,368578313.91
2019-02-18,543447463.49,393623888.96
2019-02-19,578733569.20,419112466.36
2019-02-20,633200645.74,458660503.69
2019-02-21,661214217.15,479555484.63
2019-02-22,646133602.51,467397667.99
2019-02-23,670375967.27,487001954.87
2019-02-24,736619987.95,533452069.05
2019-02-25,651988421.21,475819736.97
2019-02-26,673765768.48,487933736.70
2019-02-27,682550271.68,494461399.73
2019-02-28,658024474.55,476483655.25
2019-03-01,672653050.95,487634957.88
2019-03-02,672020338.22,487088376.39
2019-03-03,675430797.63,489045190.61
2019-03-04,665539552.85,481950961.62
2019-03-05,620862652.37,449621883.63
2019-03-06,678621470.62,491320317.06
2019-03-07,686043059.13,496829564.10
2019-03-08,676174805.77,489387338.53
2019-03-09,667239711.50,483406492.88
2019-03-10,648213773.13,469404833.33
2019-03-11,649658080.04,470474224.22
2019-03-12,653616044.30,473269650.05
2019-03-13,659404197.41,477394571.18
2019-03-14,644131335.72,466616521.74
2019-03-15,651571916.31,471380817.46
2019-03-16,681217903.88,492975171.96
2019-03-17,705656364.92,511237222.03
2019-03-18,700865610.90,507612237.72
2019-03-19,690563241.68,500114299.67
2019-03-20,708339697.51,512901317.19
2019-03-21,702262318.68,508570623.99
2019-03-22,705143727.91,510805267.21
2019-03-23,730072174.84,725957088.87
2019-03-24,736537416.24,732115061.46
2019-03-25,731520629.25,727382274.69
2019-03-26,717638073.88,713905348.92
2019-03-27,687204035.98,709883966.65
2019-03-28,732820824.92,728944759.57
2019-03-29,723607904.96,719592934.81
2019-03-30,704102747.52,700401771.38
2019-03-31,714730295.27,710542117.58
2019-04-01,714633351.47,710487215.84
2019-04-02,713197405.85,709381235.55
2019-04-03,791101728.44,791576992.14
2019-04-04,762174310.29,761067148.58
2019-04-05,736253999.25,732363871.84
2019-04-06,784622511.17,780661764.07
2019-04-07,773009294.80,769698836.55
2019-04-08,787859487.06,768008464.12
2019-04-09,715513070.39,712400917.58
2019-04-10,713549041.74,709189200.62
2019-04-11,717841035.16,714126644.96
2019-04-12,652077134.80,648756953.09
2019-04-13,638462894.78,635094420.36
2019-04-14,628542323.86,624948456.47
2019-04-15,634184854.80,630609059.13
2019-04-16,632716527.98,629022417.60
2019-04-17,638037641.30,634407903.87
2019-04-18,633834605.65,630443016.11
2019-04-19,647517812.79,643965307.19
2019-04-20,627532700.89,624525319.57
2019-04-21,614539601.43,611137863.18
2019-04-22,607207049.63,603514761.72
2019-04-23,608997829.62,605945101.95
2019-04-24,598591739.02,594907412.61
2019-04-25,579553977.07,573421062.27
2019-04-26,519471711.99,516161700.89
2019-04-27,500337292.31,495063832.23
2019-04-28,501231837.87,498022518.26
2019-04-29,534748240.21,531653752.55
2019-04-30,521133379.61,518253549.55
2019-05-01,536052417.12,533064818.43
2019-05-02,516791019.11,513691869.62
2019-05-03,521188927.36,517742081.05
2019-05-04,555058064.14,551544729.15
2019-05-05,534001877.76,531037180.16
2019-05-06,519870558.78,516646793.33
2019-05-07,529560578.00,526422333.07
2019-05-08,538283462.56,536642559.46
2019-05-09,537194578.53,533847652.68
2019-05-10,522277362.00,519683371.53
2019-05-11,525551629.79,521541152.86
2019-05-12,597122734.36,596771538.27
2019-05-13,559730306.69,556158373.35
2019-05-14,588637044.36,585671343.53
2019-05-15,625500207.79,620652907.75
2019-05-16,693833082.70,707776806.47
2019-05-17,667228554.94,660881133.83
2019-05-18,630058507.55,624609160.33
2019-05-19,626624245.89,623188377.11
2019-05-20,681546935.70,678597045.32
2019-05-21,665313315.42,661585212.07
2019-05-22,669838807.81,668738053.29
2019-05-23,663304957.30,659431311.94
2019-05-24,658448262.88,656018134.78
2019-05-25,676702905.73,672402163.01
2019-05-26,701061119.88,696874013.35
2019-05-27,737811681.54,734296707.00
2019-05-28,755539386.15,751459316.77
2019-05-29,750036681.03,745884054.78
2019-05-30,762598834.24,757701639.44
2019-05-31,723307183.94,719850585.09
2019-06-01,744644758.12,739789128.62
2019-06-02,730938828.03,729794624.38
2019-06-03,736328652.86,731987245.46
2019-06-04,699089564.40,695067281.84
2019-06-05,656260051.94,651591477.30
2019-06-06,686630834.75,682824466.65
2019-06-07,716663210.31,713398116.17
2019-06-08,773023428.46,765434331.29
2019-06-09,775278401.19,770693868.00
2019-06-10,740791988.82,736802347.02
2019-06-11,728618310.82,725061980.36
2019-06-12,715481390.54,713689919.03
2019-06-13,748328742.79,742818440.21
2019-06-14,726672189.68,722314069.60
2019-06-15,736191118.55,734087376.49
2019-06-16,732060637.44,727529801.43
2019-06-17,738895961.04,737049116.74
2019-06-18,741700846.00,737712666.49
2019-06-19,720782612.92,716304573.86
2019-06-20,727281174.99,722721291.83
2019-06-21,723525703.43,720258928.67
2019-06-22,750970278.46,738578024.19
2019-06-23,765837101.85,761700542.43
2019-06-24,745051181.11,741321195.01
2019-06-25,734919121.93,731611432.43
2019-06-26,766611389.47,754819602.70
2019-06-27,754532963.93,749775573.70
2019-06-28,662296882.02,658624526.80
2019-06-29,708460170.62,702299388.20
2019-06-30,703978100.57,700321518.02
2019-07-01,641077678.48,637381146.55
2019-07-02,624274760.14,619680709.33
2019-07-03,630681936.67,465772315.04
2019-07-04,670553826.32,494528151.87
2019-07-05,656960683.93,485150869.92
2019-07-06,660167560.38,487665024.80
2019-07-07,676438770.99,499713641.74
2019-07-08,704302260.65,520350902.16
2019-07-09,712687347.23,525672743.33
2019-07-10,750074809.60,553876366.13
2019-07-11,696596787.86,515166240.12
2019-07-12,680687826.55,496317478.59
2019-07-13,670543689.37,495150803.72
2019-07-14,664196997.67,490578019.45
2019-07-15,590830864.35,435845810.17
2019-07-16,596321241.53,441020517.02
2019-07-17,490559804.41,363271147.66
2019-07-18,523607483.89,386867962.99
2019-07-19,564673381.30,419757052.89
2019-07-20,559479229.38,413368523.99
2019-07-21,572183248.76,423400829.61
2019-07-22,578556992.37,426766240.09
2019-07-23,557312542.22,412245959.66
2019-07-24,568187467.58,419179179.02
2019-07-25,590177128.11,436760229.28
2019-07-26,580637535.19,429076504.85
2019-07-27,608883946.15,449888011.38
2019-07-28,571545628.13,422801010.37
2019-07-29,580451302.90,429251549.73
2019-07-30,570843356.41,421007662.98
2019-07-31,574155139.14,424167662.99
2019-08-01,591713493.54,436568287.27
2019-08-02,598735223.81,442421187.23
2019-08-03,604249595.86,446297445.76
2019-08-04,598977568.61,442488682.97
2019-08-05,589983427.14,436392537.68
2019-08-06,593731073.67,438657333.78
2019-08-07,561992924.11,413927008.34
2019-08-08,550799086.63,406749149.59
2019-08-09,542583083.69,399305682.76
2019-08-10,504363663.29,374026832.29
2019-08-11,495968518.36,366431357.61
2019-08-12,514523952.88,379859143.03
2019-08-13,485376308.08,358549623.18
2019-08-14,477534184.04,352822406.91
2019-08-15,452453971.13,333954318.65
2019-08-16,479753027.81,353483080.77
2019-08-17,509913877.91,376767380.27
2019-08-18,522209187.80,385917333.19
2019-08-19,512440577.56,378049548.20
2019-08-20,522285612.00,385676327.73
2019-08-21,514900868.25,380614784.69
2019-08-22,497490620.51,367479577.03
2019-08-23,499604919.36,369174660.12
2019-08-24,510758162.26,377499041.18
2019-08-25,502673034.49,371471153.89
2019-08-26,503474679.67,371907945.84
2019-08-27,518857426.92,383657959.73
2019-08-28,525687930.08,388399517.54
2019-08-29,474356967.48,350226101.92
2019-08-30,478034851.05,353301409.05
2019-08-31,466494057.27,344612275.56
2019-09-01,477502799.89,352976583.15
2019-09-02,477209851.10,352532437.80
2019-09-03,489075987.87,360752795.54
2019-09-04,472849725.69,352744383.94
2019-09-05,464723773.26,342921745.97
2019-09-06,465237928.29,343735122.99
2019-09-07,426126284.01,314805929.90
2019-09-08,437519403.05,323255643.35
2019-09-09,446018471.47,331557267.71
2019-09-10,479344866.19,354106568.24
2019-09-11,485938110.94,359049272.12
2019-09-12,472658198.63,349114845.37
2019-09-13,463030959.67,342145168.18
2019-09-14,466229898.39,344127546.57
2019-09-15,474441055.57,351447046.84
2019-09-16,474537784.06,350557654.55
2019-09-17,472861166.75,349367455.72
2019-09-18,525767948.01,374289274.76
2019-09-19,528704727.99,390658006.90
2019-09-20,555313970.42,403564273.75
2019-09-21,552724376.57,408364801.27
2019-09-22,553174842.38,408585828.96
2019-09-23,539128941.06,398488550.75
2019-09-24,503338193.78,371868970.64
2019-09-25,447263963.69,333799974.24
2019-09-26,451790473.65,333799787.36
2019-09-27,448121516.74,331122196.69
2019-09-28,455943722.98,336868277.31
2019-09-29,446380651.69,329802664.14
2019-09-30,433782385.97,320679238.40
2019-10-01,447370327.78,330216965.34
2019-10-02,455330260.38,336038609.00
2019-10-03,455330260.38,336038609.00
2019-10-04,445360734.28,329126606.16
2019-10-05,444095513.76,328114319.06
2019-10-06,444880088.58,328685103.60
2019-10-07,427757005.54,315996202.94
2019-10-08,451950044.25,333779772.92
2019-10-09,453950188.66,335740613.55
2019-10-10,543018301.57,401251221.22
2019-10-11,530974592.96,392303821.16
2019-10-12,502152273.22,371008817.00
2019-10-13,508704081.21,375861637.27
2019-10-14,502619336.01,371350993.56
2019-10-15,513187224.50,379163329.09
2019-10-16,500628845.46,369908677.19
2019-10-17,485741104.88,358981909.64
2019-10-18,488925848.34,361089808.01
2019-10-19,487894940.35,360474968.03
2019-10-20,491406932.91,363593476.66
2019-10-21,500917588.19,370093899.55
2019-10-22,493673076.50,364744905.17
2019-10-23,486887074.60,359714396.51
2019-10-24,458298354.81,338514332.27
2019-10-25,460976215.29,340743805.67
2019-10-26,524964910.52,387904560.80
2019-10-27,511127101.16,377639754.41
2019-10-28,520109646.95,384275882.84
2019-10-29,511325794.91,377431958.17
2019-10-30,541276885.77,398974969.11
2019-10-31,516103458.59,381316472.77
2019-11-01,526029224.92,391666699.16
2019-11-02,536686509.30,396335693.68
2019-11-03,531402360.87,392620830.14
2019-11-04,523568568.69,386831974.37
2019-11-05,545200823.68,402060961.19
2019-11-06,556263836.94,411046001.72
2019-11-07,568750548.91,420214105.50
2019-11-08,665819807.72,491932492.13
2019-11-09,658607820.99,486604007.51
2019-11-10,667455713.93,493141160.62
2019-11-11,667212110.61,492961254.26
2019-11-12,657444700.34,485348994.02
2019-11-13,660023728.38,487407099.92
2019-11-14,657627678.00,487561154.80
2019-11-15,652938596.07,481539885.93
2019-11-16,622557395.04,459417844.01
2019-11-17,619639834.01,459055997.98
2019-11-18,667863261.17,493351597.03
2019-11-19,654730888.00,483947557.29
2019-11-20,600965779.05,443300895.66
2019-11-21,583768775.16,438849168.15
2019-11-22,532532877.07,393291875.51
2019-11-23,518224358.75,383793810.16
2019-11-24,553725192.57,410519904.75
2019-11-25,477028545.46,356238189.46
2019-11-26,534392751.87,394762465.38
2019-11-27,538325128.97,397566824.17
2019-11-28,547212391.98,404438035.01
2019-11-29,549091604.97,408427170.10
2019-11-30,548036021.91,404909440.82
2019-12-01,543078176.17,401178474.29
2019-12-02,527469676.27,382711402.88
2019-12-03,568118489.06,420019055.03
2019-12-04,544506200.81,402835306.98
2019-12-05,498527174.42,368371620.43
2019-12-06,508178539.71,375224051.22
2019-12-07,507256434.76,378721701.50
2019-12-08,502749136.93,371360030.90
2019-12-09,509455856.87,376915064.06
2019-12-10,505712448.72,373590048.93
2019-12-11,508034168.01,369708317.71
2019-12-12,497440473.41,367542967.32
2019-12-13,496217215.36,367085428.67
2019-12-14,512168119.91,370385524.91
2019-12-15,508068787.06,375018787.05
2019-12-16,496703906.44,367280049.96
2019-12-17,466427255.04,344475476.02
2019-12-18,419423658.61,310196384.88
2019-12-19,461690115.99,341113867.02
2019-12-20,478525970.78,352614164.75
2019-12-21,485197092.01,358720658.43
2019-12-22,492232474.82,363337279.79
2019-12-23,510308848.01,376953769.44
2019-12-24,458867013.82,338135676.72
2019-12-25,459153216.58,338231783.85
2019-12-26,442932791.97,327223259.45
2019-12-27,438302467.76,323778368.28
2019-12-28,430182586.46,317736279.21
2019-12-29,437226997.36,323167656.83
2019-12-30,453548380.68,334993715.86
2019-12-31,443907791.08,327730231.73
2020-01-01,437108397.33,322805962.34
2020-01-02,439484853.11,324480260.43
2020-01-03,426522170.55,315145005.69
2020-01-04,444384735.38,326456203.30
2020-01-05,440995626.13,327300232.18
2020-01-06,446376040.48,329966258.62
2020-01-07,467176038.06,407648459.73
2020-01-08,470709171.67,410397782.70
2020-01-09,482731517.12,424670112.04
2020-01-10,472242692.89,412767823.82
2020-01-11,486459751.62,424203860.46
2020-01-12,479537077.76,420953813.02
2020-01-13,493247083.00,432365098.13
2020-01-14,486708182.29,426659154.57
2020-01-15,537396339.19,465468269.96
2020-01-16,531452098.38,460518812.59
2020-01-17,531373413.32,458912349.37
2020-01-18,516906666.90,449279749.83
2020-01-19,518238056.27,450011554.28
2020-01-20,508260327.32,440095407.46
2020-01-21,484366791.14,421001671.79
2020-01-22,488011170.03,422521358.37
2020-01-23,477780737.15,413888750.15
2020-01-24,472753844.84,408040999.49
2020-01-25,467606411.47,404566332.61
2020-01-26,459601308.07,397852766.30
2020-01-27,480482533.38,415252833.08
2020-01-28,486442592.36,420372154.59
2020-01-29,532577974.41,460929247.78
2020-01-30,521505945.88,452833391.06
2020-01-31,547467749.75,473028980.95
2020-02-01,545164169.56,472944596.75
2020-02-02,553996842.98,479006349.47
2020-02-03,554560523.35,480355108.20
2020-02-04,559203834.31,483749369.42
2020-02-05,553720184.77,478443848.85
2020-02-06,574433574.28,498557034.83
2020-02-07,573549532.54,496947003.31
2020-02-08,579777910.12,501243760.29
2020-02-09,577356395.20,499263654.98
2020-02-10,589604231.38,509741695.00
2020-02-11,575152959.71,498055175.96
2020-02-12,590230438.95,510517300.09
2020-02-13,612576838.68,529601037.32
2020-02-14,627288745.08,541387188.61
2020-02-15,638926600.06,552569486.29
2020-02-16,604963049.39,522891271.79
2020-02-17,634804319.09,548351130.08
2020-02-18,614396030.54,529312080.89
2020-02-19,636789444.47,551624896.05
2020-02-20,647193940.02,566981942.22
2020-02-21,644680683.25,557496178.68
2020-02-22,632702509.73,546250319.82
2020-02-23,641427018.23,554519758.84
2020-02-24,656920862.07,568182699.91
2020-02-25,635001399.22,547600148.22
2020-02-26,590479586.07,511228614.49
2020-02-27,541730754.36,470387272.03
2020-02-28,566428508.29,490036443.88
2020-02-29,588682641.11,508865340.46
2020-03-01,555713450.82,480757187.04
2020-03-02,548261771.74,474445367.86
2020-03-03,578939712.54,500041391.55
2020-03-04,537709644.39,466254912.00
2020-03-05,547004179.10,471497919.29
2020-03-06,548485882.86,473748917.63
2020-03-07,592840735.29,511462898.17
2020-03-08,615465331.04,531468647.43
2020-03-09,514614033.19,446837152.76
2020-03-10,516321000.15,446449926.59
2020-03-11,504624015.36,437295285.02
2020-03-12,493425516.07,425976096.25
2020-03-13,204453230.46,177230074.90
2020-03-14,318080161.84,271639572.55
2020-03-15,243170792.87,210503481.77
2020-03-16,213305771.87,184297776.28
2020-03-17,205859287.32,175912427.40
2020-03-18,212321012.03,184522891.65
2020-03-19,212278747.51,183310550.95
2020-03-20,271316663.66,233409256.62
2020-03-21,255250863.75,222081950.32
2020-03-22,272366334.84,236949808.26
2020-03-23,256813875.06,223563894.18
2020-03-24,271302155.40,238726410.93
2020-03-25,281030024.78,247053833.88
2020-03-26,282921066.14,247878152.14
2020-03-27,344875062.84,302205510.58
2020-03-28,309509308.35,272525664.35
2020-03-29,311093548.54,274563566.85
2020-03-30,291170189.29,257595941.47
2020-03-31,295331762.56,261546040.42
2020-04-01,293906088.44,258862895.58
2020-04-02,296473658.77,260805272.08
2020-04-03,302521965.86,265921516.25
2020-04-04,300846665.06,265411713.89
2020-04-05,313139018.29,275603998.27
2020-04-06,300216977.84,264740202.67
2020-04-07,326037805.83,287052117.18
2020-04-08,324040447.77,286168687.78
2020-04-09,323167955.77,285373801.96
2020-04-10,329590151.24,290887320.57
2020-04-11,300412607.06,265263270.11
2020-04-12,299122357.50,263891242.18
2020-04-13,291407116.67,262371331.00
2020-04-14,298644125.90,264101839.96
2020-04-15,293149168.31,258856316.33
2020-04-16,285307400.46,251206232.86
2020-04-17,295496564.45,261238526.91
2020-04-18,300286077.14,266263663.44
2020-04-19,319619443.29,282330846.03
2020-04-20,318569839.75,281199317.17
2020-04-21,301005652.75,265497325.55
2020-04-22,313102393.63,276134647.33
2020-04-23,331235674.07,292189705.78
2020-04-24,332338520.68,288256747.46
2020-04-25,338615222.40,298880492.53
2020-04-26,334016925.17,294783060.00
2020-04-27,346900988.93,305209675.11
2020-04-28,340763411.46,300117046.79
2020-04-29,337461627.95,297637362.31
2020-04-30,347902766.74,306083559.49
2020-05-01,337242267.59,298767695.16
2020-05-02,349956524.88,309697531.73
2020-05-03,355313746.63,313967440.97
2020-05-04,353918202.58,312205175.37
2020-05-05,352435884.10,309718374.02
2020-05-06,341811836.42,299260561.23
2020-05-07,329249730.17,294916816.18
2020-05-08,345985711.20,308572861.19
2020-05-09,340618416.85,299343365.51
2020-05-10,340739571.17,303683510.16
2020-05-11,330971248.32,291855220.85
2020-05-12,321146777.03,283608785.94
2020-05-13,321933171.69,284618453.25
2020-05-14,329756922.55,291311915.95
2020-05-15,330007205.91,291284141.10
2020-05-16,324530874.01,285277091.84
2020-05-17,333316107.51,293487522.64
2020-05-18,344189466.59,302395156.63
2020-05-19,328701043.10,290131243.51
2020-05-20,333387405.29,293766567.95
2020-05-21,331872685.06,292107504.22
2020-05-22,316588210.34,280494191.14
2020-05-23,331889383.02,293507928.31
2020-05-24,338991037.21,299735437.77
2020-05-25,325613497.69,287383445.07
2020-05-26,346597095.09,305305786.52
2020-05-27,340351542.33,300414672.48
2020-05-28,347095736.19,306367502.24
2020-05-29,353391785.45,312071841.56
2020-05-30,494381210.68,435986171.51
2020-05-31,513489931.28,452755874.60
2020-06-01,462316359.36,407971618.42
2020-06-02,463237077.82,411403606.69
2020-06-03,446111276.41,394130020.62
2020-06-04,426854754.05,376646233.78
2020-06-05,434652910.12,382942948.88
2020-06-06,481283828.98,423445610.38
2020-06-07,497777536.90,439368291.65
2020-06-08,545425069.30,482115701.80
2020-06-09,558572122.78,493629440.94
2020-06-10,700444124.58,621680659.87
2020-06-11,671922732.38,593354124.13
2020-06-12,613823074.69,545056055.52
2020-06-13,594510847.65,529750310.58
2020-06-14,553739809.28,490734839.62
2020-06-15,510796494.87,451346408.19
2020-06-16,552584465.81,492057096.26
2020-06-17,543991658.16,483141401.91
2020-06-18,543077561.33,482131914.50
2020-06-19,528188227.89,471499207.80
2020-06-20,518489717.49,464961781.38
2020-06-21,523218107.34,469615863.67
2020-06-22,514014651.80,461381904.31
2020-06-23,525922905.11,470463017.94
2020-06-24,505347666.69,453305522.46
2020-06-25,486267893.71,436447553.04
2020-06-26,465271435.31,417772704.31
2020-06-27,457578176.02,409391701.93
2020-06-28,444678308.05,399198193.68
2020-06-29,451862048.59,405358451.55
2020-06-30,455485416.49,408730110.63
2020-07-01,457474811.78,409359363.39
2020-07-02,448539660.49,402434993.75
2020-07-03,442488278.29,398622324.28
2020-07-04,447736089.61,401901381.58
2020-07-05,492976221.52,447316114.77
2020-07-06,471909852.19,423311229.47
2020-07-07,468708964.96,420237880.14
2020-07-08,460731176.37,413006409.39
2020-07-09,462393916.67,414775272.14
2020-07-10,455818320.98,408796967.42
2020-07-11,453219233.50,406405009.28
2020-07-12,474523958.09,425760485.72
2020-07-13,463592319.71,414172604.12
2020-07-14,451444170.59,404867912.96
2020-07-15,466072976.62,418629703.88
2020-07-16,460975432.80,414010811.58
2020-07-17,445755627.21,399532253.85
2020-07-18,451808329.48,405414051.23
2020-07-19,456864031.73,410124909.66
2020-07-20,469349639.40,420747609.85
2020-07-21,453959415.81,407178706.46
2020-07-22,460245612.29,412975951.67
2020-07-23,498652131.06,449001201.28
2020-07-24,531362142.31,476775440.30
2020-07-25,518220553.43,465253728.90
2020-07-26,528609272.98,476538326.23
2020-07-27,523345117.74,469052321.81
2020-07-28,512676085.29,459720239.49
2020-07-29,517820902.29,464987149.57
2020-07-30,549091397.18,492908539.19
2020-07-31,571292273.28,512517429.51
2020-08-01,560372496.68,503147257.69
2020-08-02,597357961.37,535870038.54
2020-08-03,570824805.83,512299139.51
2020-08-04,596359505.81,534758535.19
2020-08-05,587672945.00,526655540.82
2020-08-06,596949973.39,535586563.14
2020-08-07,589411330.34,528861689.97
2020-08-08,584549277.10,522795075.36
2020-08-09,584827052.93,527050174.66
2020-08-10,597549134.10,536012263.24
2020-08-11,628137905.59,566636000.66
2020-08-12,595282000.13,533180987.85
2020-08-13,725147885.95,652708816.22
2020-08-14,797674205.00,713409554.17
2020-08-15,731747488.25,656390587.68
2020-08-16,697759358.26,625489008.34
2020-08-17,698326244.04,626411133.73
2020-08-18,693777347.91,622537158.67
2020-08-19,673568002.54,606487342.22
2020-08-20,655802934.43,585098657.39
2020-08-21,663684250.85,595591264.56
2020-08-22,607636266.53,540929295.14
2020-08-23,643141985.32,576909866.43
2020-08-24,639653360.93,574284970.86
2020-08-25,683170956.14,610019326.06
2020-08-26,640269544.70,575725732.32
2020-08-27,645066149.03,578751747.93
2020-08-28,617908731.86,555537585.62
2020-08-29,635202699.79,569849756.81
2020-08-30,635706543.65,571220755.89
2020-08-31,679974258.28,609247130.05
2020-09-01,684493082.54,614883659.82
2020-09-02,723604273.05,651490283.36
2020-09-03,667346378.86,596859230.25
2020-09-04,571236236.41,514089205.69
2020-09-05,590585136.60,531206760.48
2020-09-06,514109657.71,461899044.34
2020-09-07,550069651.73,492278089.92
2020-09-08,530063668.91,474332380.19
2020-09-09,511724353.66,457818891.22
2020-09-10,526807485.27,472345385.00
2020-09-11,537742350.70,480252846.71
2020-09-12,527687380.68,474118130.79
2020-09-13,517038268.35,462282777.83
2020-09-14,500403385.61,449250354.35
2020-09-15,486537979.61,436990580.02
2020-09-16,458470660.84,410842418.28
2020-09-17,477910079.29,428609114.09
2020-09-18,507678082.93,455820524.31
2020-09-19,498650052.73,447126023.70
2020-09-20,515823459.69,462741474.97
2020-09-21,477532503.02,428655630.92
2020-09-22,456074925.00,411305246.79
2020-09-23,463037839.44,414692925.09
2020-09-24,437936393.17,392306486.42
2020-09-25,487178893.65,437617464.00
2020-09-26,506841171.00,453457424.28
2020-09-27,529950075.80,474045016.74
2020-09-28,504657664.49,452973329.27
2020-09-29,516815300.84,457865983.75
2020-09-30,529063865.76,480113556.75
2020-10-01,576436486.99,524004281.15
2020-10-02,578884006.14,524281030.61
2020-10-03,556732531.11,505639050.96
2020-10-04,561344219.96,508716189.92
2020-10-05,573230710.22,519677988.64
2020-10-06,567707270.45,514084787.35
2020-10-07,522515040.41,474101046.83
2020-10-08,525043935.07,476895610.25
2020-10-09,533334037.87,485579484.09
2020-10-10,570077251.12,519398117.69
2020-10-11,590149537.74,535390945.27
2020-10-12,592608934.02,536393576.06
2020-10-13,594778912.46,538885397.12
2020-10-14,581564648.29,527336806.88
2020-10-15,580353976.04,525212961.19
2020-10-16,562078504.69,508462515.34
2020-10-17,546087617.61,496626779.72
2020-10-18,558118698.22,504964874.20
2020-10-19,577699465.15,523001384.83
2020-10-20,575912888.66,519601626.25
2020-10-21,555462845.38,502387617.01
2020-10-22,571064159.50,515236117.98
2020-10-23,598533130.05,541981027.47
2020-10-24,596774541.37,540845476.67
2020-10-25,603377010.96,545330926.93
2020-10-26,586772112.34,530922179.92
2020-10-27,573933861.40,517425257.62
2020-10-28,588497394.22,531708576.24
2020-10-29,547585393.54,493933718.48
2020-10-30,536840738.59,485964405.96
2020-10-31,521377442.42,473725667.33
2020-11-01,526478393.12,476554395.83
2020-11-02,541872142.08,489743896.02
2020-11-03,526353857.88,476964392.95
2020-11-04,524280523.44,472695601.40
2020-11-05,523899148.39,473459553.49
2020-11-06,534506399.47,485172793.64
2020-11-07,542372601.10,490918809.28
2020-11-08,523666903.39,474403904.79
2020-11-09,537545199.78,487922557.55
2020-11-10,525453514.14,475312297.16
2020-11-11,555038094.98,501535492.91
2020-11-12,548015312.32,496229742.22
2020-11-13,535394679.29,485747100.64
2020-11-14,559325040.59,503628317.43
2020-11-15,533848084.88,485061028.04
2020-11-16,518326126.13,469154561.56
2020-11-17,520823192.20,470278222.57
2020-11-18,527903209.00,477949613.01
2020-11-19,514201082.62,464808718.60
2020-11-20,511976932.24,463105582.29
2020-11-21,519585096.26,470372896.64
2020-11-22,551914588.66,498019817.25
2020-11-23,564816781.74,512948697.34
2020-11-24,604256996.02,544633271.58
2020-11-25,602501556.43,544298718.42
2020-11-26,568292841.58,513390922.37
2020-11-27,529409690.90,477009313.83
2020-11-28,518078710.26,467004096.25
2020-11-29,533653274.88,482424228.84
2020-11-30,547477724.40,494180321.28
2020-12-01,570696034.42,515881439.21
2020-12-02,532586554.29,481453726.87
2020-12-03,562865419.29,508545504.24
2020-12-04,593890413.41,535233085.58
2020-12-05,529713198.71,477365937.68
2020-12-06,536328446.93,483628024.55
2020-12-07,532201310.85,480020228.42
2020-12-08,521793870.86,469562972.10
2020-12-09,504784549.39,457371781.27
2020-12-10,511038709.58,460311540.29
2020-12-11,527470463.21,476946514.83
2020-12-12,505803846.05,457101705.53
2020-12-13,516502389.62,465336525.28
2020-12-14,528569737.63,475895472.47
2020-12-15,542163677.36,487477250.38
2020-12-16,532175123.14,479149344.73
2020-12-17,541262645.08,487639241.77
2020-12-18,540727396.59,487145858.53
2020-12-19,572854574.85,515723147.20
2020-12-20,570557662.95,512930265.62
2020-12-21,548993095.80,494522589.48
2020-12-22,529073706.82,475962630.38
2020-12-23,551755470.97,494141617.43
2020-12-24,523812477.78,473152412.05
2020-12-25,530687194.28,476370064.79
2020-12-26,538729638.84,484665590.29
2020-12-27,547302345.05,491757945.16
2020-12-28,571770120.16,515131462.10
2020-12-29,588242171.76,528027201.89
2020-12-30,570820855.35,512417309.58
2020-12-31,579613919.65,519426747.35
2021-01-01,590503801.63,529774890.12
2021-01-02,585137224.05,525219180.21
2021-01-03,613771594.50,550350781.70
2021-01-04,681633281.10,618240722.06
2021-01-05,675567847.32,601664181.62
2021-01-06,773485396.49,693892078.58
2021-01-07,1028923531.30,919199266.65
2021-01-08,1075205873.61,961687240.97
2021-01-09,1048689650.42,939483103.49
2021-01-10,1583221514.36,1388515711.43
2021-01-11,1528944774.67,1382295963.48
2021-01-12,1413053084.94,1250385835.19
2021-01-13,1494622582.62,1342195383.61
2021-01-14,1557717629.57,1405384543.39
2021-01-15,1594854756.05,1415682351.87
2021-01-16,1478839264.10,1331425622.85
2021-01-17,1497182514.39,1344002663.69
2021-01-18,1454608147.08,1316320952.37
2021-01-19,1427489858.79,1281695671.29
2021-01-20,1428326659.50,1292089454.31
2021-01-21,1426293268.65,1272429909.83
2021-01-22,1170187133.10,1059768940.88
2021-01-23,1416010674.10,1252488406.67
2021-01-24,1386475593.27,1241803770.34
2021-01-25,1450032855.20,1309596278.92
2021-01-26,1379549346.33,1240755883.57
2021-01-27,1478285433.34,1326621136.45
2021-01-28,1340210967.74,1202283178.03
2021-01-29,1411245974.02,1267325141.32
2021-01-30,1409140568.30,1266073430.54
2021-01-31,1585657145.12,1417867566.82
2021-02-01,1486991759.51,1338454552.24
2021-02-02,1483959401.08,1323700969.65
2021-02-03,1705748527.51,1541070737.95
2021-02-04,1769381157.30,1581591550.98
2021-02-05,2087458110.16,1898354456.70
2021-02-06,2738410277.37,2416571725.35
2021-02-07,2566497619.44,2315240029.15
2021-02-08,2468508080.35,2205080689.33
2021-02-09,2517390401.91,2244844932.03
2021-02-10,2581162539.15,2321049590.48
2021-02-11,2528330621.38,2267009637.22
2021-02-12,2542396425.87,2271078422.52
2021-02-13,2755226858.71,2452028575.29
2021-02-14,2615703080.81,2354080104.64
2021-02-15,2536905796.11,2277439941.40
2021-02-16,2480991383.36,2223108863.79
2021-02-17,2499470318.28,2246847761.10
2021-02-18,2617841967.46,2345262980.24
2021-02-19,2643856074.72,2367986008.38
2021-02-20,2590434597.47,2318190798.58
2021-02-21,2637944319.91,2336042811.07
2021-02-22,2638696253.73,2366198933.35
2021-02-23,2409895225.72,2160580454.15
2021-02-24,2235265429.72,1982788606.56
2021-02-25,2248302263.97,2011496737.20
2021-02-26,2041656359.25,1833762236.16
2021-02-27,1971666600.85,1773620172.38
2021-02-28,2009566247.08,1791968838.58
2021-03-01,2032215228.56,1842414279.21
2021-03-02,2190839634.35,1959551205.37
2021-03-03,2186384025.76,1953752918.80
2021-03-04,2218325332.03,1995892756.99
2021-03-05,2217020784.06,1982026405.00
2021-03-06,2084176626.78,1868843240.92
2021-03-07,2259634016.59,2023271305.36
2021-03-08,2263267807.40,2029726150.93
2021-03-09,2211220214.74,1980270407.73
2021-03-10,2279590864.12,2044866344.79
2021-03-11,2274094730.37,2045801729.66
2021-03-12,2243383816.19,2009342253.66
2021-03-13,2145670263.19,1918017110.39
2021-03-14,2193011270.16,1968385283.67
2021-03-15,2071560207.20,1873600451.95
2021-03-16,2008315211.15,1823786335.60
2021-03-17,2087647953.43,1860362319.64
2021-03-18,2140216965.19,1922693751.68
2021-03-19,2129443845.77,1915432090.15
2021-03-20,2117211959.98,1895287743.77
2021-03-21,2161495823.81,1939006073.95
2021-03-22,2116224188.94,1901120762.48
2021-03-23,1984534820.47,1789806687.49
2021-03-24,2032080295.54,1816147063.65
2021-03-25,1828413147.86,1648878030.13
2021-03-26,1892568461.91,1698038848.57
2021-03-27,1998380613.69,1793607285.85
2021-03-28,2164082897.35,1946747980.68
2021-03-29,2078461997.20,1862722469.00
2021-03-30,2115005925.44,1894434183.76
2021-03-31,2101239429.81,1882989869.23
2021-04-01,2129072355.93,1912421633.12
2021-04-02,2326302459.09,2085953067.10
2021-04-03,2510887531.02,2252282707.77
2021-04-04,2255391777.60,2031940173.48
2021-04-05,2319955899.55,2084473343.95
2021-04-06,2351500558.94,2102606640.62
2021-04-07,2308925095.08,2067636994.66
2021-04-08,2125066570.03,1915200954.91
2021-04-09,2236466965.25,2001006133.39
2021-04-10,2241632254.37,2010269108.77
2021-04-11,2259623640.22,2019068354.43
2021-04-12,2290028542.60,2044371117.04
2021-04-13,2683557996.97,2392813472.10
2021-04-14,2604569475.91,2325368250.24
2021-04-15,2681954449.79,2407733919.33
2021-04-16,3800598107.27,3406619691.08
2021-04-17,3416723932.52,3060875659.05
2021-04-18,3360598054.77,3019403070.38
2021-04-19,3268852780.66,2931120759.62
2021-04-20,3547603508.11,3179234423.56
2021-04-21,3463231870.04,3116328912.29
2021-04-22,4043690701.49,3618908471.39
2021-04-23,4129558001.66,3702360078.01
2021-04-24,4088709112.69,3670497945.01
2021-04-25,4019773612.41,3670504292.86
2021-04-26,3853822864.74,3446732577.14
2021-04-27,4042125640.15,3624140556.68
2021-04-28,4535382438.50,4070508137.69
2021-04-29,4427611620.10,3963442800.66
2021-04-30,4291848073.50,3837206961.81
2021-05-01,4373647247.42,3909896266.29
2021-05-02,4830491899.04,4343079043.40
2021-05-03,4949200779.10,4435483227.59
2021-05-04,6100669494.08,5497466248.76
2021-05-05,5266125622.48,4812111714.81
2021-05-06,5445648325.62,4869799479.85
2021-05-07,5071116340.78,4547874632.00
2021-05-08,5123325790.50,4599104130.88
2021-05-09,5649307230.23,5018461341.48
2021-05-10,5317707081.56,4766325808.05
2021-05-11,5007422544.29,4493946457.64
2021-05-12,5414163411.75,4828286158.23
2021-05-13,5142362790.19,4651666807.30
2021-05-14,4840450653.41,4277918654.87
2021-05-15,5057411365.97,4523531993.54
2021-05-16,4635996575.20,4160332284.65
2021-05-17,4552936374.53,4080460436.29
2021-05-18,4290834866.86,3861814711.98
2021-05-19,4696430691.75,4215326920.03
2021-05-20,3558189501.59,3238172292.70
2021-05-21,3927291045.29,3519894685.79
2021-05-22,3105330289.09,2781226062.15
2021-05-23,2796812434.22,2515799912.05
2021-05-24,2775083833.15,2467125249.21
2021-05-25,4199038148.58,3772388849.38
2021-05-26,3882523045.20,3490053220.90
2021-05-27,3975918561.70,3555964020.59
2021-05-28,3733911527.44,3364855935.13
2021-05-29,3275546062.78,2935911943.82
2021-05-30,3088388509.35,2789694175.10
2021-05-31,3327552035.09,2986947761.07
2021-06-01,3607952003.86,3234284381.12
2021-06-02,3615411022.04,3243540302.13
2021-06-03,3599124217.48,3229082978.44
2021-06-04,3684564219.45,3320810876.73
2021-06-05,3759748993.73,3374511656.53
2021-06-06,3566805836.77,3177512638.64
2021-06-07,3630347338.88,3246810851.11
2021-06-08,3308935964.28,2994675856.69
2021-06-09,3260522115.78,2925187543.36
2021-06-10,3346179733.30,3002191575.89
2021-06-11,3132301211.04,2822214585.77
2021-06-12,2940285173.34,2615271179.43
2021-06-13,2963529952.47,2656248093.16
2021-06-14,3179282712.69,2849629927.37
2021-06-15,3225685545.02,2886121556.61
2021-06-16,3187709935.38,2862189972.29
2021-06-17,2958647927.48,2646934231.10
2021-06-18,2939376761.55,2617249671.03
2021-06-19,2708082330.54,2441507044.21
2021-06-20,2600479876.49,2333954905.66
2021-06-21,2737428674.40,2453971025.57
2021-06-22,2133057266.09,1938159251.78
2021-06-23,2277702673.99,2034821657.37
2021-06-24,2328906442.53,2083727869.15
2021-06-25,2254436457.11,2022686415.77
2021-06-26,2024466095.02,1821534323.32
2021-06-27,2000520444.38,1792218313.65
2021-06-28,2140932541.35,1910973484.00
2021-06-29,2237625517.68,2002163304.57
2021-06-30,2430516713.04,2191884443.97
2021-07-01,2646577154.56,2370360888.32
2021-07-02,2535438347.92,2270117592.39
2021-07-03,2601230749.73,2333736422.02
2021-07-04,2654711190.51,2370887218.82
2021-07-05,2837219922.26,2547582758.70
2021-07-06,2787995070.47,2498915604.84
2021-07-07,2760265353.11,2475211729.04
2021-07-08,2864087698.51,2563925757.79
2021-07-09,2677147053.55,2399102570.25
2021-07-10,2736317328.00,2450024568.16
2021-07-11,2697224604.16,2419381970.06
2021-07-12,2687690447.88,2409361340.06
2021-07-13,2628087199.56,2353534141.00
2021-07-14,2533503276.45,2275762351.62
2021-07-15,2527864455.49,2264962306.76
2021-07-16,2579244405.82,2319132288.84
2021-07-17,2439767214.17,2182406249.16
2021-07-18,2443623471.48,2190640315.65
2021-07-19,2495301064.53,2235770897.29
2021-07-20,2330413390.54,2090862851.67
2021-07-21,2215585984.79,1984161571.65
2021-07-22,2455934101.63,2193178085.36
2021-07-23,2459589232.31,2203539321.83
2021-07-24,2521229659.69,2256877211.83
2021-07-25,2588597120.12,2319551422.53
2021-07-26,2603607129.81,2334598294.60
2021-07-27,2599101552.53,2334379554.86
2021-07-28,2680467623.44,2398925774.68
2021-07-29,2669057118.90,2388717160.44
2021-07-30,2885667686.89,2584318459.36
2021-07-31,2930359705.39,2626489480.80
2021-08-01,3014428428.14,2705096216.38
2021-08-02,2937002316.09,2624977677.25
2021-08-03,2943229317.42,2643096828.95
2021-08-04,2812949844.51,2521853638.16
2021-08-05,2983060086.55,2681399264.46
2021-08-06,3266141510.58,2872688295.23
2021-08-07,3281941973.52,2941920029.64
2021-08-08,3431582140.85,3069865873.46
2021-08-09,3247101652.35,2911847369.88
2021-08-10,3376039810.22,2989256504.69
2021-08-11,3419569734.40,3059607419.43
2021-08-12,3388120430.95,3033542629.86
2021-08-13,3264734355.62,2925940322.43
2021-08-14,3716450803.77,3329723708.49
2021-08-15,3879907139.89,3479391773.02
2021-08-16,3816101170.14,3419093711.46
2021-08-17,3613396334.95,3277797347.27
2021-08-18,3464213899.70,3125321143.45
2021-08-19,3557734129.05,3195168680.50
2021-08-20,3754541340.00,3307046229.63
2021-08-21,3817637039.04,3418395005.70
2021-08-22,3902786736.78,3499571508.23
2021-08-23,3822534930.06,3430852381.46
2021-08-24,3904148751.49,3502048522.10
2021-08-25,3684616819.22,3306952770.91
2021-08-26,3724107805.30,3339322699.99
2021-08-27,3659456574.34,3285351512.50
2021-08-28,3775829790.19,3388288236.33
2021-08-29,3632158178.76,3252316975.53
2021-08-30,3489148377.38,3123662122.64
2021-08-31,3380964428.92,3026356301.27
2021-09-01,3553016317.05,3189093234.00
2021-09-02,3715351713.21,3316225739.02
2021-09-03,3579708332.48,3208423395.00
2021-09-04,3675526460.63,3278223602.97
2021-09-05,3580280497.00,3211872401.04
2021-09-06,3734304638.07,3341219830.71
2021-09-07,3663580554.47,3286241143.09
2021-09-08,3086927165.29,2765421584.81
2021-09-09,3046511302.85,2741028387.34
2021-09-10,2962721022.61,2662576538.58
2021-09-11,2798583228.56,2506216341.54
2021-09-12,2857087066.50,2557825973.23
2021-09-13,2900008120.23,2607111941.14
2021-09-14,2841881535.13,2545062254.85
2021-09-15,2909801544.73,2600312806.05
2021-09-16,3076096893.71,2755921059.08
2021-09-17,2993788069.02,2682938477.79
2021-09-18,2819825196.69,2529011494.98
2021-09-19,2859012831.50,2560281525.38
2021-09-20,2791410834.54,2501987182.93
2021-09-21,2451730695.95,2184881179.14
2021-09-22,2282528035.68,2039013587.74
2021-09-23,2533947706.03,2266113790.23
2021-09-24,2508223114.01,2242581632.80
2021-09-25,2307026483.01,2084621235.21
2021-09-26,2286951581.53,2048759173.74
2021-09-27,2365221603.93,2143736225.26
2021-09-28,2259898409.72,2026735238.03
2021-09-29,2241388812.30,2020355929.63
2021-09-30,2246502007.80,2009092270.46
2021-10-01,2305655224.35,2067629131.10
2021-10-02,2450663783.11,2193609241.26
2021-10-03,2500699862.40,2240346357.09
2021-10-04,2553285522.25,2290311336.89
2021-10-05,2561017204.93,2297010344.24
2021-10-06,2562535017.81,2303366106.70
2021-10-07,2508931868.07,2249155209.51
2021-10-08,2514396025.84,2250831923.30
2021-10-09,2509603769.30,2247325605.93
2021-10-10,2589699751.58,2315858054.46
2021-10-11,2475346543.03,2224157269.93
2021-10-12,2460796357.65,2197297085.22
2021-10-13,2455877836.13,2203046113.28
2021-10-14,2509027764.84,2247876737.32
2021-10-15,2557094747.65,2289233688.38
2021-10-16,2582822031.89,2321193989.42
2021-10-17,2631989136.42,2353623124.80
2021-10-18,2570630634.65,2299301918.47
2021-10-19,2522916240.58,2262261642.21
2021-10-20,2517066040.01,2257134271.75
2021-10-21,2606146305.65,2345500814.68
2021-10-22,2591390920.86,2320407299.58
2021-10-23,2547945582.58,2284724321.26
2021-10-24,2541082345.18,2285624112.76
2021-10-25,2464385389.69,2198978253.77
2021-10-26,2498667682.49,2233963447.78
2021-10-27,2485117893.65,2227942091.98
2021-10-28,2255354411.08,2021523912.38
2021-10-29,2398691837.22,2150394196.03
2021-10-30,2469437519.33,2209782233.26
2021-10-31,2393236792.53,2144621227.55
2021-11-01,2432483757.35,2183281593.07
2021-11-02,2466490035.48,2206246798.11
2021-11-03,2841289707.99,2543862516.57
2021-11-04,3247698177.27,2905412050.68
2021-11-05,3014159948.81,2654110507.55
2021-11-06,2975891751.27,2666252950.24
2021-11-07,3047527339.65,2730092993.04
2021-11-08,2990232373.18,2678223366.76
2021-11-09,3314611610.04,2980614302.21
2021-11-10,3156457226.38,2836066033.22
2021-11-11,2975802056.82,2665863239.12
2021-11-12,3020411180.57,2709043453.82
2021-11-13,2899430072.87,2595588706.92
2021-11-14,3168756120.60,2838740430.78
2021-11-15,3059665372.55,2727553973.58
2021-11-16,3048972997.44,2729294258.27
2021-11-17,2834972617.15,2545808395.15
2021-11-18,2825389216.05,2527478684.16
2021-11-19,2822274530.74,2530603719.02
2021-11-20,2987130756.64,2670687238.08
2021-11-21,3145874909.83,2808737122.80
2021-11-22,3000966823.45,2707724663.11
2021-11-23,2870451462.29,2572418328.64
2021-11-24,3054306610.99,2736994811.14
2021-11-25,3111830919.37,2789916847.04
2021-11-26,3336257221.18,2997908387.99
2021-11-27,3120783749.07,2798523723.93
2021-11-28,3087046611.53,2766460021.47
2021-11-29,3091658868.25,2772182767.82
2021-11-30,3104525973.48,2785735883.15
2021-12-01,3072927143.47,2754302131.65
2021-12-02,2988943962.47,2678948171.76
2021-12-03,2980510049.54,2671467561.57
2021-12-04,2792655056.31,2501690981.67
2021-12-05,2601196987.53,2332424629.82
2021-12-06,2589480207.86,2321966852.51
2021-12-07,2622956114.15,2350798676.99
2021-12-08,2623357384.05,2352493550.04
2021-12-09,2738533162.19,2453424928.31
2021-12-10,2543617028.13,2285992180.28
2021-12-11,2367403772.15,2121932916.62
2021-12-12,2460540025.08,2203644898.51
2021-12-13,2481987138.79,2220096569.27
2021-12-14,2244371565.24,2016489007.06
2021-12-15,2315767820.75,2067628995.13
2021-12-16,2389053971.47,2138992145.46
2021-12-17,2342365842.10,2096509961.71
2021-12-18,2386540744.76,2139333383.12
2021-12-19,2490410466.48,2231940202.39
2021-12-20,2400310879.95,2153482158.16
2021-12-21,2369056784.48,2128932915.57
2021-12-22,2446656079.14,2195394206.99
2021-12-23,2468586481.28,2214268250.72
2021-12-24,2686922714.44,2409267959.00
2021-12-25,2583828221.24,2314088948.64
2021-12-26,2716506075.52,2432050544.22
2021-12-27,2707131227.60,2426568283.44
2021-12-28,2695561413.23,2419506195.99
2021-12-29,2522678882.95,2265398638.21
2021-12-30,2370188367.74,2124428783.66
2021-12-31,2412402012.34,2155527485.81
2022-01-01,2354443231.09,2114974365.44
2022-01-02,2445993224.50,2178012509.11
2022-01-03,2487228453.41,2231856707.20
2022-01-04,2421222989.07,2181754264.86
2022-01-05,2466392013.21,2202992100.09
2022-01-06,2265057517.47,2033892027.05
2022-01-07,2266488661.62,2037881321.14
2022-01-08,2139177211.19,1920436965.60
2022-01-09,2067234644.21,1856680720.88
2022-01-10,2137399907.09,1907541802.91
2022-01-11,2001326367.60,1794903785.41
2022-01-12,2085097866.48,1872301184.86
2022-01-13,2185206134.48,1958887424.17
2022-01-14,2117490998.77,1902338469.05
2022-01-15,2201589940.73,1966548974.39
2022-01-16,2232563379.81,2001073826.01
2022-01-17,2267949775.55,2032716128.71
2022-01-18,2115313246.17,1898716874.98
2022-01-19,2076307555.72,1862993206.23
2022-01-20,2010172384.65,1802845428.67
2022-01-21,1912156348.05,1715958041.87
2022-01-22,1802741432.14,1621228629.41
2022-01-23,1809604403.39,1616044092.78
2022-01-24,1847281453.58,1656335851.80
2022-01-25,1933272378.87,1732815646.31
2022-01-26,1829262750.14,1642354185.71
2022-01-27,1720256911.80,1548552429.16
2022-01-28,1777329499.53,1585745730.57
2022-01-29,1884994632.71,1689065830.91
2022-01-30,1961721793.13,1750413741.52
2022-01-31,2011588984.12,1801094338.48
2022-02-01,2155378002.88,1925787820.15
2022-02-02,2210878596.34,1980895790.41
2022-02-03,2158615532.80,1929555802.67
2022-02-04,2299277690.75,2049264274.65
2022-02-05,2295852955.85,2045015930.19
2022-02-06,2270037493.28,2038014936.85
2022-02-07,2259644203.00,2024210043.75
2022-02-08,2265768166.54,2032537884.15
2022-02-09,2226771620.25,1998806796.21
2022-02-10,2262484363.19,2027741830.60
2022-02-11,2121171993.88,1898001589.16
2022-02-12,2032322009.82,1819675114.35
2022-02-13,2002102829.73,1790265999.38
2022-02-14,1947070767.82,1744454654.77
2022-02-15,1950743243.04,1748189427.63
2022-02-16,2104389978.39,1886903223.87
2022-02-17,2144091131.02,1927833868.06
2022-02-18,1988003369.01,1782588939.82
2022-02-19,1912529970.79,1717042761.20
2022-02-20,1924205512.94,1722518953.92
2022-02-21,1792230165.57,1615484199.34
2022-02-22,1682918202.06,1515759523.86
2022-02-23,1822634796.75,1633649830.12
2022-02-24,1760966049.72,1582140515.33
2022-02-25,1900919169.46,1703104115.24
2022-02-26,2008639744.49,1809533555.17
2022-02-27,1947616926.62,1743613905.48
2022-02-28,1824864556.75,1635049103.44
2022-03-01,1973534078.21,1764943606.35
2022-03-02,1991482774.70,1783784804.44
2022-03-03,2002776113.69,1795833649.53
2022-03-04,2055019886.75,1845370358.60
2022-03-05,1807173490.26,1622156617.05
2022-03-06,1853166374.13,1660187660.76
2022-03-07,1740871366.98,1561671809.90
2022-03-08,1748446597.56,1564988186.05
2022-03-09,1765065808.74,1582091855.58
2022-03-10,1923907207.51,1729236662.69
2022-03-11,1782291324.08,1599719158.73
2022-03-12,1759695986.34,1582609081.62
2022-03-13,1754850595.60,1572634827.18
2022-03-14,1696016282.16,1520823735.40
2022-03-15,1806946993.20,1618190782.39
2022-03-16,1796694771.94,1614097879.00
2022-03-17,1937500029.04,1803524244.05
2022-03-18,2073150259.09,1856481499.76
2022-03-19,2053825722.02,1843515342.76
2022-03-20,2068176548.33,1849199424.06
2022-03-21,2002091818.39,1794632981.20
2022-03-22,2014357300.68,1805628709.73
2022-03-23,2051477190.30,1839888534.17
2022-03-24,1998969510.50,1791527501.79
2022-03-25,2020817872.27,1813570882.69
2022-03-26,2021943436.67,1810324523.39
2022-03-27,2024434674.22,1814682663.87
2022-03-28,2062248951.12,1848726975.98
2022-03-29,2055902774.99,1842730768.16
2022-03-30,2127259043.40,1900423129.94
2022-03-31,2189024356.47,1962450245.02
2022-04-01,2094583783.85,1869717296.27
2022-04-02,2298698733.80,2032919001.76
2022-04-03,2258960974.45,2014250282.19
2022-04-04,2284594765.39,2048471588.25
2022-04-05,2405412032.59,2170453126.61
2022-04-06,2315863856.64,2093465864.39
2022-04-07,2063687167.12,1854832912.59
2022-04-08,2074116431.58,1860685795.48
2022-04-09,2044093391.70,1819353233.46
2022-04-10,2101394966.00,1883505974.62
2022-04-11,2035026342.28,1831701655.61
2022-04-12,1821533417.00,1636731010.39
2022-04-13,1873075745.33,1676746256.59
2022-04-14,1947983592.56,1747290866.82
2022-04-15,1912282153.71,1715153242.20
2022-04-16,1958999946.67,1758312186.01
2022-04-17,1901143651.81,1706670086.61
2022-04-18,1803957729.73,1616076951.98
2022-04-19,1829233550.63,1639564373.82
2022-04-20,1869794106.28,1675217221.10
2022-04-21,1820649731.88,1631643467.91
2022-04-22,1739099880.68,1544960473.88
2022-04-23,1740981987.75,1559155443.46
2022-04-24,1732621809.88,1556694742.40
2022-04-25,1740335094.34,1562666572.37
2022-04-26,1764214927.47,1581951705.08
2022-04-27,1634423855.07,1464385325.07
2022-04-28,1672636691.18,1495535908.91
2022-04-29,1638360834.99,1457098635.94
2022-04-30,1563025902.25,1399243509.72
2022-05-01,1458132784.90,1291718699.55
2022-05-02,1460478386.42,1307113758.19
2022-05-03,1492112446.29,1340228601.27
2022-05-04,1409543707.14,1263300738.34
2022-05-05,1501909027.90,1348397704.83
2022-05-06,1385102856.35,1238661494.79
2022-05-07,1343579685.23,1207019521.51
2022-05-08,1275432387.56,1142343551.23
2022-05-09,1195406516.92,1074091782.65
2022-05-10,1074771283.67,972337032.94
2022-05-11,1227099519.34,1084052655.57
2022-05-12,1123940264.40,1033935440.79
2022-05-13,1340159134.29,1185369455.80
2022-05-14,1387750468.80,1238201100.13
2022-05-15,1583537547.47,1416596436.95
2022-05-16,1571189964.51,1410569552.30
2022-05-17,1532941809.43,1367477023.48
2022-05-18,1588972119.83,1426621928.09
2022-05-19,1440747427.53,1296306403.41
2022-05-20,1448443657.32,1298871916.23
2022-05-21,1406613546.26,1261026049.76
2022-05-22,1408620327.71,1262563604.72
2022-05-23,1444888952.57,1293698551.73
2022-05-24,1311885867.50,1173658832.31
2022-05-25,1299293697.97,1161282119.02
2022-05-26,1268218203.22,1138945010.54
2022-05-27,1167801593.66,1048321310.34
2022-05-28,1121790206.16,1005398047.91
2022-05-29,1225120343.46,1098175468.89
2022-05-30,1201509317.93,1077854572.80
2022-05-31,1375651525.11,1229632766.57
2022-06-01,1326888264.32,1189306158.02
2022-06-02,1214785198.09,1092144982.81
2022-06-03,1212486220.13,1090307486.16
2022-06-04,1152793374.44,1030026385.17
2022-06-05,1179089177.99,1055475178.37
2022-06-06,1185077952.89,1063831402.93
2022-06-07,1215481756.38,1091766620.00
2022-06-08,1167158274.21,1049304199.31
2022-06-09,1161328890.70,1042141602.53
2022-06-10,1139884549.61,1022044119.69
2022-06-11,1053521922.71,943390717.66
2022-06-12,992610949.31,888590448.69
2022-06-13,922702797.21,833308667.30
2022-06-14,756795228.00,674580512.35
2022-06-15,796641209.35,711202267.91
2022-06-16,829376461.25,742793482.11
2022-06-17,736852545.62,660666041.98
2022-06-18,776706602.79,697429291.55
2022-06-19,739659568.48,661428358.13
2022-06-20,903945304.76,808235129.67
2022-06-21,905352703.96,811055348.88
2022-06-22,925533210.47,830160258.99
2022-06-23,894756450.53,801513637.41
2022-06-24,982919329.68,883109642.73
2022-06-25,1062664779.77,956426125.21
2022-06-26,1044238873.59,937213579.30
2022-06-27,1019623195.50,915834151.56
2022-06-28,1007259183.15,903750878.98
2022-06-29,952711181.78,853684639.82
2022-06-30,911685026.47,817783505.03
2022-07-01,865750899.90,778545317.73
2022-07-02,907181669.19,813312319.03
2022-07-03,914615904.57,819345242.51
2022-07-04,904067720.70,811056491.98
2022-07-05,949656939.07,850808253.35
2022-07-06,937328695.41,840665830.14
2022-07-07,1003183713.15,900159841.92
2022-07-08,995673364.40,892728342.25
2022-07-09,983685885.32,882099215.57
2022-07-10,1002656285.54,899787494.67
2022-07-11,944995258.13,846663855.59
2022-07-12,873251006.54,781104592.74
2022-07-13,840025017.26,756270474.71
2022-07-14,856987694.70,768215845.37
2022-07-15,898132492.60,805707814.36
2022-07-16,919104432.74,822357732.61
2022-07-17,965409622.47,865346479.14
2022-07-18,942011249.89,846516012.86
2022-07-19,1047045926.29,930869712.25
2022-07-20,1037817574.59,930172563.81
2022-07-21,976926427.88,877373458.13
2022-07-22,983514679.57,886777780.44
2022-07-23,955822682.47,856697472.71
2022-07-24,963475416.69,862842307.45
2022-07-25,994193520.67,896262209.46
2022-07-26,909625869.72,820766964.31
2022-07-27,901949281.09,806467387.99
2022-07-28,1015400688.85,904078548.48
2022-07-29,1119890579.92,1002374368.16
2022-07-30,1165788417.33,1050722867.31
2022-07-31,1124831979.20,1007402303.11
2022-08-01,1112503991.88,995999217.27
2022-08-02,1080759449.61,968270476.39
2022-08-03,1055159131.56,947303019.32
2022-08-04,1047007874.42,938957735.88
2022-08-05,1060842937.15,947757894.41
2022-08-06,1121551387.56,1003600522.28
2022-08-07,1094302116.48,981033082.65
2022-08-08,1134132277.45,1015278779.42
2022-08-09,1148386337.65,1029454957.65
2022-08-10,1074793768.82,965204023.53
2022-08-11,1121554073.54,1003471969.41
2022-08-12,1083489995.44,970411153.84
2022-08-13,1090558079.55,976729674.08
2022-08-14,1073561768.81,962234257.30
2022-08-15,1030429602.07,923965776.80
2022-08-16,1006259132.15,900084299.71
2022-08-17,984751604.36,882797651.62
2022-08-18,934497147.37,838176516.88
2022-08-19,900764161.56,806631505.51
2022-08-20,845150955.71,757120589.05
2022-08-21,830658797.28,745141538.16
2022-08-22,846768453.02,758534126.75
2022-08-23,842811612.68,756209922.32
2022-08-24,860774704.99,773029684.44
2022-08-25,858822400.65,769188429.64
2022-08-26,851212569.32,761568668.82
2022-08-27,762332582.93,683092010.10
2022-08-28,771747878.49,691947439.03
2022-08-29,742966017.51,667540210.35
2022-08-30,817001253.93,731207631.20
2022-08-31,788251742.54,708935948.70
2022-09-01,766556481.79,687055199.43
2022-09-02,762987442.32,683014156.41
2022-09-03,753504594.16,675188240.74
2022-09-04,745616527.41,668907399.68
2022-09-05,755067257.19,675890325.03
2022-09-06,743205329.38,665935040.52
2022-09-07,731053602.02,657665708.26
2022-09-08,742332902.21,667470690.62
2022-09-09,729503934.97,653423901.99
2022-09-10,783783516.51,701841309.38
2022-09-11,770954192.17,692259652.27
2022-09-12,755733879.27,677267227.65
2022-09-13,740270244.05,661271522.61
2022-09-14,697014601.91,624051250.57
2022-09-15,706578255.30,631642021.43
2022-09-16,662477706.34,594104759.71
2022-09-17,671125974.10,601298837.05
2022-09-18,691476862.99,619823701.19
2022-09-19,635369938.99,568233679.99
2022-09-20,633991305.34,568567817.28
2022-09-21,609381741.25,546944928.19
2022-09-22,597339378.98,534927962.56
2022-09-23,652747680.66,584249595.39
2022-09-24,676310458.41,609132482.00
2022-09-25,683353355.40,612175680.51
2022-09-26,712636022.70,632463201.64
2022-09-27,722650490.69,646674932.20
2022-09-28,750014739.99,674609201.60
2022-09-29,736106218.33,659476018.62
2022-09-30,741920663.29,664036567.97
2022-10-01,743391703.52,665896939.13
2022-10-02,734226331.80,657730808.95
2022-10-03,760611774.08,684358436.17
2022-10-04,817312125.84,733680345.36
2022-10-05,850632614.52,761022498.38
2022-10-06,844643881.61,755265963.47
2022-10-07,848877851.33,761515759.89
2022-10-08,871264968.53,777320984.12
2022-10-09,882564496.43,790592498.19
2022-10-10,1022891395.44,969820932.71
2022-10-11,974804891.16,873236545.92
2022-10-12,982382533.75,881642171.49
2022-10-13,921964339.90,826908954.51
2022-10-14,920683339.72,823257819.96
2022-10-15,922136359.12,825748605.12
2022-10-16,974534523.76,872945427.94
2022-10-17,1005728741.64,899559546.13
2022-10-18,1099165863.74,986111128.07
2022-10-19,1112855680.02,996031476.83
2022-10-20,1098041115.32,980906842.63
2022-10-21,1057861328.19,948295163.19
2022-10-22,1021504062.20,916994140.84
2022-10-23,1001606208.53,898020734.95
2022-10-24,983692591.90,880665022.62
2022-10-25,930586369.78,834881895.17
2022-10-26,948342978.59,849270451.35
2022-10-27,942062893.06,843575949.11
2022-10-28,910186405.55,817117352.62
2022-10-29,904724912.57,811064453.35
2022-10-30,920172110.77,823931149.15
2022-10-31,914854139.68,819197605.67
2022-11-01,903703568.15,809278241.18
2022-11-02,885484167.08,794051200.60
2022-11-03,840895002.32,754175368.10
2022-11-04,852144621.32,761856969.02
2022-11-05,919361795.71,823857576.30
2022-11-06,902714150.57,810650707.67
2022-11-07,843732741.09,756772472.25
2022-11-08,835195632.63,748011414.55
2022-11-09,715761399.57,644050412.69
2022-11-10,670549929.24,603016425.54
2022-11-11,885822584.62,793767569.71
2022-11-12,784652789.17,702632550.57
2022-11-13,699872838.56,625728423.09
2022-11-14,679873085.35,607998576.72
2022-11-15,701042399.87,628315616.90
2022-11-16,711440780.95,637999689.70
2022-11-17,663898570.33,593948361.20
2022-11-18,655374611.24,588082186.08
2022-11-19,660670568.35,591177544.54
2022-11-20,686312362.83,615035110.48
2022-11-21,662643445.44,594012729.57
2022-11-22,639925138.81,573518003.01
2022-11-23,651710595.09,586062875.24
2022-11-24,667857008.67,598847569.23
2022-11-25,664727179.23,594434297.79
2022-11-26,648509881.48,581235808.15
2022-11-27,643479622.94,576755771.92
2022-11-28,643648911.34,577614598.35
2022-11-29,649415185.70,581869585.00
2022-11-30,649533492.07,582234758.69
2022-12-01,664903519.74,596717482.65
2022-12-02,648786154.60,581460457.76
2022-12-03,649542257.88,582307697.37
2022-12-04,644356289.06,579680686.80
2022-12-05,653802430.61,586038306.75
2022-12-06,641288837.24,574890624.19
2022-12-07,635283077.09,569304147.23
2022-12-08,609751083.49,546621929.10
2022-12-09,625401227.84,561130902.30
2022-12-10,614180218.36,550662908.10
2022-12-11,616457397.97,552159743.83
2022-12-12,604761494.56,542377649.76
2022-12-13,590868860.47,529427527.75
2022-12-14,606187913.03,543876310.72
2022-12-15,609568162.93,546290487.84
2022-12-16,592325478.46,531238108.39
2022-12-17,541845976.62,484057614.55
2022-12-18,556968242.41,498424646.85
2022-12-19,556230963.77,500154555.76
2022-12-20,529647288.25,475240889.13
2022-12-21,560697172.10,502368725.84
2022-12-22,554152905.88,495824280.46
2022-12-23,554310008.76,496667101.99
2022-12-24,556430556.11,499079056.54
2022-12-25,553660233.86,496617896.80
2022-12-26,543228496.61,486819252.39
2022-12-27,551344708.44,493777781.84
2022-12-28,543812025.19,486747306.88
2022-12-29,519767252.36,465727536.39
2022-12-30,523003625.45,468903426.23