Date,total_value_locked_(tvl) ($),gross_merchandise_value ($)
2019-01-04,273845651.27,0
2019-01-05,288674544.41,0
2019-01-06,297321259.69,0
2019-01-07,286168221.10,0
2019-01-08,285073686.76,0
2019-01-09,278233166.50,0
2019-01-10,105898455.25,0
2019-01-11,244360898.99,0
2019-01-12,278791638.42,0
2019-01-13,245391943.66,0
2019-01-14,178407107.72,0
2019-01-15,249206208.71,0
2019-01-16,251319025.91,0
2019-01-17,254476809.55,0
2019-01-18,265692973.85,0
2019-01-19,232633384.42,0
2019-01-20,239565945.56,0
2019-01-21,236425378.18,0
2019-01-22,229107169.52,0
2019-01-23,223419377.33,0
2019-01-24,231128356.93,0
2019-01-25,229036911.98,0
2019-01-26,229350909.85,0
2019-01-27,232775186.82,0
2019-01-28,227553078.00,0
2019-01-29,99119725.09,0
2019-01-30,206497811.34,0
2019-01-31,210148472.22,0
2019-02-01,216195888.51,0
2019-02-02,214689445.24,0
2019-02-03,217434805.56,0
2019-02-04,217464838.72,0
2019-02-05,216797962.62,0
2019-02-06,218522363.53,0
2019-02-07,210990225.40,0
2019-02-08,216125664.77,0
2019-02-09,220896084.25,0
2019-02-10,246516060.78,0
2019-02-11,243147997.20,0
2019-02-12,249056274.69,0
2019-02-13,246891104.07,0
2019-02-14,252330117.42,0
2019-02-15,249014889.06,0
2019-02-16,252662176.39,0
2019-02-17,252503720.02,0
2019-02-18,264590109.09,0
2019-02-19,287766062.74,0
2019-02-20,306221522.40,0
2019-02-21,304548188.12,0
2019-02-22,302379099.70,0
2019-02-23,310103145.80,0
2019-02-24,310601424.94,0
2019-02-25,344705717.03,0
2019-02-26,291862956.49,0
2019-02-27,291068142.56,0
2019-02-28,294046143.31,0
2019-03-01,292040933.65,0
2019-03-02,296111729.86,0
2019-03-03,285473122.32,0
2019-03-04,287002415.15,0
2019-03-05,270936438.36,0
2019-03-06,276708574.74,0
2019-03-07,300290540.66,0
2019-03-08,302754391.08,0
2019-03-09,294649561.62,0
2019-03-10,305036738.65,0
2019-03-11,294082104.60,0
2019-03-12,291508947.50,0
2019-03-13,293239777.89,0
2019-03-14,287949170.82,0
2019-03-15,290717107.06,0
2019-03-16,296375880.86,0
2019-03-17,314660780.85,0
2019-03-18,314597923.32,0
2019-03-19,310599055.01,0
2019-03-20,307723121.64,0
2019-03-21,308074619.73,0
2019-03-22,305486486.83,0
2019-03-23,298000124.79,0
2019-03-24,299355874.34,0
2019-03-25,301064057.97,0
2019-03-26,295250525.69,0
2019-03-27,291362076.31,0
2019-03-28,306190288.73,0
2019-03-29,299266715.55,0
2019-03-30,307754976.73,0
2019-03-31,313300444.16,0
2019-04-01,310517949.46,0
2019-04-02,308151536.02,0
2019-04-03,336263593.04,0
2019-04-04,366829799.76,0
2019-04-05,352168339.59,0
2019-04-06,360427476.27,0
2019-04-07,359762073.94,0
2019-04-08,370316546.32,0
2019-04-09,389777636.63,0
2019-04-10,389689615.71,0
2019-04-11,397725873.40,0
2019-04-12,363504425.16,0
2019-04-13,363879857.13,0
2019-04-14,356169537.08,0
2019-04-15,356564060.50,0
2019-04-16,359978384.96,0
2019-04-17,349781355.25,0
2019-04-18,362216603.89,0
2019-04-19,367751489.12,0
2019-04-20,370528927.98,0
2019-04-21,363873891.89,0
2019-04-22,353841906.86,0
2019-04-23,361419880.32,0
2019-04-24,368961570.52,0
2019-04-25,345312753.75,0
2019-04-26,341653434.12,0
2019-04-27,324636100.10,0
2019-04-28,322142508.58,0
2019-04-29,326910738.77,0
2019-04-30,316208536.69,0
2019-05-01,330266902.81,0
2019-05-02,337903142.24,0
2019-05-03,330725454.24,0
2019-05-04,338211869.68,0
2019-05-05,333913390.73,0
2019-05-06,334871013.89,0
2019-05-07,334477830.05,0
2019-05-08,365783299.78,0
2019-05-09,345624122.33,0
2019-05-10,347011258.01,0
2019-05-11,342942900.86,0
2019-05-12,368678797.16,0
2019-05-13,374430300.71,0
2019-05-14,380020029.50,0
2019-05-15,405311092.53,0
2019-05-16,445689634.11,0
2019-05-17,449960367.43,0
2019-05-18,415545733.56,0
2019-05-19,426843604.35,0
2019-05-20,456198217.85,0
2019-05-21,445271008.45,0
2019-05-22,443650565.04,0
2019-05-23,443675488.72,0
2019-05-24,418188796.56,0
2019-05-25,444064522.62,0
2019-05-26,451283928.17,0
2019-05-27,432837347.71,0
2019-05-28,457895631.38,0
2019-05-29,443161246.92,0
2019-05-30,440208045.95,0
2019-05-31,460889453.85,0
2019-06-01,418065416.00,0
2019-06-02,442284043.61,0
2019-06-03,443397973.96,0
2019-06-04,432337549.86,0
2019-06-05,402844375.88,0
2019-06-06,403815131.27,0
2019-06-07,406761916.85,0
2019-06-08,409342419.47,0
2019-06-09,410415790.07,0
2019-06-10,401360284.64,0
2019-06-11,400410873.42,0
2019-06-12,394818791.27,0
2019-06-13,410335167.93,0
2019-06-14,422308648.03,0
2019-06-15,419465215.05,0
2019-06-16,429759407.63,0
2019-06-17,443207073.77,0
2019-06-18,445751775.01,0
2019-06-19,438027353.98,0
2019-06-20,436013887.12,0
2019-06-21,436952496.03,0
2019-06-22,470581244.27,0
2019-06-23,497501560.35,0
2019-06-24,495655481.90,0
2019-06-25,496046598.84,0
2019-06-26,489147945.83,0
2019-06-27,511626277.11,0
2019-06-28,475808626.08,0
2019-06-29,466399126.96,0
2019-06-30,462481827.03,0
2019-07-01,456268317.88,0
2019-07-02,449573211.59,0
2019-07-03,422752474.44,0
2019-07-04,446709587.30,0
2019-07-05,450396090.58,0
2019-07-06,446145178.78,0
2019-07-07,437338187.87,0
2019-07-08,443343259.21,0
2019-07-09,466967211.56,0
2019-07-10,470895366.79,0
2019-07-11,464515891.70,0
2019-07-12,415707720.30,0
2019-07-13,418931130.95,0
2019-07-14,402788805.75,0
2019-07-15,367200046.65,0
2019-07-16,363696330.68,0
2019-07-17,375940987.79,0
2019-07-18,352295628.32,0
2019-07-19,340124977.13,0
2019-07-20,335732017.19,0
2019-07-21,347864237.86,0
2019-07-22,379385819.56,0
2019-07-23,326654235.53,0
2019-07-24,299389606.08,0
2019-07-25,333327647.71,0
2019-07-26,307693133.49,0
2019-07-27,299751591.67,0
2019-07-28,285266012.75,0
2019-07-29,289864020.68,0
2019-07-30,289528268.67,0
2019-07-31,288660675.72,0
2019-08-01,293461759.35,0
2019-08-02,290558748.20,0
2019-08-03,298222787.63,0
2019-08-04,301847405.95,0
2019-08-05,297336305.96,0
2019-08-06,316363688.73,0
2019-08-07,300288667.69,0
2019-08-08,299278736.15,0
2019-08-09,296296933.15,0
2019-08-10,276635312.97,0
2019-08-11,272672339.69,0
2019-08-12,281663708.82,0
2019-08-13,282282671.57,0
2019-08-14,285695239.94,0
2019-08-15,280685032.89,0
2019-08-16,259369986.70,0
2019-08-17,259186355.14,0
2019-08-18,260035919.18,0
2019-08-19,264679704.08,0
2019-08-20,282675119.05,0
2019-08-21,275883048.77,0
2019-08-22,263283036.46,0
2019-08-23,260211043.49,0
2019-08-24,264767481.27,0
2019-08-25,263127927.83,0
2019-08-26,264998607.13,0
2019-08-27,265441274.04,0
2019-08-28,261131464.97,0
2019-08-29,265585269.01,0
2019-08-30,241709611.86,0
2019-08-31,242611108.20,0
2019-09-01,240151595.19,0
2019-09-02,242634046.70,0
2019-09-03,244596461.78,0
2019-09-04,252798775.72,0
2019-09-05,253527052.92,0
2019-09-06,244956890.40,0
2019-09-07,253180435.62,0
2019-09-08,243878047.21,0
2019-09-09,258090735.98,0
2019-09-10,263840576.43,0
2019-09-11,260842390.24,0
2019-09-12,258386460.86,0
2019-09-13,257656934.65,0
2019-09-14,258057393.98,0
2019-09-15,261561235.84,0
2019-09-16,285460750.22,0
2019-09-17,294041573.85,0
2019-09-18,301485525.32,0
2019-09-19,321203520.52,0
2019-09-20,313821343.54,0
2019-09-21,329883850.28,0
2019-09-22,327796890.98,0
2019-09-23,319217707.46,0
2019-09-24,317849967.29,0
2019-09-25,295983405.15,0
2019-09-26,249647313.39,0
2019-09-27,259172010.95,0
2019-09-28,252430435.98,0
2019-09-29,265273419.56,0
2019-09-30,259152760.04,0
2019-10-01,265888030.42,0
2019-10-02,276995917.21,0
2019-10-03,272758838.65,0
2019-10-04,269556328.56,0
2019-10-05,268161701.73,0
2019-10-06,267149020.35,0
2019-10-07,267452056.07,0
2019-10-08,269671918.80,0
2019-10-09,279112200.73,0
2019-10-10,287981152.11,0
2019-10-11,297553981.14,0
2019-10-12,287773252.31,0
2019-10-13,286269991.58,0
2019-10-14,285156488.32,0
2019-10-15,283938085.54,0
2019-10-16,287211943.03,0
2019-10-17,275267096.02,0
2019-10-18,274866083.55,0
2019-10-19,269419722.91,0
2019-10-20,271220330.82,0
2019-10-21,267970563.59,0
2019-10-22,275796614.97,0
2019-10-23,272040573.83,0
2019-10-24,285911141.01,0
2019-10-25,266833143.79,0
2019-10-26,281364186.20,0
2019-10-27,305649389.69,0
2019-10-28,330407226.13,0
2019-10-29,337225093.15,0
2019-10-30,349338336.96,0
2019-10-31,334565766.40,0
2019-11-01,308796617.22,0
2019-11-02,307951827.83,0
2019-11-03,310136679.31,0
2019-11-04,310071822.22,0
2019-11-05,349456757.41,0
2019-11-06,350406693.50,0
2019-11-07,348181692.29,0
2019-11-08,338777931.15,0
2019-11-09,353452143.69,0
2019-11-10,353001007.33,0
2019-11-11,345017518.81,0
2019-11-12,356303061.34,0
2019-11-13,365155872.85,0.00
2019-11-14,360919825.94,0.00
2019-11-15,355448848.03,0.00
2019-11-16,352766221.51,0.00
2019-11-17,342189804.65,0.00
2019-11-18,351687722.79,905140.05
2019-11-19,350395807.23,5258594.86
2019-11-20,335604726.29,8792795.75
2019-11-21,338167221.92,12495454.32
2019-11-22,338702756.54,14804325.05
2019-11-23,305324942.47,16926776.68
2019-11-24,306518996.87,18273207.81
2019-11-25,309176698.98,19039655.48
2019-11-26,304655001.55,20342817.51
2019-11-27,315470718.13,20421413.52
2019-11-28,314343266.81,21516228.18
2019-11-29,320635077.21,22528661.28
2019-11-30,321797642.67,23498122.85
2019-12-01,322867188.65,24466092.82
2019-12-02,311753397.98,32285317.31
2019-12-03,318087935.81,45988542.01
2019-12-04,313835499.66,49567908.21
2019-12-05,312524674.10,50489728.60
2019-12-06,315907186.05,52112509.45
2019-12-07,314978161.08,53932354.96
2019-12-08,322867237.12,55763263.10
2019-12-09,323112233.29,57390999.33
2019-12-10,327317025.82,58619137.21
2019-12-11,319727867.52,60066363.47
2019-12-12,316868676.76,61090002.91
2019-12-13,315277507.49,61694735.11
2019-12-14,315155863.03,62723592.37
2019-12-15,312569437.03,62978035.58
2019-12-16,320130091.84,64293141.73
2019-12-17,319178767.45,65971358.90
2019-12-18,304157659.27,65951390.04
2019-12-19,280609764.46,67577784.22
2019-12-20,298737882.35,68757420.70
2019-12-21,300678704.51,69392215.25
2019-12-22,300868120.25,69778951.54
2019-12-23,305633691.44,69946795.61
2019-12-24,312459994.51,69649986.70
2019-12-25,300647361.72,69771720.82
2019-12-26,292827367.63,69778524.76
2019-12-27,292230785.86,70204216.74
2019-12-28,287970670.56,70945965.53
2019-12-29,299252237.10,71353128.67
2019-12-30,304837436.81,71663819.96
2019-12-31,314326635.44,71863762.87
2020-01-01,312539371.58,72490166.15
2020-01-02,312599055.47,73337075.68
2020-01-03,309699272.67,73841184.94
2020-01-04,318059064.39,74310846.77
2020-01-05,320249784.69,74652020.14
2020-01-06,326278232.12,76832936.68
2020-01-07,342140640.16,79944069.15
2020-01-08,347974558.32,82396843.17
2020-01-09,369404635.80,82544057.70
2020-01-10,337898260.36,82847246.59
2020-01-11,339120288.08,83167238.20
2020-01-12,369961913.93,83924136.23
2020-01-13,353190860.64,85048385.07
2020-01-14,352247379.55,86952277.20
2020-01-15,373971491.16,87694276.30
2020-01-16,412282805.12,88743531.71
2020-01-17,406336352.89,90713217.72
2020-01-18,427611785.67,95899925.63
2020-01-19,419404519.83,96626562.40
2020-01-20,415864244.74,96996109.84
2020-01-21,405275932.80,98160750.62
2020-01-22,428256600.85,99874358.94
2020-01-23,420815196.30,100767527.33
2020-01-24,411310305.44,101046680.29
2020-01-25,410787246.45,101675164.18
2020-01-26,412297546.91,102170227.33
2020-01-27,410806499.75,102936572.32
2020-01-28,427910766.61,104253102.69
2020-01-29,439942255.91,105609722.32
2020-01-30,453390276.64,106777195.45
2020-01-31,453879841.35,107711932.97
2020-02-01,461105759.10,107888430.09
2020-02-02,463879921.16,108023963.11
2020-02-03,478696345.61,107564597.89
2020-02-04,472550737.01,109132962.95
2020-02-05,466271889.84,110959548.74
2020-02-06,491700648.30,111645760.26
2020-02-07,521704552.47,112634731.34
2020-02-08,541192400.76,113425939.23
2020-02-09,555325758.16,114730318.14
2020-02-10,559119381.65,115298001.59
2020-02-11,533948967.67,116216454.68
2020-02-12,546262953.42,118301927.67
2020-02-13,620800831.57,120267442.20
2020-02-14,634520365.13,122482436.44
2020-02-15,658761647.55,124428922.42
2020-02-16,673819595.93,126464509.77
2020-02-17,639658790.47,126301604.56
2020-02-18,589350657.09,125421669.46
2020-02-19,619797486.63,121101819.52
2020-02-20,584667917.75,120385640.74
2020-02-21,515291084.13,120475471.28
2020-02-22,530818003.42,120356026.48
2020-02-23,533431572.12,121038177.82
2020-02-24,553144368.17,121550725.76
2020-02-25,559673214.43,122347128.54
2020-02-26,545385671.02,122714124.38
2020-02-27,494810808.07,122316555.37
2020-02-28,486923408.05,120143616.17
2020-02-29,461749793.81,119585324.92
2020-03-01,478554511.71,119088517.70
2020-03-02,469982716.83,117069532.45
2020-03-03,465955365.98,117641142.75
2020-03-04,480748807.74,117674190.41
2020-03-05,465449641.78,117715888.57
2020-03-06,486497890.10,120125461.15
2020-03-07,506663847.73,121651387.09
2020-03-08,522161132.93,121842027.73
2020-03-09,495174816.52,120166094.46
2020-03-10,460646284.95,118783035.30
2020-03-11,454474731.59,117741402.07
2020-03-12,441374880.99,106744643.16
2020-03-13,331500983.78,88110035.78
2020-03-14,299372072.07,80618312.93
2020-03-15,289237668.36,78326143.26
2020-03-16,283871789.50,75222877.89
2020-03-17,245803587.69,71714723.75
2020-03-18,257821912.55,72220479.88
2020-03-19,252045666.01,76012475.47
2020-03-20,276571287.32,78579227.85
2020-03-21,316774070.59,79825756.11
2020-03-22,292313588.80,79951754.61
2020-03-23,283041788.42,79422023.26
2020-03-24,277368017.88,80245389.54
2020-03-25,306622301.91,79718138.91
2020-03-26,297475436.17,79799777.01
2020-03-27,301696558.98,80714237.14
2020-03-28,302503959.85,81267622.18
2020-03-29,290508621.99,81799185.81
2020-03-30,293803131.64,81489599.35
2020-03-31,303983274.63,82458227.96
2020-04-01,302693350.65,83004001.69
2020-04-02,302033802.89,83997311.49
2020-04-03,315976203.84,86157587.89
2020-04-04,330746854.36,86361972.20
2020-04-05,322582396.63,86738526.72
2020-04-06,326809527.41,86616662.05
2020-04-07,337673732.50,85409262.48
2020-04-08,361112964.04,79665053.24
2020-04-09,343956443.18,79820097.43
2020-04-10,349274704.46,80262535.75
2020-04-11,329594569.61,80243999.41
2020-04-12,329837903.00,80221129.41
2020-04-13,328808647.71,80262241.55
2020-04-14,321470344.01,80402434.37
2020-04-15,326372138.34,80848579.47
2020-04-16,327259209.94,81190880.37
2020-04-17,352201526.18,81638416.97
2020-04-18,354206698.25,82593107.09
2020-04-19,362827968.83,85188725.29
2020-04-20,393959607.35,87928980.97
2020-04-21,387672973.00,88602687.53
2020-04-22,370972559.60,89558566.25
2020-04-23,382434984.51,92203388.43
2020-04-24,393337609.46,94137916.08
2020-04-25,409664339.17,95555797.63
2020-04-26,424628494.62,97511082.01
2020-04-27,430198281.29,96882529.06
2020-04-28,423680138.95,97148730.48
2020-04-29,423800300.44,98660223.03
2020-04-30,453511911.22,100650869.67
2020-05-01,448784625.46,98921514.98
2020-05-02,450502659.11,100483919.07
2020-05-03,457084778.15,109198554.97
2020-05-04,464193999.68,110785482.73
2020-05-05,439758990.27,111843196.75
2020-05-06,449406311.20,111401531.70
2020-05-07,466004980.59,111345955.95
2020-05-08,451466551.30,111743984.78
2020-05-09,464786012.59,111798287.90
2020-05-10,464739714.45,110245971.30
2020-05-11,426320483.21,108940825.07
2020-05-12,412280908.25,108597056.05
2020-05-13,405354818.90,108254683.14
2020-05-14,394619679.53,108079512.86
2020-05-15,417249294.28,109287061.60
2020-05-16,411793135.12,109602652.15
2020-05-17,411135287.92,109994252.99
2020-05-18,415700756.31,112283865.88
2020-05-19,438632484.05,114145711.85
2020-05-20,439262330.89,116731854.72
2020-05-21,451850222.69,119084206.12
2020-05-22,438169756.95,122964517.95
2020-05-23,444247643.89,122607297.86
2020-05-24,448903232.20,120706139.42
2020-05-25,445970959.48,120492487.70
2020-05-26,436939771.97,120421269.19
2020-05-27,436030579.23,119937133.00
2020-05-28,446544131.59,120254255.05
2020-05-29,448668896.62,121682678.79
2020-05-30,474075958.55,123006296.30
2020-05-31,503552611.74,124352547.87
2020-06-01,515599920.13,127924608.25
2020-06-02,501521452.11,123244208.15
2020-06-03,538301007.98,124094107.83
2020-06-04,512482274.21,131740948.62
2020-06-05,516341395.55,131767965.36
2020-06-06,515252870.23,131845596.32
2020-06-07,518190155.32,132922319.65
2020-06-08,510644093.86,134751205.65
2020-06-09,517402687.99,121385049.84
2020-06-10,483692559.78,120697824.46
2020-06-11,482603397.27,123724704.35
2020-06-12,523449596.85,123583646.72
2020-06-13,506985771.50,123438642.47
2020-06-14,502074792.69,121184655.05
2020-06-15,484425913.37,115661535.06
2020-06-16,455622656.76,115822021.57
2020-06-17,477359476.75,117299355.91
2020-06-18,479198135.78,118250052.60
2020-06-19,481292090.64,121920527.50
2020-06-20,481167465.52,123721314.11
2020-06-21,458157974.64,126034970.41
2020-06-22,419540632.00,127247534.18
2020-06-23,444038516.15,127645788.31
2020-06-24,453142518.32,127443711.55
2020-06-25,446855695.26,129789634.17
2020-06-26,441345256.11,128390190.35
2020-06-27,436273869.08,128223198.54
2020-06-28,439121733.57,127731036.19
2020-06-29,424855482.39,127573953.72
2020-06-30,422698336.54,127425643.10
2020-07-01,428063486.20,133318958.85
2020-07-02,448661260.41,145029783.39
2020-07-03,457608172.47,157771428.30
2020-07-04,478151463.13,163210216.32
2020-07-05,492129578.39,173036636.22
2020-07-06,491621876.02,175462496.02
2020-07-07,515037565.03,181292105.53
2020-07-08,537423509.43,184459010.65
2020-07-09,551673850.21,184966079.03
2020-07-10,556754564.49,186940759.67
2020-07-11,543534363.80,192700443.91
2020-07-12,557055279.89,193606433.87
2020-07-13,546746426.37,192418500.29
2020-07-14,560747398.36,195092417.56
2020-07-15,547750731.32,196506682.15
2020-07-16,546115203.14,197443768.38
2020-07-17,535211632.25,200689578.86
2020-07-18,550290845.59,207323926.12
2020-07-19,558767303.69,207946781.65
2020-07-20,579250031.16,218502311.61
2020-07-21,583875555.67,218888565.07
2020-07-22,600926369.01,222956323.70
2020-07-23,615171349.46,234832488.79
2020-07-24,705815458.34,260747594.56
2020-07-25,759435474.47,265695119.27
2020-07-26,751066408.53,265309299.48
2020-07-27,829753111.86,277458644.63
2020-07-28,871620549.42,286995670.32
2020-07-29,862425179.23,319108996.77
2020-07-30,913959100.28,330148157.03
2020-07-31,918144848.48,347504438.53
2020-08-01,1026901743.18,362489436.03
2020-08-02,1049234332.79,361776892.13
2020-08-03,1061675824.63,368978959.60
2020-08-04,1139845494.33,378679234.30
2020-08-05,1123912148.55,380973937.14
2020-08-06,1162086977.92,379331082.30
2020-08-07,1125507000.39,374719108.53
2020-08-08,1133544032.67,377188527.78
2020-08-09,1124234268.54,376247882.54
2020-08-10,1126434499.80,400466713.14
2020-08-11,1192884001.51,416470311.81
2020-08-12,1204203565.51,417575497.36
2020-08-13,1170812729.39,422252773.83
2020-08-14,1214878351.53,415601731.39
2020-08-15,1275155476.16,411398016.85
2020-08-16,1289377993.27,414084161.31
2020-08-17,1245411067.32,422268184.44
2020-08-18,1279659995.47,423454554.38
2020-08-19,1286658889.88,421210094.13
2020-08-20,1233800841.87,424408577.96
2020-08-21,1237280796.57,431559807.04
2020-08-22,1234540129.59,435577732.20
2020-08-23,1201726248.90,440756134.96
2020-08-24,1184714647.38,439322267.42
2020-08-25,1255232828.96,443397898.78
2020-08-26,1224653928.53,444581692.97
2020-08-27,1188023803.80,443880295.49
2020-08-28,1187188147.07,443483698.67
2020-08-29,1218496504.98,438371958.72
2020-08-30,1212543262.52,439122159.35
2020-08-31,1224738190.16,437768017.83
2020-09-01,1297105387.37,445004291.06
2020-09-02,1322633031.07,476424133.23
2020-09-03,1363147499.86,514323378.52
2020-09-04,1399350241.43,487435121.17
2020-09-05,1279724102.89,455154641.51
2020-09-06,1180526593.92,422796327.69
2020-09-07,1142500946.67,423147540.63
2020-09-08,1097768152.87,427086587.79
2020-09-09,1090795204.99,421527042.42
2020-09-10,1126596751.46,432781499.98
2020-09-11,1216577801.34,444788143.26
2020-09-12,1207703318.81,450595072.14
2020-09-13,1238820424.91,456511533.74
2020-09-14,1245102546.67,491246643.16
2020-09-15,1307389511.84,573362271.60
2020-09-16,1414860036.38,577752650.22
2020-09-17,1330840206.89,600142710.42
2020-09-18,1431907917.10,641865193.04
2020-09-19,1521281286.86,755003395.63
2020-09-20,1613862159.67,791576087.12
2020-09-21,1616223433.42,807120535.31
2020-09-22,1557847762.57,833705874.18
2020-09-23,1545023680.24,857986128.64
2020-09-24,1591061725.60,887081413.49
2020-09-25,1588580429.11,888292668.73
2020-09-26,1621958667.04,901160715.01
2020-09-27,1653453785.28,914800416.46
2020-09-28,1648371164.35,902220740.49
2020-09-29,1660560804.22,901317272.60
2020-09-30,1646430006.25,893087208.39
2020-10-01,1626461725.95,882246579.03
2020-10-02,1628168640.18,866429259.15
2020-10-03,1549674539.43,862730808.77
2020-10-04,1574121056.77,859782117.00
2020-10-05,1566494488.61,856888672.28
2020-10-06,1572195910.52,860003072.29
2020-10-07,1567823745.23,864449516.70
2020-10-08,1536658767.69,863427573.63
2020-10-09,1529021236.89,875427922.84
2020-10-10,1608672852.31,885481196.90
2020-10-11,1649731637.88,894546421.22
2020-10-12,1667479282.76,902905976.12
2020-10-13,1649974548.01,911078428.04
2020-10-14,1707300405.35,918838673.78
2020-10-15,1684531983.49,906138560.88
2020-10-16,1659075461.95,903517667.07
2020-10-17,1649007281.40,900377305.52
2020-10-18,1645019774.85,899844689.98
2020-10-19,1659523568.73,902632861.21
2020-10-20,1678472433.33,899185067.91
2020-10-21,1671221421.22,907393768.07
2020-10-22,1738586183.24,927318094.60
2020-10-23,1780297496.03,926496243.95
2020-10-24,1812736905.17,932201836.15
2020-10-25,1805740479.35,932753466.67
2020-10-26,1787157828.89,930197744.21
2020-10-27,1781335247.77,933992311.94
2020-10-28,1785787238.40,938821976.12
2020-10-29,1737191736.90,937482754.80
2020-10-30,1729212154.52,922045076.30
2020-10-31,1684870911.76,922245942.69
2020-11-01,1725290173.71,931349780.51
2020-11-02,1722800393.96,940680161.66
2020-11-03,1718920903.76,948219457.04
2020-11-04,1710854542.87,944767952.75
2020-11-05,1705202501.30,942289162.75
2020-11-06,1775036183.14,944876386.92
2020-11-07,1881854085.52,948784264.13
2020-11-08,1889865057.70,950369402.88
2020-11-09,1847872093.89,952353367.84
2020-11-10,1886405976.99,958673820.90
2020-11-11,1852802857.99,982969173.90
2020-11-12,1958847150.30,992615742.12
2020-11-13,1974962549.85,994289417.92
2020-11-14,2011746455.82,998357232.71
2020-11-15,1991331147.02,1008607119.93
2020-11-16,1996618460.99,1006031147.97
2020-11-17,1995012055.85,1008821278.28
2020-11-18,2038260378.60,1001001616.99
2020-11-19,2072530333.76,994238269.76
2020-11-20,2035356793.74,996244668.20
2020-11-21,2147313914.19,1010357008.99
2020-11-22,2182168398.92,1016850131.71
2020-11-23,2201845867.51,1017197159.69
2020-11-24,2381975351.82,1027568598.82
2020-11-25,2406904846.67,1040658059.35
2020-11-26,2414599901.28,1025289836.41
2020-11-27,2164712865.95,1010336028.19
2020-11-28,2108736341.96,1012491062.54
2020-11-29,2142911689.59,1017683341.90
2020-11-30,2274518760.64,1035311670.82
2020-12-01,2416127086.59,1048797454.55
2020-12-02,2467049968.84,1062328229.85
2020-12-03,2417312856.48,1071336367.56
2020-12-04,2467753021.03,1069150898.18
2020-12-05,2372481322.09,1064384120.59
2020-12-06,2397419045.22,1066595648.31
2020-12-07,2406887817.44,1068875036.06
2020-12-08,2403182833.69,1068903459.59
2020-12-09,2340687731.79,1073384478.98
2020-12-10,2304965276.49,1073270071.24
2020-12-11,2274378035.48,1072890697.16
2020-12-12,2196013716.24,1071853950.57
2020-12-13,2290251460.61,1090816147.23
2020-12-14,2365081637.56,1089170269.75
2020-12-15,2340464514.31,1091853530.78
2020-12-16,2371212618.57,1102313414.39
2020-12-17,2417839169.21,1118037842.44
2020-12-18,2635167095.03,1121288421.48
2020-12-19,2591981834.90,1126445959.54
2020-12-20,2606847493.11,1120198431.16
2020-12-21,2569295712.30,1124923311.36
2020-12-22,2446120439.64,1116297198.54
2020-12-23,2463407094.19,1112787035.64
2020-12-24,2441393706.96,1113097169.08
2020-12-25,2360728470.48,1112308467.57
2020-12-26,2502081937.80,1115875832.97
2020-12-27,2500425927.92,1106548729.33
2020-12-28,2490063780.01,1110617499.51
2020-12-29,2802601680.55,1124326579.18
2020-12-30,2807860494.01,1143193801.07
2020-12-31,2793237930.28,1152350288.22
2021-01-01,2875568936.97,1186141355.63
2021-01-02,2879340461.79,1194063849.85
2021-01-03,2843505325.52,1197648772.88
2021-01-04,3179319265.16,1252857175.52
2021-01-05,3607812183.21,1314259380.40
2021-01-06,3823994428.62,1308651062.32
2021-01-07,4061676071.34,1336897334.28
2021-01-08,4240287282.88,1361421216.63
2021-01-09,4406717477.54,1395231776.76
2021-01-10,4295866838.24,1413884250.43
2021-01-11,4505109331.45,1359631895.72
2021-01-12,3833718987.34,1355949960.58
2021-01-13,3910376449.27,1350863287.08
2021-01-14,3744174150.50,1381114847.40
2021-01-15,4082842279.29,1393553377.11
2021-01-16,4036493157.85,1333692435.86
2021-01-17,4107743834.57,1367036866.45
2021-01-18,4146577154.94,1381690693.35
2021-01-19,4294925818.39,1396551890.74
2021-01-20,4686112784.09,1398718460.24
2021-01-21,4315328290.80,1390357104.29
2021-01-22,4060855877.29,1400805253.23
2021-01-23,4160841819.56,1447197691.01
2021-01-24,4232229942.30,1493197509.23
2021-01-25,4580541377.94,1545632266.44
2021-01-26,4844319221.56,1566126287.88
2021-01-27,4554423003.63,1583748888.13
2021-01-28,4496026907.05,1601787361.26
2021-01-29,4641957740.80,1618475782.69
2021-01-30,5059014527.68,1635003579.45
2021-01-31,4833263998.21,1646184540.48
2021-02-01,4864571186.03,1646123573.89
2021-02-02,4843357951.33,1670457811.64
2021-02-03,5169123297.54,1714038772.85
2021-02-04,5565804866.87,1743466307.63
2021-02-05,5813156525.30,1782731039.83
2021-02-06,6054768484.74,1812882810.26
2021-02-07,6165897262.64,1799200988.56
2021-02-08,5840660730.59,1829835028.50
2021-02-09,6001128473.38,1911960025.65
2021-02-10,6501223232.31,1948283092.06
2021-02-11,6551435575.77,1974386389.17
2021-02-12,6626224280.64,2033484183.25
2021-02-13,6643984424.05,2053629929.73
2021-02-14,6665737272.23,2065151215.49
2021-02-15,6795068177.55,2087038919.36
2021-02-16,6652975202.46,2134768175.30
2021-02-17,6772587080.73,2214182481.93
2021-02-18,6773200882.24,2266643310.44
2021-02-19,7062096890.56,2298807971.44
2021-02-20,7205820669.70,2329738726.30
2021-02-21,7603842820.50,2364258729.76
2021-02-22,7425268603.14,2364513646.28
2021-02-23,6805913255.05,2305805489.36
2021-02-24,5817597755.63,2291786126.19
2021-02-25,6654172119.47,2310319191.67
2021-02-26,6459512873.67,2299204055.64
2021-02-27,6055342550.33,2297778327.65
2021-02-28,5997627653.99,2312745657.28
2021-03-01,5748918427.09,2404573794.61
2021-03-02,6310862597.47,2475430531.81
2021-03-03,6509774713.57,2511275278.24
2021-03-04,6624098339.27,2524110213.57
2021-03-05,6532288970.27,2539815445.38
2021-03-06,6226289042.10,2553629781.52
2021-03-07,6446702911.39,2540085295.40
2021-03-08,6732182251.28,2550815214.68
2021-03-09,6795871758.95,2582362755.78
2021-03-10,7338104524.61,2597396501.13
2021-03-11,7348949417.94,2616417214.52
2021-03-12,7331493539.08,2672178907.46
2021-03-13,7370861931.46,2710146478.85
2021-03-14,7777282029.91,2734063668.86
2021-03-15,7769233696.73,2755012871.07
2021-03-16,7415859185.20,2795382406.78
2021-03-17,7483231367.96,2816480850.03
2021-03-18,7456182531.26,2842022964.18
2021-03-19,7657241025.05,2853828528.15
2021-03-20,7773597948.78,2856133497.34
2021-03-21,7798623546.63,2858864817.08
2021-03-22,7462746291.03,2892444286.48
2021-03-23,7614327958.81,2899904524.51
2021-03-24,7082005025.54,2909269891.01
2021-03-25,7227631907.57,2917456398.57
2021-03-26,6722072981.85,2933223163.41
2021-03-27,6952368168.90,2951983393.93
2021-03-28,7110114699.94,2962559056.69
2021-03-29,7257584126.84,2983110854.01
2021-03-30,7552381363.96,2991027833.42
2021-03-31,7862364093.37,3005583096.81
2021-04-01,7725854526.26,3031809024.52
2021-04-02,8152633130.70,3106778303.11
2021-04-03,8468487751.16,3147628980.05
2021-04-04,8656089704.62,3167341454.91
2021-04-05,8523059350.20,3163903300.15
2021-04-06,8504719312.95,3164114171.33
2021-04-07,8732900938.40,3172144203.04
2021-04-08,8126401060.88,3166412361.88
2021-04-09,8265102518.26,3173698077.99
2021-04-10,8574513435.91,3199134011.04
2021-04-11,8862416658.55,3253087003.25
2021-04-12,8848120911.03,3261164097.34
2021-04-13,8822811956.42,3245976515.91
2021-04-14,9035844784.85,3240951237.52
2021-04-15,9511760843.57,3299869121.90
2021-04-16,9665150898.93,3400412289.45
2021-04-17,9891903107.90,3519177751.60
2021-04-18,10100345583.55,3537505309.22
2021-04-19,8932499021.52,3557797739.40
2021-04-20,9538926071.01,3554841549.99
2021-04-21,9363703754.37,3576018586.16
2021-04-22,9556985020.34,3587803908.90
2021-04-23,10527100969.49,3565387027.51
2021-04-24,9467274878.98,3574200928.69
2021-04-25,9275793179.08,3594512198.46
2021-04-26,9626648801.71,3626135080.45
2021-04-27,10477924397.36,3686114141.44
2021-04-28,10709520593.22,3712858655.07
2021-04-29,11224462790.55,3754339313.85
2021-04-30,11426945554.77,3801668494.16
2021-05-01,11427628371.20,3838667511.78
2021-05-02,11814143927.45,3904691968.52
2021-05-03,12038162211.60,3975794881.32
2021-05-04,12843808779.89,4076947817.51
2021-05-05,13674721335.55,4166191888.23
2021-05-06,13539409824.72,4331385726.57
2021-05-07,14018569478.96,4464332603.38
2021-05-08,13654086319.46,4532786734.54
2021-05-09,14007238482.82,4604615818.60
2021-05-10,14777489071.37,4687334326.32
2021-05-11,15811745595.01,4723402083.80
2021-05-12,15370564803.58,4786401842.35
2021-05-13,16529780185.61,4706808022.62
2021-05-14,14506763973.79,4707945626.47
2021-05-15,15417807008.48,4760343562.51
2021-05-16,15193121692.19,4832506466.21
2021-05-17,14742087973.75,4855138587.62
2021-05-18,13813173242.52,4924490625.52
2021-05-19,13952637251.21,4710945827.24
2021-05-20,10608552440.28,4339521073.89
2021-05-21,11373056290.48,4391991202.98
2021-05-22,10849407269.14,4372861867.06
2021-05-23,9847841886.28,4240223071.05
2021-05-24,8563221232.81,4280218801.52
2021-05-25,9927124258.11,4388139758.20
2021-05-26,9964278141.76,4461039479.05
2021-05-27,11354837646.75,4519122157.59
2021-05-28,11228708556.28,4539629543.11
2021-05-29,10091532131.05,4597167293.63
2021-05-30,9947288147.23,4604397383.41
2021-05-31,9957422828.61,4598974926.20
2021-06-01,10278555286.09,4580851381.56
2021-06-02,10353139133.80,4589387775.57
2021-06-03,10690918241.85,4642668630.58
2021-06-04,11005512050.77,4696040105.65
2021-06-05,10333612057.21,4727592963.21
2021-06-06,10532769191.56,4737802364.58
2021-06-07,10722972489.30,4778050612.10
2021-06-08,11039147815.83,4812710090.46
2021-06-09,10221812678.77,4866771869.35
2021-06-10,10628396669.23,5049117938.17
2021-06-11,10572042486.42,5134184668.95
2021-06-12,10400789328.54,5129976955.45
2021-06-13,10178191118.20,5153546642.36
2021-06-14,10165012519.56,5189319975.76
2021-06-15,10616981483.19,5227616702.30
2021-06-16,10926456813.50,5297715970.95
2021-06-17,10487366330.18,5207157751.94
2021-06-18,10066305677.03,5176854556.62
2021-06-19,9823942609.13,5200892624.12
2021-06-20,9589363520.21,5150345065.29
2021-06-21,9104411026.24,5109325055.23
2021-06-22,8691419927.26,5031630353.55
2021-06-23,8362007462.53,5052000628.87
2021-06-24,8749299376.16,5126252569.88
2021-06-25,8971549171.15,5117683798.20
2021-06-26,8672078721.27,5090697136.82
2021-06-27,8581650259.46,5087730789.39
2021-06-28,8680353789.50,5112419948.29
2021-06-29,9121832494.99,5145451789.16
2021-06-30,9643812752.11,5263990891.29
2021-07-01,9666069335.28,5345515789.52
2021-07-02,9612406008.42,5354048669.84
2021-07-03,9347147059.46,5361384770.96
2021-07-04,9808485818.37,5375129270.98
2021-07-05,10154065828.84,5404925182.84
2021-07-06,9881185108.92,5415128824.61
2021-07-07,10045169011.64,5430751445.56
2021-07-08,10339071273.77,5434919915.28
2021-07-09,9710457392.59,5440768321.75
2021-07-10,9495613789.25,5438921095.64
2021-07-11,9580415471.36,5438531776.54
2021-07-12,9628572579.43,5444238878.75
2021-07-13,9365441570.22,5458067579.64
2021-07-14,9148037481.51,5423467939.12
2021-07-15,9298838918.33,5428644132.34
2021-07-16,9061700201.80,5434746037.06
2021-07-17,8976392763.08,5447100224.78
2021-07-18,9042174714.29,5446375320.55
2021-07-19,9063567712.82,5424122767.14
2021-07-20,8788053977.23,5402372171.63
2021-07-21,8683715037.98,5411509382.28
2021-07-22,9291748616.23,5437526423.74
2021-07-23,9338805752.00,5429296167.71
2021-07-24,9479425217.47,5429428361.33
2021-07-25,9674725483.74,5487019649.83
2021-07-26,9716387871.38,5504738169.58
2021-07-27,9778514775.03,5513576856.40
2021-07-28,9984795326.41,5536986426.72
2021-07-29,10084101288.05,5556604433.59
2021-07-30,10245620612.58,5559292385.80
2021-07-31,10496831046.61,5579484126.57
2021-08-01,10742079292.67,5611840375.14
2021-08-02,10741230831.28,5621195485.97
2021-08-03,10786868414.31,5636942553.51
2021-08-04,10536056711.14,5646152037.01
2021-08-05,11097091013.89,5651956893.70
2021-08-06,11307393559.55,5653982033.19
2021-08-07,11377014505.38,5686131513.54
2021-08-08,11989868293.41,5722370130.94
2021-08-09,11729922219.34,5742209686.88
2021-08-10,12056116275.87,5767016184.79
2021-08-11,12018252503.02,5803005506.43
2021-08-12,12137206597.90,5831202986.70
2021-08-13,11836390006.33,5869708418.67
2021-08-14,12592580009.03,5898654281.93
2021-08-15,12321051148.66,5925414825.40
2021-08-16,12376557857.18,5944163198.33
2021-08-17,12039098903.48,5949029174.70
2021-08-18,11658713834.91,5954777296.66
2021-08-19,11734054429.00,5969374010.20
2021-08-20,11951449914.08,5987199075.69
2021-08-21,12414230159.21,6003147266.52
2021-08-22,12314454722.01,6011717206.89
2021-08-23,12343749313.01,6021248580.48
2021-08-24,12564015718.56,6019369043.99
2021-08-25,12169986372.18,6011757294.01
2021-08-26,12274099874.52,6014541239.07
2021-08-27,11927579432.41,6024228307.80
2021-08-28,12400228335.76,6056204102.82
2021-08-29,12327530028.87,6064685032.85
2021-08-30,12334298870.91,6073039744.90
2021-08-31,12345435368.91,6082745450.14
2021-09-01,12739784356.42,6105979922.78
2021-09-02,13631146446.08,6201999696.74
2021-09-03,13696613960.55,6332606437.94
2021-09-04,13989417504.27,6360080795.43
2021-09-05,13826802012.39,6384367327.11
2021-09-06,14038915111.01,6417332290.11
2021-09-07,14086680883.28,6455232318.79
2021-09-08,13069718723.88,6452358938.19
2021-09-09,13213955710.08,6454467152.27
2021-09-10,13064303904.24,6435240072.54
2021-09-11,12469756947.64,6478718237.49
2021-09-12,12572138453.04,6520719859.48
2021-09-13,12972777321.45,6522761780.95
2021-09-14,12655483667.90,6512299413.01
2021-09-15,12994871973.65,6518078839.75
2021-09-16,13333661673.63,6534085914.88
2021-09-17,13345439159.09,6547891717.58
2021-09-18,12972402864.66,6554726707.01
2021-09-19,13053141025.66,6555376175.05
2021-09-20,12743776788.80,6486096239.44
2021-09-21,11485379665.74,6376344865.49
2021-09-22,11178765668.95,6259643314.28
2021-09-23,11943280947.14,6283369697.31
2021-09-24,12216671225.80,6296740220.30
2021-09-25,11645289729.28,6281441278.44
2021-09-26,11618710549.97,6283595380.50
2021-09-27,11923964398.01,6350278800.41
2021-09-28,11687908348.30,6449103512.74
2021-09-29,11414662737.92,6414005022.38
2021-09-30,11485228843.26,6397430999.83
2021-10-01,11765466990.62,6413196632.91
2021-10-02,12570604770.14,6446408391.85
2021-10-03,12872983158.09,6465157700.62
2021-10-04,12942124030.14,6488181291.82
2021-10-05,12890288232.76,6513830222.90
2021-10-06,13273531506.54,6602945829.61
2021-10-07,13515278073.95,6651320095.83
2021-10-08,13533783010.28,6701377321.87
2021-10-09,13527950295.48,6744215244.29
2021-10-10,13634056990.87,6767089190.43
2021-10-11,13296824988.19,6774236193.98
2021-10-12,13595404804.51,6796897554.77
2021-10-13,13634497944.24,6830969606.22
2021-10-14,13925331008.15,6936694780.30
2021-10-15,14595045317.74,7105417225.66
2021-10-16,15189467639.74,7202125091.79
2021-10-17,15151631711.44,7228903777.62
2021-10-18,15228201811.08,7233824880.42
2021-10-19,15020501536.14,7218853632.89
2021-10-20,15339298679.54,7226899249.21
2021-10-21,16403191185.40,7374212005.62
2021-10-22,16420148214.60,7577589781.13
2021-10-23,16040226245.22,7570424038.02
2021-10-24,16602206380.77,7548517215.99
2021-10-25,16332225357.15,7531409792.06
2021-10-26,16746802704.50,7527352162.18
2021-10-27,16557135014.35,7622438248.69
2021-10-28,16255279198.59,7857103311.58
2021-10-29,17205990333.54,7878019016.28
2021-10-30,17560228204.98,7965778698.93
2021-10-31,17335522623.84,8012018293.36
2021-11-01,17310759535.91,8023340044.47
2021-11-02,17442259682.10,8029291726.67
2021-11-03,18140882278.39,8044403590.29
2021-11-04,18345630063.98,8043584920.80
2021-11-05,18087440013.40,8207609891.20
2021-11-06,18448384332.12,8348872999.94
2021-11-07,18554112014.95,8344677916.48
2021-11-08,18901321807.82,8459882444.85
2021-11-09,19753787030.40,8700530838.56
2021-11-10,19678486049.84,8792333791.99
2021-11-11,19186245412.93,8773371430.88
2021-11-12,19515509152.06,8761844042.53
2021-11-13,19342337382.41,8758220287.70
2021-11-14,19211370435.80,8710633588.05
2021-11-15,19067082309.20,8694044144.31
2021-11-16,18905642133.98,8677246393.26
2021-11-17,17901243702.82,8695377349.03
2021-11-18,18187183955.85,8710857971.18
2021-11-19,17255607811.82,8795402531.91
2021-11-20,18418754287.93,8852171428.56
2021-11-21,18912608476.00,8871343924.48
2021-11-22,18611191103.64,8894304817.10
2021-11-23,17744252481.86,8891061883.77
2021-11-24,18591037251.25,8942995593.10
2021-11-25,18339357692.09,8996354159.48
2021-11-26,19200455167.93,8971979396.35
2021-11-27,17612997248.82,8913685608.75
2021-11-28,18000565066.59,8918810208.24
2021-11-29,18794535582.98,8951752264.83
2021-11-30,19248402258.32,9019356097.15
2021-12-01,19820031254.66,9082123488.37
2021-12-02,19753823382.36,9111588611.39
2021-12-03,19557459876.03,9110132795.03
2021-12-04,18617129862.85,9077209220.52
2021-12-05,18223173215.32,9167434103.60
2021-12-06,18596920304.56,9137279131.53
2021-12-07,19195592307.86,9148235682.19
2021-12-08,19106094117.83,9153836806.82
2021-12-09,19482328696.01,9149883040.42
2021-12-10,18533512227.51,9121904831.78
2021-12-11,17744439621.92,9122503383.39
2021-12-12,18267668981.69,9140204855.74
2021-12-13,18502793086.24,9112420964.15
2021-12-14,17233284647.74,9062717081.81
2021-12-15,17563663853.82,9058323368.78
2021-12-16,18286645329.80,9107468896.83
2021-12-17,18151228055.45,9115783920.19
2021-12-18,18025040108.23,9122709092.33
2021-12-19,18365612514.71,9149918319.84
2021-12-20,18176234728.22,9154427246.22
2021-12-21,18272441725.30,9200936059.32
2021-12-22,18631782204.05,9217219842.88
2021-12-23,18536968734.75,9211082006.46
2021-12-24,18999224775.51,9213373233.11
2021-12-25,18816440346.79,9232306230.78
2021-12-26,18969573816.57,9256143698.77
2021-12-27,18981906363.87,9278158984.84
2021-12-28,18856459978.41,9254002287.54
2021-12-29,17952424963.39,9225220401.51
2021-12-30,17427001599.02,9188724183.53
2021-12-31,17601219407.76,9175972826.79
2022-01-01,17504819114.81,9193060118.55
2022-01-02,17851869605.90,9232492878.50
2022-01-03,18075587439.09,9264262612.53
2022-01-04,17881365723.10,9299364380.13
2022-01-05,17945554038.14,9295998472.17
2022-01-06,17079567904.84,9246597541.40
2022-01-07,16756202391.00,9231378973.12
2022-01-08,16198311777.37,9253038900.58
2022-01-09,15939190767.77,9245912651.18
2022-01-10,16105927572.68,9225442937.04
2022-01-11,15961497782.81,9254831250.84
2022-01-12,16499781987.34,9298584669.43
2022-01-13,16985939033.24,9360230011.61
2022-01-14,16631532090.60,9391780712.52
2022-01-15,16835353833.84,9438872247.58
2022-01-16,16968604793.84,9493606864.90
2022-01-17,17078211048.26,9564058129.55
2022-01-18,16693599679.54,9598969588.20
2022-01-19,16581572919.79,9620244070.28
2022-01-20,16439300268.49,9663030607.16
2022-01-21,16098471694.66,9510842846.88
2022-01-22,14621123274.90,9419389986.63
2022-01-23,14339468926.62,9370174525.02
2022-01-24,15160167486.34,9423646819.81
2022-01-25,14909728581.71,9457487367.34
2022-01-26,15275956749.72,9549513511.67
2022-01-27,15737784803.04,9516225211.44
2022-01-28,14771664718.80,9372369369.31
2022-01-29,15405608772.44,9386845127.28
2022-01-30,15610447853.90,9425155326.40
2022-01-31,15626766732.56,9416515806.53
2022-02-01,15755419913.52,9451125720.70
2022-02-02,16082013215.46,9476929197.40
2022-02-03,15651620740.04,9445859826.06
2022-02-04,15600445250.85,9465613854.54
2022-02-05,16792651270.97,9536511184.22
2022-02-06,16866575574.90,9595472759.76
2022-02-07,17058212981.01,9655756409.03
2022-02-08,17500606785.92,9842339439.57
2022-02-09,17802119153.51,9978997943.70
2022-02-10,18120209828.43,10051273041.24
2022-02-11,17314779206.24,10083510373.32
2022-02-12,16866108660.55,10097715659.56
2022-02-13,16792499245.18,10088915176.10
2022-02-14,16727051540.80,10080442026.41
2022-02-15,16854800822.04,10116136278.63
2022-02-16,17792279993.62,10208441160.71
2022-02-17,17569873953.74,10082704395.31
2022-02-18,16543303371.89,10043449275.38
2022-02-19,16234033785.61,10028516154.46
2022-02-20,16277424497.87,10023487472.32
2022-02-21,15835998170.33,9999606852.43
2022-02-22,15507182595.00,9944346068.92
2022-02-23,15733808152.30,9920844776.05
2022-02-24,15538687182.33,9849067133.21
2022-02-25,15210909778.13,9537337029.05
2022-02-26,15462961067.73,9489914909.67
2022-02-27,15487101388.19,9479381270.29
2022-02-28,15017845311.59,9503964637.66
2022-03-01,16095950003.66,9518616115.04
2022-03-02,16342178887.71,9507933926.80
2022-03-03,16072333866.75,9474812010.65
2022-03-04,15670135941.79,9503711880.90
2022-03-05,14997770253.51,9560165814.51
2022-03-06,15142692337.76,9610969313.56
2022-03-07,14901251724.29,9694765778.15
2022-03-08,14775660937.31,9705629236.75
2022-03-09,15034844336.55,9619668121.08
2022-03-10,15636627537.98,9648680964.52
2022-03-11,15199804376.62,9657648380.07
2022-03-12,15057978411.60,9671710741.41
2022-03-13,15080234286.40,9670693311.64
2022-03-14,14848660826.29,9661573163.97
2022-03-15,15114573248.02,9650382102.23
2022-03-16,15173831881.01,9649991262.86
2022-03-17,15666520963.44,9666394658.86
2022-03-18,15810922757.25,9697022403.19
2022-03-19,16366770727.37,9733154142.77
2022-03-20,16327180021.73,9785688417.93
2022-03-21,16118664464.28,9810959516.73
2022-03-22,16193969169.31,9796013423.80
2022-03-23,16451172218.40,9746704104.44
2022-03-24,16670408298.52,9655492136.88
2022-03-25,16769779522.74,9542040898.41
2022-03-26,16654098918.79,9521194933.55
2022-03-27,16762460549.24,9511316081.75
2022-03-28,17247576973.04,9507255214.45
2022-03-29,17275060774.33,9473232248.83
2022-03-30,17392373151.91,9470131354.03
2022-03-31,17448229800.17,9465902814.85
2022-04-01,14925332670.90,9479686456.35
2022-04-02,15808626924.99,9444092077.27
2022-04-03,15650906916.27,9343312113.04
2022-04-04,15753527878.49,9339743113.89
2022-04-05,15806659221.22,9326084438.89
2022-04-06,15237046970.43,9283632713.45
2022-04-07,14728637436.86,9226983141.76
2022-04-08,15209024021.33,9261701127.36
2022-04-09,15043606778.97,9279131255.39
2022-04-10,15207459558.12,9273890568.38
2022-04-11,15006194421.78,9170840470.63
2022-04-12,14176444112.65,9030907713.77
2022-04-13,14274627723.79,8984121357.49
2022-04-14,14431146376.13,8968756573.86
2022-04-15,14075749736.26,8946279216.82
2022-04-16,14128722939.65,8940605989.88
2022-04-17,14183919621.22,8926616440.47
2022-04-18,13912998440.52,8883574437.10
2022-04-19,14195982278.20,8880023729.67
2022-04-20,14221208034.14,8883051576.34
2022-04-21,14266644692.95,8890663103.68
2022-04-22,13954591231.63,8876318444.33
2022-04-23,13906869629.60,8871460424.41
2022-04-24,13827425824.78,8872610618.77
2022-04-25,13634597441.08,8885395378.20
2022-04-26,14092052121.31,8818830261.75
2022-04-27,13452310421.40,8788830650.62
2022-04-28,13662627969.76,8762241036.20
2022-04-29,13765293074.32,8706170668.04
2022-04-30,13379725963.34,8639239463.26
2022-05-01,13135459674.39,8599042067.05
2022-05-02,13287531600.41,8535650413.68
2022-05-03,13332335358.35,8472650731.39
2022-05-04,13141525043.51,8404068460.78
2022-05-05,13528108262.97,8367109361.28
2022-05-06,13000857954.17,8319779335.66
2022-05-07,12930938458.39,8210440427.74
2022-05-08,12591541965.90,7898575683.39
2022-05-09,11909955792.01,7494065234.93
2022-05-10,11716483650.56,7228443515.32
2022-05-11,11916640361.60,6667893376.12
2022-05-12,10325929862.68,6210295379.86
2022-05-13,10318250497.68,6189587944.43
2022-05-14,10451479805.31,6169915536.03
2022-05-15,10491920144.01,6216158646.27
2022-05-16,10763483448.65,6208440172.58
2022-05-17,10405190190.83,6262578020.58
2022-05-18,10655526994.78,6286370145.52
2022-05-19,10117710250.73,6337875182.35
2022-05-20,10312866849.12,6319825114.81
2022-05-21,9554216083.33,6304653626.38
2022-05-22,9612826587.41,6298032633.64
2022-05-23,9804599993.45,6347084457.72
2022-05-24,9766888410.08,6312263757.16
2022-05-25,9850935861.59,6333548853.87
2022-05-26,9815132793.51,6364953345.44
2022-05-27,9388339591.99,6362420128.87
2022-05-28,9269124574.87,6407921029.26
2022-05-29,9393689673.18,6405363486.72
2022-05-30,9440668655.95,6436832547.32
2022-05-31,10099104834.60,6490897037.08
2022-06-01,9929904175.00,6550756157.52
2022-06-02,9521276506.50,6566423649.11
2022-06-03,9594318816.90,6601341582.51
2022-06-04,9453683965.84,6591366722.03
2022-06-05,9488117765.78,6612675356.95
2022-06-06,9532331983.87,6622071831.25
2022-06-07,9437743691.60,6657133205.09
2022-06-08,9648849629.68,6716444385.83
2022-06-09,9548893053.49,6751286067.88
2022-06-10,9526704036.20,6803789545.83
2022-06-11,9095298816.32,6810173344.12
2022-06-12,8667132876.07,6767089849.24
2022-06-13,8537468882.45,6702168300.02
2022-06-14,7933178283.00,6583694034.14
2022-06-15,7897522625.09,6526579181.02
2022-06-16,7966559906.52,6453095622.88
2022-06-17,7459592052.80,6473980327.67
2022-06-18,7753292698.91,6511492099.57
2022-06-19,7464889992.28,6466705762.82
2022-06-20,7745681657.86,6473286852.95
2022-06-21,7785097752.50,6465677297.95
2022-06-22,7784445951.93,6511029855.45
2022-06-23,7649226905.74,6512091035.57
2022-06-24,7822612534.16,6505861185.50
2022-06-25,7958790750.67,6496787572.82
2022-06-26,8016064664.88,6509799323.95
2022-06-27,7909454689.45,6498062122.95
2022-06-28,7881321125.27,6464585330.67
2022-06-29,7650160843.66,6442481046.99
2022-06-30,7631786581.50,6503362871.32
2022-07-01,7637836823.51,6519560350.21
2022-07-02,7573930975.32,6602927618.72
2022-07-03,7575882149.49,6595427946.61
2022-07-04,7579624339.38,6587142077.89
2022-07-05,7874087221.55,6614383847.94
2022-07-06,7840608582.51,6604757444.92
2022-07-07,7918526678.51,6599028564.43
2022-07-08,7735560855.47,6645678584.47
2022-07-09,7707155052.58,6660732787.28
2022-07-10,7685167605.57,6655878915.39
2022-07-11,7599094705.78,6624229909.05
2022-07-12,7453283771.12,6621978793.51
2022-07-13,7269666596.24,6602449421.99
2022-07-14,7521306476.56,6647105311.04
2022-07-15,7702956605.90,6690905293.07
2022-07-16,7814349036.08,6730744968.63
2022-07-17,8117588582.84,6808387173.44
2022-07-18,8060240297.08,6920731817.22
2022-07-19,8559463062.29,6960808658.40
2022-07-20,8550335073.67,7001880691.80
2022-07-21,8504268558.20,7001264282.49
2022-07-22,8551793629.89,7013535239.26
2022-07-23,8522223928.72,7076452171.53
2022-07-24,8384719536.02,7090509383.62
2022-07-25,8348216462.80,7081767761.28
2022-07-26,8081666739.46,7068867863.67
2022-07-27,7949002257.18,7073212370.10
2022-07-28,8394556624.70,7141627535.42
2022-07-29,8627540198.58,7178367701.45
2022-07-30,8634198635.65,7187788369.30
2022-07-31,8568869966.50,7173555078.86
2022-08-01,8499320984.21,7150750902.25
2022-08-02,8453595342.30,7153582679.88
2022-08-03,8391854527.99,7112623775.26
2022-08-04,8512608028.20,7151985567.62
2022-08-05,8404698835.48,7204824689.17
2022-08-06,8646186830.24,7230485453.23
2022-08-07,8553433472.11,7238599163.15
2022-08-08,8596830224.41,7212804090.91
2022-08-09,8827928267.47,7216165721.94
2022-08-10,8619359632.06,7277064172.10
2022-08-11,9019768755.99,7272818219.90
2022-08-12,8971660107.51,7077948140.37
2022-08-13,9078600290.55,7015788482.54
2022-08-14,9188866716.25,7008188594.60
2022-08-15,9044417075.51,6981260303.83
2022-08-16,8900423757.45,6965770840.01
2022-08-17,8863282467.23,6926952098.66
2022-08-18,8696415634.66,6834321376.14
2022-08-19,8604491782.31,6832852722.95
2022-08-20,8126033371.28,6806116436.09
2022-08-21,8030092743.73,6739454028.45
2022-08-22,8091843647.57,6705018123.08
2022-08-23,8109523546.39,6679605830.55
2022-08-24,8129175304.49,6686120527.49
2022-08-25,8173543668.63,6681195417.43
2022-08-26,8217213796.34,6684664567.01
2022-08-27,7825791196.20,6658928092.23
2022-08-28,7762089880.54,6658332698.25
2022-08-29,7722875024.38,6657037931.90
2022-08-30,7946964850.39,6697703014.71
2022-08-31,7990896835.80,6689539368.74
2022-09-01,7908410932.41,6719550120.30
2022-09-02,7977686150.33,6718385538.61
2022-09-03,7974594886.99,6713354063.68
2022-09-04,7920379395.80,6660785700.42
2022-09-05,7936570248.44,6619187956.68
2022-09-06,8104395016.35,6589505683.72
2022-09-07,7921235219.85,6572054971.58
2022-09-08,8146134356.52,6580063770.28
2022-09-09,8208324997.37,6582897394.37
2022-09-10,8472154387.90,6606925252.72
2022-09-11,8623642440.18,6613642657.16
2022-09-12,8582388420.94,6609150538.55
2022-09-13,8514457367.80,6589138495.78
2022-09-14,8095690015.94,6547336064.16
2022-09-15,7790748139.31,6550828557.96
2022-09-16,7482745117.19,6547312452.21
2022-09-17,7433730606.65,6548136105.54
2022-09-18,7503592540.35,6601289795.90
2022-09-19,7299423418.91,6591905303.49
2022-09-20,7316929170.74,6574378902.87
2022-09-21,7260129706.41,6611924395.55
2022-09-22,7114962962.75,6626607341.83
2022-09-23,7298437972.04,6666359831.27
2022-09-24,7284021364.98,6647826990.22
2022-09-25,7280128914.74,6643697697.53
2022-09-26,7258710125.29,6642617743.78
2022-09-27,7343708585.33,6628584630.79
2022-09-28,7312794957.50,6604854973.97
2022-09-29,7280371781.63,6571133148.45
2022-09-30,7174354841.11,6583028606.62
2022-10-01,7147664372.50,6579740024.15
2022-10-02,7659081295.81,6558562116.25
2022-10-03,7574746039.96,6531526297.68
2022-10-04,7633794013.43,6510319604.53
2022-10-05,7744314418.76,6522007843.75
2022-10-06,7751891222.01,6501719619.91
2022-10-07,7748214627.27,6490818751.32
2022-10-08,7680531183.98,6486200517.62
2022-10-09,7611892517.56,6483499432.69
2022-10-10,7644520700.95,6466708035.47
2022-10-11,7521888463.75,6418299736.96
2022-10-12,7507677889.84,6400207270.68
2022-10-13,7606527865.91,6376747192.60
2022-10-14,7760095305.04,6208255408.21
2022-10-15,7743949308.38,6198366845.82
2022-10-16,7699615758.05,6193104679.95
2022-10-17,7757267799.76,6174522559.47
2022-10-18,7838912157.18,6176740610.10
2022-10-19,7784291906.14,6123916107.40
2022-10-20,7724254619.42,6020632576.78
2022-10-21,7629009021.76,5946450812.71
2022-10-22,7633714041.67,5926021130.58
2022-10-23,7649037916.44,5944365218.41
2022-10-24,7799261421.84,5961033993.25
2022-10-25,7759432662.64,5961117269.62
2022-10-26,7990042755.93,5970580930.40
2022-10-27,8208478253.76,5966921056.46
2022-10-28,8128358451.24,5969095098.37
2022-10-29,8176884357.47,5968044532.23
2022-10-30,8320735228.81,5998915254.78
2022-10-31,8182950077.40,5957285481.15
2022-11-01,8060133326.30,5880452405.17
2022-11-02,8020162341.92,5864430228.95
2022-11-03,7925487071.04,5882708645.09
2022-11-04,7941866974.45,5908068552.20
2022-11-05,8183585084.62,5922872470.74
2022-11-06,8199221567.73,5992070054.11
2022-11-07,8031791727.65,5985596851.06
2022-11-08,5706098033.95,5979770358.92
2022-11-09,7293515080.63,5780540627.60
2022-11-10,6511477846.73,5581790560.34
2022-11-11,6889165881.70,5597962235.71
2022-11-12,6814262458.95,5636075606.55
2022-11-13,6817636103.61,5655927850.18
2022-11-14,6670766284.53,5658624014.87
2022-11-15,6797641749.84,5653936509.31
2022-11-16,6765144166.98,5636396716.15
2022-11-17,6683667182.32,5644754867.67
2022-11-18,6680255715.60,5645974270.18
2022-11-19,6657678534.02,5637154698.19
2022-11-20,6686263620.79,5627015306.19
2022-11-21,6458409148.46,5615457465.74
2022-11-22,6345844547.13,5578875617.62
2022-11-23,6319376579.47,5419629588.15
2022-11-24,6605492254.81,5460743926.90
2022-11-25,6584274258.15,5457429585.44
2022-11-26,6592626100.14,5466311871.17
2022-11-27,6601433655.84,5404281521.83
2022-11-28,6616248679.05,5400510462.70
2022-11-29,6537112964.93,5421956175.68
2022-11-30,6650925818.90,5367911150.37
2022-12-01,6788884188.42,5399241084.92
2022-12-02,6763644401.31,5424004196.39
2022-12-03,6704911811.21,5432184209.80
2022-12-04,6621306608.88,5428839349.04
2022-12-05,6719128397.65,5429007371.95
2022-12-06,6579498052.58,5320573274.58
2022-12-07,6346262213.10,5384930812.62
2022-12-08,6262692706.28,5374904107.42
2022-12-09,6332687575.15,5382466489.10
2022-12-10,6303424369.22,5385925603.22
2022-12-11,6317701067.41,5383908622.69
2022-12-12,6284051605.16,5376046594.97
2022-12-13,6306539163.34,5381676444.00
2022-12-14,6430415474.79,5365772770.02
2022-12-15,6380345929.99,5348661721.09
2022-12-16,6104087654.09,5329792320.68
2022-12-17,5880180838.65,5349819535.28
2022-12-18,5908308752.97,5354099605.05
2022-12-19,5954170107.68,5356950069.62
2022-12-20,5922214404.12,5368255765.53
2022-12-21,6019561089.72,5380930171.09
2022-12-22,6054299688.15,5375525236.89
2022-12-23,6048199997.52,5369578793.71
2022-12-24,6034969808.90,5360607998.63
2022-12-25,6041776410.77,5364287803.81
2022-12-26,6031416165.48,5351750368.44
2022-12-27,6030497704.10,5340643882.62
2022-12-28,5979235934.18,5314242698.22
2022-12-29,5900827555.74,5285823566.14
2022-12-30,5913836810.95,5279020456.54