date,totalBorrow,totalValueLocked,utilizationRate,liquidity
12/12/2021,2000,2503.737516944307219698613197150366,0.7988057799448982,503.7375169443071
13/12/2021,2051.913124475142201923331495133442,2931.673195507879091702240626462667,0.6999119573147619,879.760071032737
14/12/2021,92211.16575473949078316916010178942,3940114.167741358280623628448372843,0.023403171032376168,3847903.0019866186
15/12/2021,1866259.935991985561144401993304952,13783215.76485057367678427568880975,0.13540090845499567,11916955.828858588
16/12/2021,3517718.883512524697959571335396963,18330711.89992772116670715541797367,0.19190301515384112,14812993.016415196
17/12/2021,4411938.298871153072969046869979775,21245694.39997371463801064813817792,0.20766270171318157,16833756.10110256
18/12/2021,8680790.61324475766498327491292538,28765885.80489439352158056959640851,0.3017737980371095,20085095.191649638
19/12/2021,9972302.122798136539798757132846612,30077400.62585090928809506692647937,0.3315546528388211,20105098.50305277
20/12/2021,10024255.29077774687577585357700664,30144514.4766771525528748178322053,0.3325399484716705,20120259.185899407
21/12/2021,10124922.12017159134078094369055009,32012354.9797729534917953311438514,0.316281702066875,21887432.859601364
22/12/2021,10393297.64661920613053407408306188,35281192.12642911846561691434820604,0.2945846503535121,24887894.47980991
23/12/2021,10333298.39070409379468826996033716,33687607.16334339121414427119237043,0.30673886514409665,23354308.772639297
24/12/2021,10761640.45307027962592991144145676,37131834.66037049507678289691786309,0.28982248120790544,26370194.207300212
24/12/2021,10749787.384763891795494286636135,37187684.98996266817279804911670392,0.28906847489068943,26437897.60519878
26/12/2021,10793919.97484799764335698326398996,38176689.49362410707514330613623781,0.28273588197454086,27382769.518776108
27/12/2021,10849532.28189186296582606699156273,38330926.42680449189213143552658871,0.2830490492477343,27481394.144912627
28/12/2021,11757183.77821957796183717273146927,39690681.45961932857652494464062121,0.2962202548772349,27933497.681399748
29/12/2021,12053591.73772533061855223403554188,39901556.45136998770291202171238203,0.30208324711382234,27847964.713644654
30/12/2021,12265495.54555674224294821481864828,39742621.02541673661146812649789046,0.30862321681583477,27477125.479859997
31/12/2021,11959367.67304473024676196312629505,40455182.17040014118657563152488615,0.2956201661055687,28495814.497355413
01/01/2022,11987604.72587093430785386839851126,40594955.18924499841960337700876437,0.2952978928043468,28607350.463374067
02/01/2022,12432846.89672312584119911879508673,41230316.03693716491197676053615127,0.30154624295348265,28797469.140214037
03/01/2022,12657972.21162086701484173904706835,41966581.76051815430315041292392156,0.30162028167682203,29308609.54889729
03/01/2022,12527078.58329924139471348753842846,41710931.44944182183944091102943743,0.30033082810637834,29183852.86614258
05/01/2022,12508490.6930417489878594103558451,43311874.51066571335029275731009327,0.2888004925753441,30803383.817623965
06/01/2022,12490451.81734445154183016181686024,42756404.32877105929895772140652401,0.2921305477724549,30265952.511426613
07/01/2022,12470305.70275908326813067462483416,42002539.3450591727053407764694523,0.2968940901480516,29532233.642300088
08/01/2022,11938762.25789400304605019396396373,41472074.98972177010332059812558239,0.28787472680961457,29533312.731827766
09/01/2022,11531208.205866794824535616393824,41074899.21269619524771711756669636,0.28073612904453615,29543691.0068294
09/01/2022,11522103.85081125184514011041782996,41087049.1493547580180178596847173,0.28043152500262236,29564945.298543505
11/01/2022,11496892.31041568708143568987713636,40500316.46861696694664954070011024,0.2838716660232628,29003424.158201285
12/01/2022,10971788.4644725222434360947349104,40794043.74829580321594294753146055,0.26895564784334175,29822255.28382328
13/01/2022,11169832.54274168534114452632644412,41346888.60275371156655460363728556,0.2701492886213879,30177056.060012028
14/01/2022,11133119.47323632997742906579643835,42817446.1770169303089894111945832,0.26001362685690116,31684326.7037806
15/01/2022,13177778.87128891214348242473725288,46014932.265860095080511727618169,0.28638049047104464,32837153.394571185
16/01/2022,13925827.82333408581084712807974548,47288777.63044720554903750737957509,0.2944848338470869,33362949.807113122
17/01/2022,14129994.04749430857794319263332578,47749728.61104042157554603176641489,0.29591778756680204,33619734.56354611
18/01/2022,13975166.73791973679943211624519257,46950961.8882982444880128041658485,0.29765453519713336,32975795.150378507
19/01/2022,14178552.82606068021515136362909291,45775891.09520826740179784887210137,0.3097384340715732,31597338.269147582
20/01/2022,14235491.18667502022895281991834114,44240875.47946218495504080325196348,0.3217723662200926,30005384.292787164
21/01/2022,14246106.81761785666746206193200209,44542502.76108499526932151718623022,0.3198317547181949,30296395.94346714
22/01/2022,13580732.51023996353731981605138395,40828505.47548438509425378008356137,0.3326286953705558,27247772.96524442
23/01/2022,12723973.10224483541743961237668263,38724828.51746660211009671199651829,0.32857403349134945,26000855.41522177
24/01/2022,12998205.43724420039898515943245456,40088018.08911509333604717493570682,0.32424165765315155,27089812.65187089
25/01/2022,11423632.42667444387921705576969664,38825882.20733416171823090107266595,0.2942272468059086,27402249.780659717
26/01/2022,13122928.53712404028534001328857714,41081983.80343479121685921733163375,0.3194326885457478,27959055.26631075
26/01/2022,13051895.16052758059475711598544875,41300896.0460630430537536898262981,0.3160196608318317,28249000.885535464
28/01/2022,12941727.92542503117170708629764892,41453747.49344997005194984107081401,0.3121968147142771,28512019.56802494
29/01/2022,14850780.8917718573588119512343067,44163207.81146626538967276993982483,0.33627043024524345,29312426.919694405
30/01/2022,12924859.68417030650887001690332811,43727818.46237159198268608277041832,0.29557522279078086,30802958.77820129
31/01/2022,13662287.0602190223979189711279495,47389448.83487024669022228266366986,0.28829807892101916,33727161.77465123
01/02/2022,15367146.65069182767302612008231783,49884629.41550755060810090564478214,0.30805373981418555,34517482.76481572
02/02/2022,16066534.60279399470306221146861128,51910324.17994839432442343631644866,0.3095055724772391,35843789.5771544
03/02/2022,16534918.55276520829252404367485293,52379342.87777585506223222616338465,0.3156763266646639,35844424.32501065
04/02/2022,17802962.52045035142522267349442557,54036096.71346806464453059798690628,0.329464258213401,36233134.19301772
05/02/2022,24112915.51993360587212948217273202,64020322.03447352676198910603324805,0.37664470833104113,39907406.51453991
06/02/2022,27708436.37858096866669837029633787,69457230.56887773052018952358655942,0.3989280331455731,41748794.190296754
07/02/2022,27734090.91234659289828026281091112,69486952.2400256705632074584676705,0.3991265988547888,41752861.327679075
08/02/2022,28050295.85319012419983121831309996,70684085.64560510790242207992099735,0.39684032971478633,42633789.79241498
09/02/2022,29691213.50353126316386002435595711,73497526.55504750088134998581210358,0.40397568319926264,43806313.051516235
10/02/2022,30920637.986033113489389542368063,77877512.70654491367844688860605956,0.39704193048058795,46956874.72051181
11/02/2022,31283254.63595702696802052891834727,77879768.50821214207525061117781331,0.4016865385605033,46596513.87225512
12/02/2022,30980539.86192571909512102459320372,82163377.10692493201726917217803667,0.3770602055659005,51182837.244999215
13/02/2022,30250392.59470126958622261655378521,81977100.14400116825288825934617512,0.3690102789872215,51726707.5492999
14/02/2022,30518995.5443706950992026136621884,82254565.7655082394833718636462439,0.37103102132195814,51735570.22113754
15/02/2022,29004969.79770217888329213561193556,84566775.65915731746666527011234687,0.34298303998966967,55561805.86145514
16/02/2022,29023500.85179331593713640230735965,85291730.545164559037104203819375,0.3402850506875868,56268229.69337124
17/02/2022,33065393.41894363777999647037744331,90796232.37910540596364092821218364,0.3641714259781648,57730838.96016177
18/02/2022,36093587.05976353975408250986820676,102363103.0256615019241391889995685,0.3526034869294184,66269515.965897955
19/02/2022,39370168.24997308246021789856341771,105826038.0304090079901579413215892,0.3720272343434052,66455869.78043593
20/02/2022,40257203.82699165750377354425593615,106721087.9796617260906080105593029,0.37721882890346503,66463884.15267008
21/02/2022,40445698.6860209939092346683131204,106476669.9345707015172932855535324,0.37985503031673173,66030971.24854971
22/02/2022,42838770.66617344273878428157618814,98091555.7464861621523889052389595,0.4367223084613786,55252785.080312714
23/02/2022,42290914.02278173170223805104269981,106579060.2681752302120604450088479,0.39680321740845653,64288146.2453935
24/02/2022,41646367.05365890137754699694991094,104967019.7315584499919340232348446,0.39675668757829724,63320652.677899554
25/02/2022,36988446.46364609606672050814741458,90718951.4053099438130809302690183,0.4077256834505375,53730504.94166385
26/02/2022,34959903.50677164650911462498831967,86103246.20831385733423862680288587,0.406023060062003,51143342.701542206
27/02/2022,35077913.79345563588368665495474828,84150043.3825365425941226394510271,0.41684962221582494,49072129.58908091
28/02/2022,33765318.00708595440818732520804821,89927169.65963712323762855768314886,0.3754740434385223,56161851.65255117
01/03/2022,33296320.96934721499866683850014786,82665741.3070721388875029547787498,0.40278258493641167,49369420.33772492
02/03/2022,32738791.33453800994013846605875463,81850375.11402824709795390699500051,0.39998340006296373,49111583.77949023
03/03/2022,35773410.00763177945393663278899262,86950374.6655495849440235948163788,0.4114232991546324,51176964.65791781
04/03/2022,35588299.36746241335381690590316434,87977421.74118034901487943756333571,0.4045162800082864,52389122.373717934
05/03/2022,35008243.27816779497791073579100594,84538128.40285937780856091769219806,0.4141118799240378,49529885.12469158
06/03/2022,35820570.99477224112286677497019926,85661162.4941028241375634013929376,0.41816582861852053,49840591.49933058
07/03/2022,36963594.31089820248180214525300141,87366285.50139638499837884803269317,0.42308762583602577,50402691.19049819
08/03/2022,31623275.79540371250329143273060031,81530450.9404298237061780680519071,0.38787073333507305,49907175.14502611
09/03/2022,32448439.22075183986356094908669583,83099110.58700365239835265345438745,0.39047877879244886,50650671.36625181
10/03/2022,32925796.07778194067230440990535336,84264037.7011661334968612090918991,0.3907455300747626,51338241.62338419
11/03/2022,32412589.37532101125497278688431094,83311202.20051762854901073699428517,0.38905439507773215,50898612.82519661
12/03/2022,32333613.95641087113772976220895599,82370186.13056333859012323844083937,0.3925402560722578,50036572.17415246
13/03/2022,32614871.00615002631661266673395745,82605326.77315061330746177034110737,0.3948276979245715,49990455.767000586
14/03/2022,35355175.16986660967151123317093509,85500109.4545038240278141784602122,0.4135102913368754,50144934.28463721
15/03/2022,35492858.74676159124895324487435832,86043307.20111117190901144816044792,0.41249993638439825,50550448.45434958
16/03/2022,37417643.57692465801089054258367271,89293383.76476228265207807632416098,0.41904161315578603,51875740.18783762
17/03/2022,40952040.51019827056916220548894984,94084347.32505193754573939280433322,0.4352694329558678,53132306.81485366
18/03/2022,40165873.33177506422972128912488718,93407299.2066984725579634040659449,0.4300078652621471,53241425.874923415
19/03/2022,40539587.79996798742029177766598732,93890776.81077351670206275262986471,0.43177390982365654,53351189.01080553
20/03/2022,40667298.79832805548206066336050394,95793090.38179617776607202566650753,0.42453269475118816,55125791.583468124
21/03/2022,43182266.88933746942317692868776232,98564897.30211842364853056358920905,0.43810999728408756,55382630.41278095
22/03/2022,49792414.83867718364944751096755896,109654010.0404058082544139145785657,0.4540865839774528,59861595.20172863
23/03/2022,69256528.24172914741310354242680155,144192144.2682600271058129837230981,0.4803072219585133,74935616.02653089
24/03/2022,84795572.38547617755121841218227499,161917300.5104365279265132572493774,0.5236968015039912,77121728.12496036
25/03/2022,91053711.55276515459799727774121427,172081231.4412485939672641346528517,0.5291321475918913,81027519.88848343
26/03/2022,96743770.96474077747720597841392222,177060348.8031363901743606777644365,0.5463886839639339,80316577.8383956
27/03/2022,98627095.24402463131026782654476383,177713763.9041176509467799014064625,0.5549772458662074,79086668.66009301
28/03/2022,104041993.6830239094216268128869174,185792988.3763683762776245025202173,0.5599888057791602,81750994.69334446
29/03/2022,132805755.6183709159677499705829412,218425110.0165457088695321067776662,0.6080150565487222,85619354.39817479
30/03/2022,191843244.7029466360025069826326504,279745899.101761724459703324352836,0.6857767900045635,87902654.39881507
31/03/2022,219993385.6542434573532832861913548,312271070.3680506437316156296541606,0.7044949293412088,92277684.71380717
01/04/2022,211403171.6499463448624266894855625,303814512.9790498608038085116166994,0.6958297336655674,92411341.32910353
02/04/2022,253103073.2904527217894472203559644,355971772.0356323201351536116028635,0.711020067245999,102868698.7451796
03/04/2022,257114225.715653325257730716205244,359223897.4497986828768412212042288,0.7157492236484208,102109671.73414537
04/04/2022,307576725.8468269498328573116150281,412383479.6664588326752529753006755,0.7458512307418306,104806753.81963187
05/04/2022,313923216.8402898714065456164327774,425401632.6647332229109097913299432,0.7379454913556913,111478415.82444334
06/04/2022,294182186.1257646531180749513489157,398028654.6254676171346990005249756,0.7390980089174254,103846468.49970293
07/04/2022,285218597.4107530385604921207318154,385192727.5475902931141191840555034,0.740456859678158,99974130.1368373
08/04/2022,311563390.1857965757918478634861284,417446632.0825408555114065550160281,0.7463550217939997,105883241.89674431
09/04/2022,325341536.5051609424020756979141874,430501318.4532167258970595155326613,0.7557271547369635,105159781.9480558
10/04/2022,333412267.5482586692501111445748155,439167302.1207050968334701981160666,0.7591919205693058,105755034.5724464
11/04/2022,333845155.2300715810268296400229023,438438066.4010706688199789201740051,0.7614419933251863,104592911.17099905
12/04/2022,326888175.3867006130921122228858827,430922293.1179473468872979844197671,0.7585780095559558,104034117.73124671
13/04/2022,355608802.6635711659806173170354884,466379529.6874983481775314783687162,0.7624880167914959,110770727.02392715
14/04/2022,336671108.862521130520035051702511,448785404.7079732677580007366697807,0.7501828386812057,112114295.84545213
15/04/2022,334530489.0652139029584210068437966,446485010.2134107732091079435966059,0.7492535727130349,111954521.14819688
16/04/2022,333494633.6943225544729343779211542,450785141.2889581798464135139354202,0.739808399054016,117290507.59463567
17/04/2022,335308670.7000429079601620659257657,452303973.4907890074617725297909457,0.7413347888858892,116995302.7907461
18/04/2022,301226094.930835838481723432660841,418750298.2497235563467601781801687,0.7193453859970707,117524203.31888771
19/04/2022,318879841.2078315697376587662861277,437582330.9172091890667878621557743,0.7287310722520096,118702489.70937765
20/04/2022,308675401.7473763810599256280064212,421537090.8569586437630744015585714,0.7322615457630515,112861689.10958225
21/04/2022,305713922.3306110913004247952341723,411356548.1948374217358669057957172,0.7431847716346814,105642625.86422634
22/04/2022,305233010.7761378848208040283532111,408485451.5982997311135283745281093,0.7472310447822283,103252440.82216185
23/04/2022,298817702.3884558801295620110099555,399263759.686940450538358083731053,0.7484218017251465,100446057.29848456
24/04/2022,292850658.4716569455199691674070842,393052957.642627657882860787431882,0.7450666704763055,100202299.17097074
25/04/2022,270724561.7405193195960214145508962,369084750.6232730321332394053771962,0.7335024307651483,98360188.88275367
26/04/2022,253373033.077524831115502319144274,348778501.7291128585447186260216204,0.7264582874844535,95405468.65158802
27/04/2022,249616743.9443008461580148425256728,340926863.951439433535748197250696,0.73217094438136,91310120.00713858
27/04/2022,252184574.9658017152692397250227923,344220494.1693393453171688944488471,0.7326251029136558,92035919.20353764
29/04/2022,251548688.8916672722963145998483668,338643194.4110028104760098495042797,0.7428133594392241,87094505.51933554
30/04/2022,242180418.4994731856786313011634231,324413059.1635329733522049121227957,0.7465187102020846,82232640.66405979
01/05/2022,219390693.4200870355100911203309363,290918675.9392274560810778503695016,0.7541306611264705,71527982.51914042
02/05/2022,222329292.5978364062219923895438327,295343175.5220335860985719956806908,0.7527829014666022,73013882.92419717
03/05/2022,216025941.2190356751968306583249634,290661302.5151452971031091112102624,0.7432222292741545,74635361.29610962
04/05/2022,216133409.8005263863187642486263323,289452574.8184215560645365983411763,0.7466971400621,73319165.01789516
05/05/2022,214581777.8610142743091185345807346,289622809.850827592132761636321583,0.7409008219053473,75041031.9898133
06/05/2022,207948864.0011895331347248565278876,280240992.6527321090444483261398452,0.7420358529020582,72292128.6515426
07/05/2022,183312511.7539010797837143119573495,254639185.8061477974814707728471215,0.7198912106695692,71326674.05224669
08/05/2022,185336208.8093157530472736531421901,256165052.3415165337316108980590957,0.723503097378902,70828843.53220078
09/05/2022,196088835.5438692298715419089998963,270124880.2499851025250574109390802,0.7259191947161633,74036044.70611587
10/05/2022,159111534.0137587637725909079396253,229657401.9308398695243583461102015,0.6928212749775615,70545867.91708109
11/05/2022,169945001.0570530304033491207890868,242920212.6714059314535442173385196,0.6995918502958614,72975211.61435291
12/05/2022,172522808.2417032820811445942608341,240606315.4504663531535685547593479,0.7170335820932371,68083507.2087631
13/05/2022,138318245.2290391902406352356499494,207446972.5107246874307998355713677,0.6667643473171841,69128727.2816855
14/05/2022,151270206.9888023390055558306404666,228601847.8832982693698310626124148,0.6617190910286347,77331640.89449593
15/05/2022,157311543.7604794759840362528801828,237797831.7527188907358864042772444,0.6615348113184839,80486287.99223942
16/05/2022,163487065.3906801016269023889251008,245343572.3398710660933078079078865,0.6663596842235742,81856506.94919097
17/05/2022,208858237.002329872373081900510295,289095885.6270316867282618395058292,0.7224531630719297,80237648.6247018
18/05/2022,212383467.7112423572813898897054156,310043956.6356673184279235198446195,0.6850108288380998,97660488.92442498
19/05/2022,182113981.6280740048260232199662486,276927547.1022907600572426395743317,0.6576232069856351,94813565.47421676
20/05/2022,187513316.0315905116825404759037532,283436674.7630708484706411341107534,0.6615704061174718,95923358.7314803
21/05/2022,184099129.3432993856694544011809782,269582767.6373774933853348676189476,0.6829039220746325,85483638.29407811
22/05/2022,201784358.6432168791420289047062685,287593754.9512642265000000326148889,0.7016298343384103,85809396.30804732
23/05/2022,202745403.9412119573108035007559937,292393580.4858379554469619798904956,0.6933989576800299,89648176.54462597
24/05/2022,200562233.8995279912858213789817949,288784306.1740829338504579131085998,0.6945053093661762,88222072.27455494
25/05/2022,199585198.9554778106860229877129032,287362361.4186238497102523755027849,0.6945418946663164,87777162.46314606
26/05/2022,218848482.7077681059949282156616171,311965130.5374274868286575002020043,0.70151584675747,93116647.82965937
27/05/2022,193117318.9285572400174503714513398,276539254.5217862083364378900542225,0.6983360075317739,83421935.59322897
28/05/2022,189407380.1363094378329586174578276,270161878.05669152509861778957769,0.7010884788732615,80754497.92038208
29/05/2022,195979226.6676922101189571962733127,279512602.7701389920698870429987043,0.7011462979680326,83533376.10244676
30/05/2022,196721906.9780525639651719657485802,280785376.0834390569961200422105424,0.7006130793634853,84063469.1053865
31/05/2022,202136671.4748020304352568794257493,292126812.8157479011012740172901445,0.6919483683351413,89990141.3409459
01/06/2022,198986498.722458151965202251800565,290666641.8003388008916082946166705,0.6845866367394974,91680143.07788065
02/06/2022,197127768.4975145892015925975853842,285178981.8819873398845986399808312,0.691242275979125,88051213.38447276
03/06/2022,196691315.5048561375438180460843701,287377885.068579417473350984471706,0.684434417971717,90686569.5637233
04/06/2022,204708956.8944409731519822985269895,292755915.8330165297054435342418775,0.6992478915821596,88046958.93857554
05/06/2022,221648605.0947381120284975209391349,312619920.3808409170856150525740617,0.7090034596154993,90971315.28610277
06/06/2022,238605980.2052987327388961280964649,456276375.0147481873555992384437021,0.522941781058873,217670394.8094495
07/06/2022,226573467.2138244430556078820796632,449149681.5736482280531635232641291,0.5044498003872516,222576214.35982376
08/06/2022,228784617.455229330016490014065071,451484897.0489536418867610518795366,0.5067381410776686,222700279.5937243
09/06/2022,343828933.4363466273829884551960866,600129177.2965223860243279199978718,0.5729248742499677,256300243.86017573
10/06/2022,331841571.8851029750752392014344992,596012226.6946257192406192426931491,0.5567697389790732,264170654.80952275
11/06/2022,353059316.2924700648481916337634971,617210729.4892646503235106247677239,0.5720239448601662,264151413.19679457
12/06/2022,323658689.5475202855705192385781658,587295895.9162995843980614215503065,0.5510998660097015,263637206.3687793
13/06/2022,318279025.2059121386276990846241715,574043499.7858772271529210630460502,0.5544510569750075,255764474.5799651
14/06/2022,273311586.4121309904843452509364497,499563641.9650310207163146267775539,0.5471006363414705,226252055.55290002
15/06/2022,273491365.9511133415368010194658474,503022965.8723923147560721002360209,0.5436955855023389,229531599.92127895
16/06/2022,263326786.5446120807693945666426622,491607647.0835775936714905114162799,0.5356442034756311,228280860.5389655
17/06/2022,242413041.8841667141547479757239548,457090578.8459986072652751827931089,0.5303391780600223,214677536.96183187
18/06/2022,244744714.7244320581201730900000304,461214219.5798295311229637268459359,0.5306530118420824,216469504.85539746
19/06/2022,237282080.1293503480023253561960238,445336834.1451038494296806382833719,0.5328148536935008,208054754.01575354
20/06/2022,249407475.3511072763875562651711599,466775631.5567475053125891544117448,0.5343198283922967,217368156.20564023
21/06/2022,250353535.6742267439560841925147807,470073187.1215624072146310430878775,0.5325841646217624,219719651.4473357
22/06/2022,264762401.2804607394660155972088667,487520618.1157630864149130846051184,0.5430793928341964,222758216.83530232
23/06/2022,269318982.905746239784066582651867,493205902.7899654923278681925634599,0.5460579068138955,223886919.8842193
24/06/2022,279350990.9577461604199750885629693,516966868.3912392666336014917173986,0.5403653658252118,237615877.43349314
25/06/2022,227647173.5116517115741073347289294,474803738.5221385718451220963807921,0.47945530972485645,247156565.01048687
26/06/2022,228003914.5154081795337322220241392,475704593.4291007024008290989051316,0.47929727327594124,247700678.9136925
27/06/2022,215802000.8820033259523358401298139,463039002.1809763409375248367684714,0.46605577470914267,247237001.298973
28/06/2022,158843069.0751260202238497488575249,401164228.7479926151265018930347759,0.3959552165726861,242321159.6728666
29/06/2022,136314713.2473559873549146215334606,357798723.284445075868254786458998,0.3809815529693427,221484010.03708905
30/06/2022,131505588.9042562583311529991043926,344409404.1718451933463414950132484,0.3818292628230347,212903815.26758894
01/07/2022,120006601.1521539221287307390601803,325503333.7832039828586514142029865,0.36868009847199384,205496732.63105005
02/07/2022,140442826.020116363031753095104582,351373429.7678106098973937330022293,0.3996967730682474,210930603.74769422
03/07/2022,144417267.1696600565004766663526932,352584759.2669197687545593562282915,0.40959588687249754,208167492.09725973
04/07/2022,142418062.574918709262165413868697,351139626.394043190988767949372329,0.4055881246940198,208721563.8191245
05/07/2022,159262888.7425649524238406481423627,375905072.6972328292827387612780779,0.4236784771213792,216642183.9546679
06/07/2022,149875961.3242165981480378835191341,364745399.6600313494199898306553845,0.410905693297055,214869438.33581477
07/07/2022,151465994.3489512969899963220731106,368928930.582649996049735770970499,0.41055602256440243,217462936.2336987
08/07/2022,157707726.5734369142944159686723254,379408116.5618583834123261812715934,0.41566777221995566,221700389.98842144
09/07/2022,154012227.3861316636980028703420608,364515847.869614956288797579123366,0.422511746159308,210503620.48348328
10/07/2022,156738353.2024620937375702855243429,368779051.1163593972153735109362511,0.4250196770342225,212040697.9138973
11/07/2022,144060443.380258325348566685128341,351644818.7198654655178291795142621,0.4096760017812824,207584375.33960712
12/07/2022,143019553.716170739782242755015625,345155340.6195283148948551893697544,0.41436285893609875,202135786.90335757
13/07/2022,139832548.1082068714682029172632305,336130944.1312323631351849014300226,0.41600617422956865,196298396.0230255
14/07/2022,122979768.7867757111812535946689624,324739286.1084583003068974795127507,0.3787030828961736,201759517.32168257
15/07/2022,130648383.9724718000381484911602286,337859036.1944086592379739889786133,0.3866949525579507,207210652.22193685
16/07/2022,131928803.1550479735564709683761182,342219746.4014410874924133199803005,0.3855090319665213,210290943.24639314
17/07/2022,138319153.2104881887936098735722576,356108233.3025058737631011828647196,0.38841885773808893,217789080.09201765
18/07/2022,126581319.3471377338795099517614102,338504877.9299552972284578222938999,0.37394237897313376,211923558.58281755
19/07/2022,136129496.5619950858894790222571954,361846260.1987237676027362430570476,0.3762081069657417,225716763.6367287
20/07/2022,142937378.6071186999576106348303662,366822472.2485400607740303792523267,0.3896636368294025,223885093.64142135
21/07/2022,136012734.2414860737881405992149528,356204435.5548936992458603943272796,0.38183896848338245,220191701.3134076
22/07/2022,143384217.6443213055086958039238351,368044328.9272693079009980454108998,0.3895840972804557,224660111.282948
23/07/2022,140884218.6576415593467320730994426,362040844.0496305079124809118006376,0.3891390183543169,221156625.39198896
24/07/2022,135418369.8264794490928218305337227,356521839.0555229584758668111382126,0.37983190646952214,221103469.22904354
25/07/2022,146399164.7048508775782631146117747,369944596.6397472130644107376395368,0.3957326746615918,223545431.93489632
26/07/2022,136259912.214230870668209692825123,354101960.372443060139580923655476,0.3848041735519149,217842048.1582122
27/07/2022,128517582.7417400939850112772630381,333765523.7793088279523292836639019,0.3850534988949847,205247941.03756875
28/07/2022,154368382.8055864553368715278723548,380471201.6952350095244643538938031,0.4057294799653157,226102818.88964856
29/07/2022,159756714.5440965215913391571260667,392640425.3924731239522482545465398,0.406877907144706,232883710.84837657
30/07/2022,166604650.2663652761477888448917846,402866415.3327456050200218450092158,0.41354812395756285,236261765.06638032
31/07/2022,166899800.7745923594700142135290248,401349094.2707276291172482315159221,0.4158469600581959,234449293.49613526
01/08/2022,166088803.1091663926487561036392816,401616171.0546189866135568036715032,0.41355108454180906,235527367.94545263
02/08/2022,156295381.3646078128824223080735464,386781973.395456906787769200177831,0.4040916901905533,230486592.0308491
03/08/2022,153275484.2096187707737204010130038,385607652.457364081288841635836581,0.39749077393262094,232332168.2477453
04/08/2022,156189916.0230213102526446331043399,385673624.6812189314963395984334509,0.40497951124379095,229483708.6581976
05/08/2022,155212188.802338722771677634147582,373100973.0162462657055067311800187,0.41600585371719245,217888784.21390754
06/08/2022,167040339.4566455165477412311525741,382234882.2163540275143568532448512,0.43700966925906237,215194542.7597085
07/08/2022,167237020.6640299313837976449041847,380334826.2035158470293103231797234,0.43970998483988943,213097805.5394859
08/08/2022,165268007.1972019906213559966368103,378617699.5078559357288102088778132,0.43650364843488476,213349692.31065395
09/08/2022,165045473.0237156635377668973663253,381413233.6921913771849517706072731,0.43272088759487276,216367760.6684757
10/08/2022,164742071.1782128822412595203068832,380433622.0903586686346631180648304,0.4330376223663117,215691550.9121458
11/08/2022,172507276.8404247173326124037442877,399495545.2254021788359904716459171,0.43181276713134104,226988268.38497746
12/08/2022,182043595.0499814367059426568495564,409986696.8235627062123339071105204,0.4440231755332386,227943101.77358124
13/08/2022,186186213.8572074278512630921879947,420326589.8992313633995935084579753,0.4429560687603501,234140376.04202396
14/08/2022,181375045.0640601840659210891824454,414545975.7517287550355630419264919,0.4375269708870254,233170930.6876686
15/08/2022,178495628.4353746265031780710609985,408266292.6847765786821500046044669,0.4372039319278105,229770664.249402
16/08/2022,170209100.5644018062966084303406291,397727957.164458218610830859896382,0.4279535735377569,227518856.6000564
17/08/2022,171467542.3139951995891627816200907,398322656.8873349543356182801535603,0.4304739872291387,226855114.57333973
18/08/2022,170141739.1573409802095707826456838,413104444.5872112799329894605192748,0.4118613134926512,242962705.42987028
19/08/2022,172792818.2013547411588621087035614,417805267.0123278785185907722054766,0.4135726182605933,245012448.8109731
20/08/2022,160618708.8910096041273934396384943,372486832.3565595458094680040589059,0.43120640768653756,211868123.46554998
21/08/2022,158124321.2127912844856748965000284,370154626.6779885976143884767378002,0.427184505653497,212030305.4651973
22/08/2022,160274366.0058218459710100338918918,374615227.6661979945861310684468345,0.42783729589506914,214340861.66037616
23/08/2022,154753977.3650873818628308742097523,367319203.1138431394938989498404598,0.4213065259131702,212565225.74875575
24/08/2022,169323779.376482192156495822339941,386792937.8312783039539444495196825,0.4377633684985799,217469158.45479614
25/08/2022,169217687.2653595210151405576977748,387054855.0200790607388532312205684,0.43719303625988903,217837167.75471956
26/08/2022,187979648.1353862872620505061174299,406910033.447570446174651185819896,0.46196857458322443,218930385.31218415
27/08/2022,180312453.1923185126615219007490293,390087738.0573902204811488818548438,0.4622356347068533,209775284.8650717
28/08/2022,184621256.6164344413538677447520746,392898290.8143757095934759348633881,0.46989579983604085,208277034.19794124
29/08/2022,183971452.9016920316196444945395727,391140663.5267323514237117011977533,0.47034601629732775,207169210.6250403
30/08/2022,183861285.1432282781243263503746319,397956520.6759088547654341907702367,0.4620135004471073,214095235.53268057
31/08/2022,182740454.101112934308771593090733,396402196.3774548386789037382866848,0.4609975821806678,213661742.2763419
01/09/2022,189962428.1981110763957929755723055,406871639.5615876376741243035673734,0.4668854000313205,216909211.36347654
02/09/2022,189016513.2808400229668373143193597,401558516.3256640911480216146027229,0.47070727078677504,212542003.0448241
03/09/2022,192543314.387534914342112365179964,428513249.2689324717105079928146082,0.4493287307125849,235969934.88139755
04/09/2022,191813998.797561242593034036754227,425688233.3123688714352210140811262,0.45059737100322583,233874234.51480764
05/09/2022,190864021.5342732638544596925758322,433986217.4153796882517796423749171,0.4397928180092232,243122195.88110644
06/09/2022,200948652.992216723341924957294424,442972900.3979651430380776079595995,0.453636447763927,242024247.4057484
07/09/2022,261855256.8570831657191268257910294,500996954.2716023929612246822404473,0.5226683608042958,239141697.41451922
08/09/2022,235684162.1088970411289256259691908,475829041.6893377244389809538954716,0.4953126889274068,240144879.5804407
09/09/2022,255148688.557371242996817953285319,496618252.9273259971802963080865964,0.5137722728743703,241469564.3699548
10/09/2022,259849344.7260056342231710318140705,513923621.8810810264604495459264794,0.5056186049103875,254074277.1550754
11/09/2022,223586719.2043422227183302822002983,490866218.478803489016363996409301,0.45549420756074516,267279499.2744613
12/09/2022,213792931.8976504960902526596696177,445166730.5817090393089533748472638,0.48025361557967877,231373798.68405852
13/09/2022,195562180.946873438508545033546599,425768216.7350346188354269467010028,0.4593160627313247,230206035.78816122
14/09/2022,195317880.1535980170429098455116856,410079332.7473848850969482368864725,0.47629291348344244,214761452.5937869
15/09/2022,216118244.1109773023569284687550656,438442769.97756396403888353173978,0.49292235819520186,222324525.8665867
16/09/2022,237064900.5629940014980552915717838,489018063.9328074935829394177534334,0.4847773897276061,251953163.3698135
17/09/2022,273630605.7551468505919829421693368,537982200.0361839545934006687544036,0.5086239019371698,264351594.2810371
18/09/2022,281820863.2244800486141178511089258,549860419.6540224354481347349125808,0.5125316410331998,268039556.42954242
19/09/2022,272600332.2308301114866520660198033,539301849.5825315410334821915369818,0.5054689362586972,266701517.35170144
20/09/2022,274198376.9317044177618856384834863,547802288.9823705958308679472691139,0.5005425907238745,273603912.0506662
21/09/2022,260541356.3860585157588606898314151,530689262.1670685739993807084583697,0.4909489883442118,270147905.7810101
22/09/2022,253926163.0368801909874793949857346,519106984.0620076210149788464403185,0.48915959683283433,265180821.0251274
23/09/2022,256902137.0265423807430202891988635,526549912.0967380201985441296378966,0.48789702765982834,269647775.0701957
24/09/2022,244463673.1535533315324967829744149,511791068.3229994548907677292965924,0.47766303142920113,267327395.16944614
25/09/2022,240610770.7411103432601912649534436,501870053.8570518166528070077186291,0.4794284275220848,261259283.11594144
26/09/2022,251485194.8314122985963379756340024,511343295.8032424950829414881668285,0.4918128327787447,259858100.97183022
27/09/2022,256097246.8069729489916613924940432,521587823.1903616211192903078577944,0.4909954477858013,265490576.38338867
28/09/2022,252770388.6798835525262489034919481,516361026.0284421896254620393809512,0.4895225935699501,263590637.34855866
29/09/2022,269251103.7646610860423713468523029,541659439.0827847801603035379829187,0.49708559352458725,272408335.3181237
30/09/2022,269610359.2026279576109463662656406,542562907.0445877378767364685515388,0.4969199989568609,272952547.8419598
01/10/2022,271211134.0239793881754218684892844,544070647.6851059981858441150051486,0.4984851419166235,272859513.6611267
02/10/2022,263664019.1990082074032412609188824,535159424.7439513943701124779306105,0.49268312769631034,271495405.5449432
03/10/2022,265270899.4619731536032236402082677,536876768.8650292199486963282945974,0.49410016384721284,271605869.403056
04/10/2022,262778004.9433916754025825825107301,540578116.5573403623334164220548092,0.48610551721347417,277800111.6139487
05/10/2022,263465917.938991731466650037909518,546085578.436034528933032442351378,0.4824626914586294,282619660.49704283
06/10/2022,261991177.3439880770517734193043315,545188656.5943662393102226121954646,0.48055140945259245,283197479.25037813
07/10/2022,262929041.6439726174505528234740722,545995747.7896178817560204650426012,0.4815587716724929,283066706.14564526
08/10/2022,259897640.3698116710706765912105267,539875002.6130729065916978964667071,0.48140336024425956,279977362.2432612
09/10/2022,259951375.5881847680030627453656324,538786181.6222952362258884991165977,0.4824759514163231,278834806.0341105
10/10/2022,247328468.162709573783004124262001,529143163.2194844731872584490715779,0.4674131413848007,281814695.05677485
11/10/2022,259153004.9874761748371740159900773,538836327.708557736959053363881314,0.48094939346339904,279683322.72108155
12/10/2022,257711132.5708605211493576595061512,536383975.0872402854220271432197701,0.4804601638759716,278672842.5163797
13/10/2022,245338002.5860645685587449827752703,524896522.7460885666449275397254298,0.46740260595085603,279558520.160024
14/10/2022,246880399.7835505282779633537025358,526173416.7426576042889530122250173,0.46919968194496514,279293016.95910704
15/10/2022,247061477.6445788095196988787473943,525490695.549426315234817825010679,0.4701538575983042,278429217.9048475
16/10/2022,244364923.4609593919478601288021804,521963996.9753185064220399512148695,0.4681643271892456,277599073.5143591
17/10/2022,247444993.8108285270278793054695433,527592184.3181917867380055149424871,0.4690080732158724,280147190.5073632
18/10/2022,251631029.1518979707480422020036431,536001860.9309390887434883470589538,0.4694592453743724,284370831.7790411
19/10/2022,277386849.3920680820489336214702787,581725193.3407827444686862431759874,0.47683485702083217,304338343.9487147
20/10/2022,278788809.2657123427201594978356285,581500592.7509450444630637856190851,0.479429965749178,302711783.4852328
21/10/2022,280244053.8466583787529020073596826,583431804.476176751779684675647985,0.4803372934018744,303187750.6295184
22/10/2022,285162732.0397059710771450639141954,595984981.1996545191192904849233653,0.47847301699734734,310822249.15994847
23/10/2022,283539666.6274151455360874172381705,594571776.5904499187454866152364781,0.4768804672387293,311032109.9630348
24/10/2022,288473691.8609501842684653755806312,604254337.2732619898852872409976392,0.47740442073234746,315780645.41231185
25/10/2022,257064388.6252992632579088369132134,554449361.438692769349218465320742,0.46363907419473815,297384972.81339353
26/10/2022,286308944.909986005949887836628414,583706520.5043695157731927775449139,0.49050153605032887,297397575.5943835
27/10/2022,294026906.066046368290367903204019,597857763.3745878857958458780284962,0.4918007661327695,303830857.30854154
28/10/2022,299444251.4269855985831049434271654,596820464.7014203409096956354569943,0.5017325462805515,297376213.2744347
29/10/2022,316507566.0039655726334995241173768,623750590.8084087145913207014001262,0.5074264788972105,307243024.8044432
30/10/2022,316948393.0484565297442178428036685,626725687.0796589826794466379245234,0.5057210827361083,309777294.03120244
31/10/2022,313489002.9506886022646677993976666,616552667.1980680657680733541891946,0.5084545402671659,303063664.2473794
01/11/2022,313367356.2867184585026722448753285,615731150.5461139154249427876780365,0.508935362469126,302363794.2593955
02/11/2022,314679270.7404174334085688171184997,622368433.563536907221236534445188,0.5056157314062943,307689162.82311946
03/11/2022,324324106.6471467753916621159357054,628501847.4193616627467328562231934,0.5160272924874072,304177740.77221495
04/11/2022,339666632.5355338385426460684215273,652850429.8805089037918422150588291,0.5202824674523121,313183797.34497505
05/11/2022,354777250.1335296354438802846362865,678365123.7788884769179170269566561,0.5229886350247694,323587873.6453588
06/11/2022,347958944.8313994501595307948313364,684000009.1364976331838093744400909,0.5087119008531497,336041064.3050982
07/11/2022,348251919.6418011467000878536804429,648286143.2709404487713262211745564,0.5371885906502478,300034223.6291393
08/11/2022,304050311.9835760219278744357290096,530597590.5846732776042346245525176,0.5730337215601347,226547278.6010973
09/11/2022,219900781.9999600166340270274866784,414154031.0593226373711197072695799,0.5309637610854543,194253249.05936265
10/11/2022,177836206.440905948434331736829134,314014646.0068155661320431917098385,0.5663309297906,136178439.5659096
11/11/2022,211231040.5765417784746578056765476,390588653.629159871104294407309611,0.5408017837023315,179357613.0526181
12/11/2022,206911872.421577749181975779998241,381071850.9127276783749455933236359,0.542973383958933,174159978.4911499
13/11/2022,193030587.7610541220409716435467268,337290163.8251171264948632536843074,0.5722983011776748,144259576.06406298
14/11/2022,186161083.8585466663403755454625273,325635017.5858661956000168638032283,0.5716863169037345,139473933.72731954
15/11/2022,177801893.7197809403033492125797178,306933340.9180331078939048267753824,0.5792850434168477,129131447.19825217
16/11/2022,178390662.9589040851246678397788055,306848110.763289138424636711871812,0.5813647101008858,128457447.80438507
17/11/2022,170844034.565377263665677317273356,291609762.4799876726917560202741596,0.58586527800866,120765727.91461042
18/11/2022,181991114.7442828514748472640276789,306570045.931376241207845364740435,0.5936363227900628,124578931.18709338
19/11/2022,185931818.3056260952995884257234749,318554370.3242359349266305189418578,0.5836737324192982,132622552.01860982
20/11/2022,186874050.8898278258091913418929403,318671720.2724011814852324019121203,0.5864155461616976,131797669.38257334
21/11/2022,183940519.6250684318479511200548288,312270116.3468199480685797909537688,0.5890429791263682,128329596.72175151
22/11/2022,181667141.1629107787566813009027666,307394618.0239715354530368266554727,0.5909899865219626,125727476.86106077
23/11/2022,177914298.554306449339257955672064,300394334.539149644444802106398515,0.592269154567292,122480035.9848432
24/11/2022,191337758.699239062134674936976638,322594736.9120928802112507749466559,0.5931211418101302,131256978.21285379
24/11/2022,193570522.964729179909501314809868,325720734.5072883262070939539275556,0.5942836990636771,132150211.54255915
