id,amount,timestamp,reserve,user,caller,pool,borrowRate,borrowRateMode,stableTokenDebt,variableTokenDebt
13999956:159:0xb7436c70eacf82375ee604cb5b52a5c18e307921c3314ec2c45f65d594402808:178:178,345292560000,1642114300,0xa0b86991c6218b36c1d19d4a2e9eb0ce3606eb480xb53c1a33016b2dc2ff3653530bff1848a515c8c5,0x92e8ce0070b22f3b2e0d5a850152baf0f377bc5e,0x92e8ce0070b22f3b2e0d5a850152baf0f377bc5e,0xb53c1a33016b2dc2ff3653530bff1848a515c8c5,38716424749221668106046159,Variable,0,315623966378
13999934:428:0x1ddbd715fb59745cf42978a589441d1fd4f7fbafdded10cbe6d05e7ccd5e4a3c:570:570,10000000000000000000000,1642113933,0xd533a949740bb3306d119cc777fa900ba034cd520xb53c1a33016b2dc2ff3653530bff1848a515c8c5,0x454ed4e1036c497f78d7accdf0b0a1022e8ac825,0x454ed4e1036c497f78d7accdf0b0a1022e8ac825,0xb53c1a33016b2dc2ff3653530bff1848a515c8c5,200227273767760346832241600,Variable,0,16070789025396982092416
13999898:252:0x5ef8577c3e7ec9a8e40f76423222852fdbbef2e5adfef3abcde8943e26a756fb:468:468,15000000000,1642113410,0xa0b86991c6218b36c1d19d4a2e9eb0ce3606eb480xb53c1a33016b2dc2ff3653530bff1848a515c8c5,0xe53da8e0c71c29b6ab5fcc5380b18ed74c30360c,0xe53da8e0c71c29b6ab5fcc5380b18ed74c30360c,0xb53c1a33016b2dc2ff3653530bff1848a515c8c5,38718021602449684150320456,Variable,0,36936398617
13999891:259:0x7da7dcb89b6deccbf6bd52bc07149d8273dee0b2ad9ce401851e6ceda73b6fa7:346:346,6000000000000000000000,1642113270,0x6b175474e89094c44da98b954eedeac495271d0f0xb53c1a33016b2dc2ff3653530bff1848a515c8c5,0x2bce696f3baf3d6b86b00af1a909d25b8819c938,0x2bce696f3baf3d6b86b00af1a909d25b8819c938,0xb53c1a33016b2dc2ff3653530bff1848a515c8c5,38920221032793912948410826,Variable,0,28185632532104346423440
13999719:233:0x9286709f0a45124bda8d6eba7681641dbf112289043ec99ae6a714ac6e77ae4e:348:348,12500000000000000000000,1642111162,0x6b175474e89094c44da98b954eedeac495271d0f0xb53c1a33016b2dc2ff3653530bff1848a515c8c5,0x2bce696f3baf3d6b86b00af1a909d25b8819c938,0x2bce696f3baf3d6b86b00af1a909d25b8819c938,0xb53c1a33016b2dc2ff3653530bff1848a515c8c5,38920039893224644002684400,Variable,0,22730360856183298278292
13999709:138:0x2d9917719fe1750940309997a592f23e5a38bc1fe77ec7ae2fabf2cd58600727:206:206,12500000000000000000000,1642110943,0x6b175474e89094c44da98b954eedeac495271d0f0xb53c1a33016b2dc2ff3653530bff1848a515c8c5,0x2bce696f3baf3d6b86b00af1a909d25b8819c938,0x2bce696f3baf3d6b86b00af1a909d25b8819c938,0xb53c1a33016b2dc2ff3653530bff1848a515c8c5,38919707336858295807487145,Variable,0,11365181963957954066115
13999458:292:0x85cae61bfa3140bce1ca6ef532e2fa6436e3480215cbaa05d69fde94e077ccdd:416:416,1435321769837087714811,1642107612,0xf629cbd94d3791c9250152bd8dfbdf380e2a3b9c0xb53c1a33016b2dc2ff3653530bff1848a515c8c5,0x8fe867c05774175ba57a4174e3c21522c3153e15,0x8fe867c05774175ba57a4174e3c21522c3153e15,0xb53c1a33016b2dc2ff3653530bff1848a515c8c5,5767556344539065488780401,Stable,1435321769837087714811,0
13999352:97:0x5fdebfac07dee525fd89636e92fe4803930edbf6c8120f61236290b8a1ba3a9b:181:181,100000000000000000000000,1642106190,0x6b175474e89094c44da98b954eedeac495271d0f0xb53c1a33016b2dc2ff3653530bff1848a515c8c5,0xd5d37cb5d2fb53c998b645bcda99b00d36643a7a,0xd5d37cb5d2fb53c998b645bcda99b00d36643a7a,0xb53c1a33016b2dc2ff3653530bff1848a515c8c5,38919571573416963798613931,Variable,0,181891234961756212168062
13999266:279:0x9b5e78c07ea87e7be1900af52f6b1c0fce6501901bb42cb0f8f86fe74991a9dd:360:360,320000000000,1642105137,0xa0b86991c6218b36c1d19d4a2e9eb0ce3606eb480xb53c1a33016b2dc2ff3653530bff1848a515c8c5,0x823034a8e2cfd842c914d9456250959c760f45ea,0x823034a8e2cfd842c914d9456250959c760f45ea,0xb53c1a33016b2dc2ff3653530bff1848a515c8c5,109357365863822871510398488,Stable,1570022452967,0
13999141:390:0xca04f644e1fe62c2f117df52151e2e71ca53a12388210e5b0b1035d184009ec4:443:443,140000000000,1642103573,0xa0b86991c6218b36c1d19d4a2e9eb0ce3606eb480xb53c1a33016b2dc2ff3653530bff1848a515c8c5,0xf436e60725cf78548559aaf4da8ded5f9141d0c1,0xf436e60725cf78548559aaf4da8ded5f9141d0c1,0xb53c1a33016b2dc2ff3653530bff1848a515c8c5,38714455010579722972052907,Variable,0,299630488667
13999090:207:0x204355fc06c363b66bbec29cbe022be2eb147bc39f0391b53d8c33e3055f55a1:295:295,513666629,1642102978,0xa0b86991c6218b36c1d19d4a2e9eb0ce3606eb480xb53c1a33016b2dc2ff3653530bff1848a515c8c5,0x7465eae4f5e80dbd71274b6ad79bde954dda4f7e,0x7465eae4f5e80dbd71274b6ad79bde954dda4f7e,0xb53c1a33016b2dc2ff3653530bff1848a515c8c5,109356354649748599000173249,Stable,513666629,0
13999023:101:0xe3bb1618f205a37f8f1c23a9c8f89a4f064b8357f225f3165854f35c0be2ce60:190:190,75000000000,1642101939,0xa0b86991c6218b36c1d19d4a2e9eb0ce3606eb480xb53c1a33016b2dc2ff3653530bff1848a515c8c5,0xd31e5afac44b31a818de79063969b5abbd26eb8c,0xd31e5afac44b31a818de79063969b5abbd26eb8c,0xb53c1a33016b2dc2ff3653530bff1848a515c8c5,38725332941253991080251221,Variable,0,1161639341283
13998910:134:0x32a9478a1ce91c4b0219b77f78922f8cab1ec861bf6da72d32b9479e87f87e88:164:164,225000000000,1642100313,0xdac17f958d2ee523a2206206994597c13d831ec70xb53c1a33016b2dc2ff3653530bff1848a515c8c5,0xceb0fbd02f03e43be6b3b3b9fb8380a49d8f38ca,0xceb0fbd02f03e43be6b3b3b9fb8380a49d8f38ca,0xb53c1a33016b2dc2ff3653530bff1848a515c8c5,45745751326975125832663408,Variable,0,479475295565
13998887:137:0x57f3a5917482d48866bad3a1e42f8a2932c17770588adf5e018126139acaf6ac:267:267,1250000000000,1642099957,0xa0b86991c6218b36c1d19d4a2e9eb0ce3606eb480xb53c1a33016b2dc2ff3653530bff1848a515c8c5,0x823034a8e2cfd842c914d9456250959c760f45ea,0x823034a8e2cfd842c914d9456250959c760f45ea,0xb53c1a33016b2dc2ff3653530bff1848a515c8c5,109354504549281030354418369,Stable,1250000000000,0
13998878:14:0x483e12ee476146789fef0e1a510616778f474c8eac10ad2f1189640c657997fd:39:39,106000000000000000000000,1642099848,0x408e41876cccdc0f92210600ef50372656052a380xb53c1a33016b2dc2ff3653530bff1848a515c8c5,0x8aceab8167c80cb8b3de7fa6228b889bb1130ee8,0x8aceab8167c80cb8b3de7fa6228b889bb1130ee8,0xb53c1a33016b2dc2ff3653530bff1848a515c8c5,6681470388161979471350907,Variable,0,889140438811709775945656
13998776:115:0xd8457d961cd734aa330da815c59184cf659da05610da16865db2aa44bc846598:152:152,800000000000000000000000,1642098561,0x408e41876cccdc0f92210600ef50372656052a380xb53c1a33016b2dc2ff3653530bff1848a515c8c5,0x8aceab8167c80cb8b3de7fa6228b889bb1130ee8,0x8aceab8167c80cb8b3de7fa6228b889bb1130ee8,0xb53c1a33016b2dc2ff3653530bff1848a515c8c5,6314984704235752493684380,Variable,0,785112993926204697920082
13998735:68:0xe74d7c2a3d3b4485913aa54d10851999cbaba2bc502624bf0fcc01d9c51839e7:133:133,12000000000,1642098045,0xa0b86991c6218b36c1d19d4a2e9eb0ce3606eb480xb53c1a33016b2dc2ff3653530bff1848a515c8c5,0x4e229cb11340eee5e87fcce42d79cc679f373c8f,0x4e229cb11340eee5e87fcce42d79cc679f373c8f,0xb53c1a33016b2dc2ff3653530bff1848a515c8c5,109354547061513783724585283,Stable,897632215659,0
13998724:343:0xd8feec8fba4ab52769c8db4516696d8e45db437a35ae31e16e515163a51d8124:414:414,60000000000,1642097893,0xa0b86991c6218b36c1d19d4a2e9eb0ce3606eb480xb53c1a33016b2dc2ff3653530bff1848a515c8c5,0x1a026895485684985438c67316fe6a7671e66d47,0x1a026895485684985438c67316fe6a7671e66d47,0xb53c1a33016b2dc2ff3653530bff1848a515c8c5,38709094123027567449170567,Variable,0,414539027994
13998710:206:0xe026a71d082d0af75c8e4cbdf89e9d988989f6d75a5bcc0394199e6ec213fcd6:222:222,500219586703,1642097702,0xa0b86991c6218b36c1d19d4a2e9eb0ce3606eb480xb53c1a33016b2dc2ff3653530bff1848a515c8c5,0xde01051a9f9343252e7a74219296c4387378fa68,0xde01051a9f9343252e7a74219296c4387378fa68,0xb53c1a33016b2dc2ff3653530bff1848a515c8c5,38708351633016669783980468,Variable,0,618511043936
13998683:16:0x2335a3caaa72942f548a7033976212384af7cdd0e7578a0ceed9994751dcb2c4:49:49,65000000000,1642097323,0xa0b86991c6218b36c1d19d4a2e9eb0ce3606eb480xb53c1a33016b2dc2ff3653530bff1848a515c8c5,0x1a026895485684985438c67316fe6a7671e66d47,0x1a026895485684985438c67316fe6a7671e66d47,0xb53c1a33016b2dc2ff3653530bff1848a515c8c5,38702169167964046519142392,Variable,0,359693306900
13998570:37:0x91873fb7ab95873aad509721b0108b32a94552d37639874feee52fcb25eed40a:52:52,5000000000000,1642095822,0xdac17f958d2ee523a2206206994597c13d831ec70xb53c1a33016b2dc2ff3653530bff1848a515c8c5,0x4093fbe60ab50ab79a5bd32fa2adec255372f80e,0x4093fbe60ab50ab79a5bd32fa2adec255372f80e,0xb53c1a33016b2dc2ff3653530bff1848a515c8c5,44325986523004070479421116,Variable,4825283,73044579217007
13998549:203:0x41d835453bb595ce71d9fa76bef498c6ac8bc23b20b53f1fb87dc7af81d4f3d8:228:228,35000000000,1642095552,0xdac17f958d2ee523a2206206994597c13d831ec70xb53c1a33016b2dc2ff3653530bff1848a515c8c5,0x0b17ca79c219cb944f02057ac7819e612c3a7302,0x0b17ca79c219cb944f02057ac7819e612c3a7302,0xb53c1a33016b2dc2ff3653530bff1848a515c8c5,39798906298293375465569722,Variable,0,89553619286
13998517:332:0xbdf48fa581c4c318ff73a61b0ecb83f8b0e0a1a3d8bc1bba58ddf5e43a332a9f:357:357,40990000000000000000,1642095094,0x0bc529c00c6401aef6d220be8c6ea1667f6ad93e0xb53c1a33016b2dc2ff3653530bff1848a515c8c5,0x8aceab8167c80cb8b3de7fa6228b889bb1130ee8,0x8aceab8167c80cb8b3de7fa6228b889bb1130ee8,0xb53c1a33016b2dc2ff3653530bff1848a515c8c5,14519170687297684467661149,Variable,0,49022923257991135280
13998240:259:0xe25021c1ed5b24567bfcdbc0f6be80085fe40001feb7af57cdbfb780b1ff1740:416:416,100000000000000000000000,1642090987,0x4fabb145d64652a948d72533023f6e7a623c7c530xb53c1a33016b2dc2ff3653530bff1848a515c8c5,0x6a41ba4a699cd3b120d7ba55be7f905469f00d22,0x6a41ba4a699cd3b120d7ba55be7f905469f00d22,0xb53c1a33016b2dc2ff3653530bff1848a515c8c5,32783096781559140358451213,Variable,0,89853148892541875772803
13997999:43:0xb872ab41872e28c58f86d51be7d5f6bc614b3045a2389a321dc500abad8e23d9:82:82,2832694317767864702444,1642087723,0x6b175474e89094c44da98b954eedeac495271d0f0xb53c1a33016b2dc2ff3653530bff1848a515c8c5,0x988caca3e6519cb3cc39cd23c25960d3a22a0d7f,0x988caca3e6519cb3cc39cd23c25960d3a22a0d7f,0xb53c1a33016b2dc2ff3653530bff1848a515c8c5,39001472546133382454794754,Variable,0,48716781190878683155468
13997978:465:0xfec1ac8fa248da0661fb0155aff58306f7e70f7503aea316a25d399a8a7aace1:585:585,3471045042,1642087462,0xa0b86991c6218b36c1d19d4a2e9eb0ce3606eb480xb53c1a33016b2dc2ff3653530bff1848a515c8c5,0xc072f52a296917f3503468284498950bbd1f4a8b,0xc072f52a296917f3503468284498950bbd1f4a8b,0xb53c1a33016b2dc2ff3653530bff1848a515c8c5,38720739145782722137932574,Variable,0,3172906757
13997952:210:0x19638cf4a80fd24448acf16276e2d60185160905e8f6f361d294affe1e6cd348:275:275,20000000000,1642087136,0xa0b86991c6218b36c1d19d4a2e9eb0ce3606eb480xb53c1a33016b2dc2ff3653530bff1848a515c8c5,0x379691387e2bb1e03fc48195253b50cce64903a6,0x379691387e2bb1e03fc48195253b50cce64903a6,0xb53c1a33016b2dc2ff3653530bff1848a515c8c5,109360429218924956445131800,Stable,20000000000,0
13997897:167:0x8f11355256804cee7eca6e52ca48469ccadc7f87d87938ec943d6a9137c13e71:194:194,50000000000,1642086382,0xdac17f958d2ee523a2206206994597c13d831ec70xb53c1a33016b2dc2ff3653530bff1848a515c8c5,0x4094adfab3366ff9b2a28b69e691e93d73b5e64b,0x4094adfab3366ff9b2a28b69e691e93d73b5e64b,0xb53c1a33016b2dc2ff3653530bff1848a515c8c5,39836186601736073637607096,Variable,0,313740104555
13997891:216:0xcc7987d8d7bcc859802ca343252c8fe80a65eeec3d1e589e7cfb6aa1557dd1bf:304:304,4000000000,1642086279,0xdac17f958d2ee523a2206206994597c13d831ec70xb53c1a33016b2dc2ff3653530bff1848a515c8c5,0x4cc4034276745f26758ff00f896e9e0cfe41ea6b,0x4cc4034276745f26758ff00f896e9e0cfe41ea6b,0xb53c1a33016b2dc2ff3653530bff1848a515c8c5,39833855646146032903480513,Variable,0,207748699256
13997798:257:0xa28603598febb894a4fd26431b5d507e43135dc338b6883bbf3045c861cc3da8:391:391,50000000000,1642085070,0xa0b86991c6218b36c1d19d4a2e9eb0ce3606eb480xb53c1a33016b2dc2ff3653530bff1848a515c8c5,0x1a026895485684985438c67316fe6a7671e66d47,0x1a026895485684985438c67316fe6a7671e66d47,0xb53c1a33016b2dc2ff3653530bff1848a515c8c5,38721540295451745777763382,Variable,0,442997727581
13997772:343:0x58f9f60ac466d9136951396e24e9216ae72ab15900d843dd016b3718206e5a86:446:446,6673496208214158121024,1642084783,0x6b175474e89094c44da98b954eedeac495271d0f0xb53c1a33016b2dc2ff3653530bff1848a515c8c5,0x988caca3e6519cb3cc39cd23c25960d3a22a0d7f,0x988caca3e6519cb3cc39cd23c25960d3a22a0d7f,0xb53c1a33016b2dc2ff3653530bff1848a515c8c5,39001366243243821465583124,Variable,0,46141180360001566078663
13997770:120:0x88c16209754b2f36a4351f4179be2caf9c77528fd45545e00f6734f9be88838d:177:177,117000000000000000000,1642084732,0xc02aaa39b223fe8d0a0e5c4f27ead9083c756cc20xb53c1a33016b2dc2ff3653530bff1848a515c8c5,0xa4e04e55f49ec163dc7bed1aaf5f400a52c56f63,0xcc9a0b7c43dc2a5f023bb9b738e45b0ef6b06e04,0xb53c1a33016b2dc2ff3653530bff1848a515c8c5,3329590942252237985822869,Variable,0,115829274068641893729
13997747:25:0x602834fbb52aca4d0979c18d367f055437a57757dad27e9d7a7972f21bc2b2b5:41:41,77000000000000000000000,1642084494,0xd533a949740bb3306d119cc777fa900ba034cd520xb53c1a33016b2dc2ff3653530bff1848a515c8c5,0xa4e04e55f49ec163dc7bed1aaf5f400a52c56f63,0xa4e04e55f49ec163dc7bed1aaf5f400a52c56f63,0xb53c1a33016b2dc2ff3653530bff1848a515c8c5,196503166192247913754034395,Variable,0,65123920276161013967438
13997741:207:0x20c3aecac08b86c04ada17389b40b72342625b3e673e2d51efa9c2e92cca3237:205:205,151166959279,1642084400,0xa0b86991c6218b36c1d19d4a2e9eb0ce3606eb480xb53c1a33016b2dc2ff3653530bff1848a515c8c5,0x25b651a210f0cd42d1540f885489cae8c9ff0fcc,0x25b651a210f0cd42d1540f885489cae8c9ff0fcc,0xb53c1a33016b2dc2ff3653530bff1848a515c8c5,38720919816125973068414316,Variable,0,138183303308
13997740:76:0x0a301e290787488f850e51c5f2b435f206fb6c11cdea5baea9f69b6ff39da4fc:164:164,20000000000,1642084394,0xdac17f958d2ee523a2206206994597c13d831ec70xb53c1a33016b2dc2ff3653530bff1848a515c8c5,0x648f1608a829c24815bf4e0ce93f6e85413d54ad,0x648f1608a829c24815bf4e0ce93f6e85413d54ad,0xb53c1a33016b2dc2ff3653530bff1848a515c8c5,39987408260684462314867096,Variable,0,503402540492
13997699:533:0x7e9498e3510e1d98735f5d92b9fe6328a2952681579349148a04df42b8f0eae1:271:271,38000000000000000000000,1642084005,0x6b175474e89094c44da98b954eedeac495271d0f0xb53c1a33016b2dc2ff3653530bff1848a515c8c5,0x37bd3213c8cecf3c5b3d32e7d37ae663c946a3f4,0x37bd3213c8cecf3c5b3d32e7d37ae663c946a3f4,0xb53c1a33016b2dc2ff3653530bff1848a515c8c5,39001281274341622692996726,Variable,216283829607594789266616,34551303680546097416336
13997570:1:0x69c71f1315e842746de5a9677d9629c126289cbc5db53bd8f70ddec4a3e82c22:18:18,20000000000,1642082644,0xdac17f958d2ee523a2206206994597c13d831ec70xb53c1a33016b2dc2ff3653530bff1848a515c8c5,0x6ffdad22c1dac0a285f0fa1fdc85eabe0022584e,0x6ffdad22c1dac0a285f0fa1fdc85eabe0022584e,0xb53c1a33016b2dc2ff3653530bff1848a515c8c5,39986467261921201322071388,Variable,0,188694190091
13997545:289:0x86ad5f4e22822902ba30e322528e29c4d4df127c86173f2e7c2b01f4f127e30d:299:299,10000000000000000000000,1642082291,0x0000000000085d4780b73119b644ae5ecd22b3760xb53c1a33016b2dc2ff3653530bff1848a515c8c5,0xfe2b5170862712726ffb5849c43087f10a2c6327,0xfe2b5170862712726ffb5849c43087f10a2c6327,0xb53c1a33016b2dc2ff3653530bff1848a515c8c5,28861226236509719840795498,Variable,0,279975761137308653795450
13997434:276:0xfd79956e98fbbf4d6a38f041dd7e80f86013e0781546b2f4084f8fa9504935f9:359:359,5700000000000,1642080741,0xdac17f958d2ee523a2206206994597c13d831ec70xb53c1a33016b2dc2ff3653530bff1848a515c8c5,0x602d9abd5671d24026e2ca473903ff2a9a957407,0x602d9abd5671d24026e2ca473903ff2a9a957407,0xb53c1a33016b2dc2ff3653530bff1848a515c8c5,39988580554540463330744123,Variable,0,50711347982262
13997328:168:0xc2d71d9e32e026b366d16b0373e09e68854f674a3bdb7ca1917db6cac4804410:171:171,6000000000000,1642079371,0xdac17f958d2ee523a2206206994597c13d831ec70xb53c1a33016b2dc2ff3653530bff1848a515c8c5,0x06185ca50a8ab43726b08d8e65c6f2173fb2b236,0x06185ca50a8ab43726b08d8e65c6f2173fb2b236,0xb53c1a33016b2dc2ff3653530bff1848a515c8c5,39722995564354216682714783,Variable,0,8461779354146
13997263:35:0x0cf58945afc153469e805dc011e68937ea7a85fe508565bd981271f8371a15e8:26:26,1200000000000000000000000,1642078567,0x03ab458634910aad20ef5f1c8ee96f1d6ac549190xb53c1a33016b2dc2ff3653530bff1848a515c8c5,0x6914fc70fac4cab20a8922e900c4ba57feecf8e1,0x6914fc70fac4cab20a8922e900c4ba57feecf8e1,0xb53c1a33016b2dc2ff3653530bff1848a515c8c5,35666251467164620322314769,Variable,0,1144321234138117087532891
13997219:247:0x0ba43547877365bf04a2489819fe9826d23690220e9b019870f4248a40ed10bb:453:453,1000000000000,1642077894,0xa0b86991c6218b36c1d19d4a2e9eb0ce3606eb480xb53c1a33016b2dc2ff3653530bff1848a515c8c5,0xa0f75491720835b36edc92d06ddc468d201e9b73,0xa0f75491720835b36edc92d06ddc468d201e9b73,0xb53c1a33016b2dc2ff3653530bff1848a515c8c5,38719204978275529080598683,Variable,0,7015104934034
13997196:156:0x06cb764fe21314dc13102bf93c2fd23fd047db742f906e256ee523f10e6062e9:171:171,62000000000,1642077710,0xdac17f958d2ee523a2206206994597c13d831ec70xb53c1a33016b2dc2ff3653530bff1848a515c8c5,0x5833f176da5eb8f8753b39e387f96dbcb752b7e3,0x5833f176da5eb8f8753b39e387f96dbcb752b7e3,0xb53c1a33016b2dc2ff3653530bff1848a515c8c5,39443430368488012809438027,Variable,0,145280460454
13997146:478:0x3b0545e2e983cffcd6d3201dd3f07a721de9455e6995999baf5cd483e1a59ded:538:538,102000000000,1642077159,0xdac17f958d2ee523a2206206994597c13d831ec70xb53c1a33016b2dc2ff3653530bff1848a515c8c5,0xa605b6d92e54fd186d083034afcddcaa074834b2,0xa605b6d92e54fd186d083034afcddcaa074834b2,0xb53c1a33016b2dc2ff3653530bff1848a515c8c5,39440538470948398195097808,Variable,0,764678144070
13997104:248:0x7c06ff5a1503fb8fb7d42befcea5db2b5c2dad3746f7daaeb568c8a767c2bfa3:467:467,40000000000000000000000,1642076532,0x57ab1ec28d129707052df4df418d58a2d46d5f510xb53c1a33016b2dc2ff3653530bff1848a515c8c5,0x177e3e1cba47340f3c24d1b3d4dc511099bffea8,0x177e3e1cba47340f3c24d1b3d4dc511099bffea8,0xb53c1a33016b2dc2ff3653530bff1848a515c8c5,31142757627870470325438963,Variable,0,657304101244883836931069
13997099:123:0x0bff6ce0e47ea834d6e1ae61ef36028bbbaa75a76feaf76b76197ecf0480faff:202:202,20000000000000000000000,1642076386,0x6b175474e89094c44da98b954eedeac495271d0f0xb53c1a33016b2dc2ff3653530bff1848a515c8c5,0x19614a0fb274c316be49b4c827a65de50aa2ecf0,0x19614a0fb274c316be49b4c827a65de50aa2ecf0,0xb53c1a33016b2dc2ff3653530bff1848a515c8c5,38935719198829512910524366,Variable,0,120289730883950413118671
13996848:5:0xed37c4d343d0aca54b737d4fe529c67206034a7b6e32f5fdb63e590b357ae78a:22:22,5000000000000,1642072657,0xa0b86991c6218b36c1d19d4a2e9eb0ce3606eb480xb53c1a33016b2dc2ff3653530bff1848a515c8c5,0x4093fbe60ab50ab79a5bd32fa2adec255372f80e,0x4093fbe60ab50ab79a5bd32fa2adec255372f80e,0xb53c1a33016b2dc2ff3653530bff1848a515c8c5,38723485141546151669263886,Variable,0,111261984601708
13996779:175:0x6f47e40d929cddf773dfd3f3b542f5f6a6f521df1d01b859d37343fad10944e8:166:166,30000000000,1642071829,0xdac17f958d2ee523a2206206994597c13d831ec70xb53c1a33016b2dc2ff3653530bff1848a515c8c5,0xf540749583763711aa2ef25a43adbb27947efd11,0xf540749583763711aa2ef25a43adbb27947efd11,0xb53c1a33016b2dc2ff3653530bff1848a515c8c5,39419128787571248737148011,Variable,0,1443919551425
13996755:187:0xbcd83c28388182084c85f86880978097c1c460afaad4faf9eaeeb9a71cbd3cbf:342:342,5000000000000000000000,1642071492,0x6b175474e89094c44da98b954eedeac495271d0f0xb53c1a33016b2dc2ff3653530bff1848a515c8c5,0x1007a39088c22a4dfe54032f08fc47a7303603df,0x1007a39088c22a4dfe54032f08fc47a7303603df,0xb53c1a33016b2dc2ff3653530bff1848a515c8c5,38935142803969978446710739,Variable,0,4546294413232668528184
13996733:182:0xa7009a674201608328a043116cfeaeb1b0efb3a93e80f98f941f56520297be45:231:231,10000000000,1642071208,0xa0b86991c6218b36c1d19d4a2e9eb0ce3606eb480xb53c1a33016b2dc2ff3653530bff1848a515c8c5,0xc30752d63a73a1ba5848c75bf185ecc05c7990b5,0xc30752d63a73a1ba5848c75bf185ecc05c7990b5,0xb53c1a33016b2dc2ff3653530bff1848a515c8c5,38661851128471281400278782,Variable,10000003641,97673607529
13996732:290:0xcb3c6fb29f23ab056bd426290f4fa74a618f87a328ce99db9ee5d6eb5e1de694:496:496,30000000000000,1642071169,0xd46ba6d942050d489dbd938a2c909a5d5039a1610xb53c1a33016b2dc2ff3653530bff1848a515c8c5,0xcefcca169357a18eb8c3f230f92b58562e48cae5,0xcefcca169357a18eb8c3f230f92b58562e48cae5,0xb53c1a33016b2dc2ff3653530bff1848a515c8c5,11671000468614916507998270,Variable,0,15232034393511
13996684:305:0x28f9b80d4803744ff6ac496ae7ffa1c1769489d82be457a408928ed661027ac5:420:420,70000000000,1642070474,0xa0b86991c6218b36c1d19d4a2e9eb0ce3606eb480xb53c1a33016b2dc2ff3653530bff1848a515c8c5,0x459ca59f63e898b084629edb3d249b867411c6d4,0x459ca59f63e898b084629edb3d249b867411c6d4,0xb53c1a33016b2dc2ff3653530bff1848a515c8c5,38661723211056659783172237,Variable,0,198861162632
13996641:39:0xc0aa7ce5d0f93d8c33db0aa1e647fd2071b079f37e6f94a95591eb47a0713cd9:91:91,20000000000000000000000,1642069804,0x6b175474e89094c44da98b954eedeac495271d0f0xb53c1a33016b2dc2ff3653530bff1848a515c8c5,0x64001db5c436340d9dbeed1bac5a4e8d42860667,0x64001db5c436340d9dbeed1bac5a4e8d42860667,0xb53c1a33016b2dc2ff3653530bff1848a515c8c5,38939576052682629935722753,Variable,0,89018529789385157672919
13996636:196:0xb2d70837a524010412c6c1aa2be5d2f6e480093a39f7242e61a01a4189b98b32:332:332,22000000000,1642069715,0xa0b86991c6218b36c1d19d4a2e9eb0ce3606eb480xb53c1a33016b2dc2ff3653530bff1848a515c8c5,0x9005fbd4adbe59126cc19b03033c9a13e0a85b5e,0x9005fbd4adbe59126cc19b03033c9a13e0a85b5e,0xb53c1a33016b2dc2ff3653530bff1848a515c8c5,38660855634687305070291612,Variable,0,34676157547
13996571:198:0x6aa3ba9a6fa6ec592ca7162f2492517068d65f4d4bda6c075fb8f91052d665f7:315:315,2500000000000000000,1642069006,0xc02aaa39b223fe8d0a0e5c4f27ead9083c756cc20xb53c1a33016b2dc2ff3653530bff1848a515c8c5,0x6ee43ebbf8cb81805cfdf7b8feed0777726ec55a,0xcc9a0b7c43dc2a5f023bb9b738e45b0ef6b06e04,0xb53c1a33016b2dc2ff3653530bff1848a515c8c5,3308266746585764995194435,Variable,0,5742382114745697660
13996524:537:0xa19d5a063ee3c1a8ed5d520b7eb973198b337db8e19983249bd79f19022c0eb6:300:300,180000000000,1642068432,0xdac17f958d2ee523a2206206994597c13d831ec70xb53c1a33016b2dc2ff3653530bff1848a515c8c5,0xd0b53c43d3e0b58909c38487aa0c3af7dfa2d8c0,0xd0b53c43d3e0b58909c38487aa0c3af7dfa2d8c0,0xb53c1a33016b2dc2ff3653530bff1848a515c8c5,39417712100951892374530287,Variable,0,343020139583
13996395:206:0xd21689b35920c1539c856d2ebd2509da4e8b1051fe9e3a4f46454f7e32204bd9:322:322,90000000000,1642066719,0xa0b86991c6218b36c1d19d4a2e9eb0ce3606eb480xb53c1a33016b2dc2ff3653530bff1848a515c8c5,0x3a23457f14e3053c4425218b6075c365d5c1aed5,0x3a23457f14e3053c4425218b6075c365d5c1aed5,0xb53c1a33016b2dc2ff3653530bff1848a515c8c5,38660463852926438341926488,Variable,0,82271729188
13996358:16:0x20f110692de8de9dd88a9e3ce4fa38ac2dcda39173f1abc74a60cb0fa41e4f8f:29:29,2500000000,1642066271,0xa0b86991c6218b36c1d19d4a2e9eb0ce3606eb480xb53c1a33016b2dc2ff3653530bff1848a515c8c5,0xffb73552c14752570a8609449887aa60c30ae7f6,0xffb73552c14752570a8609449887aa60c30ae7f6,0xb53c1a33016b2dc2ff3653530bff1848a515c8c5,38659351752479662206945124,Variable,0,21585823569
13996330:167:0xd75c3c29bb54252bb0f38e90e6b19d5f4e6e3cfd1ef1eeff0cdeae792d1333fa:386:386,600000000000000000000000,1642065857,0xd533a949740bb3306d119cc777fa900ba034cd520xb53c1a33016b2dc2ff3653530bff1848a515c8c5,0x019dc80ee1b70b8999da62a757efc9e5fbb24d8d,0x019dc80ee1b70b8999da62a757efc9e5fbb24d8d,0xb53c1a33016b2dc2ff3653530bff1848a515c8c5,166609862763978404882902408,Variable,0,507509088140967368700005
13996280:83:0x7457bac937eb29c820b6895cc0d5aa2ff81d6e513655dfab1f9f29e1475c5dad:103:103,2959611869975678500000,1642065082,0x6b175474e89094c44da98b954eedeac495271d0f0xb53c1a33016b2dc2ff3653530bff1848a515c8c5,0x6bed2a5ca56056a97c9d295a8edd4fb2f09d035d,0x6bed2a5ca56056a97c9d295a8edd4fb2f09d035d,0xb53c1a33016b2dc2ff3653530bff1848a515c8c5,38937397522670714764539375,Variable,0,2691074681166655508339
13996242:97:0x0b9957632b4bf68407a8ce7f40b3645bb96ab1c0de424c7d83d558b025dc5f87:151:151,4000000000,1642064512,0xa0b86991c6218b36c1d19d4a2e9eb0ce3606eb480xb53c1a33016b2dc2ff3653530bff1848a515c8c5,0x9d9d398492e4cd55be61f79ef4dcb2b38a208471,0x9d9d398492e4cd55be61f79ef4dcb2b38a208471,0xb53c1a33016b2dc2ff3653530bff1848a515c8c5,109329616185158356817724091,Stable,4000000000,0
13996232:84:0x7def2d6bfb9693349f72df01406a9535b0123224c679a73d162871ce65333a19:200:200,6000000000000,1642064311,0xa0b86991c6218b36c1d19d4a2e9eb0ce3606eb480xb53c1a33016b2dc2ff3653530bff1848a515c8c5,0x4093fbe60ab50ab79a5bd32fa2adec255372f80e,0x4093fbe60ab50ab79a5bd32fa2adec255372f80e,0xb53c1a33016b2dc2ff3653530bff1848a515c8c5,38659232370316713635448182,Variable,0,106691366252501
13996178:48:0x70f618c3aa865ef6a918bf6e01c31f4cf72da8893f25cabe0a9f8d5d7e39f97b:69:69,5000000000,1642063700,0xdac17f958d2ee523a2206206994597c13d831ec70xb53c1a33016b2dc2ff3653530bff1848a515c8c5,0x4b7d2ca4cd3f8ffed3560db4d3eb54c27c95cd06,0x4b7d2ca4cd3f8ffed3560db4d3eb54c27c95cd06,0xb53c1a33016b2dc2ff3653530bff1848a515c8c5,39386893495936844755768372,Variable,0,1425604389800
13996140:165:0xe11947972adca63038704da79bc71e310895695ff2a1a34de0ee7502bbfeb893:316:316,5000000000,1642063249,0xdac17f958d2ee523a2206206994597c13d831ec70xb53c1a33016b2dc2ff3653530bff1848a515c8c5,0xce77c77a487b0dc3037590520eb59f5680d97818,0xce77c77a487b0dc3037590520eb59f5680d97818,0xb53c1a33016b2dc2ff3653530bff1848a515c8c5,119693199625894107661342646,Stable,5000000000,0
13996114:77:0x889303430bec5f00906a2ddaf705c909859ce872495404b6d65f353304c7d1cc:132:132,50000000000,1642062836,0xa0b86991c6218b36c1d19d4a2e9eb0ce3606eb480xb53c1a33016b2dc2ff3653530bff1848a515c8c5,0xd67cce92218517b4963ee843b3a454d382691f6e,0xd67cce92218517b4963ee843b3a454d382691f6e,0xb53c1a33016b2dc2ff3653530bff1848a515c8c5,38585272711009242740095376,Variable,0,3023326850277
13996022:154:0xe33024c6371255230a69db450f25ca0e288e2bc425ad5446b02328159ef8ee24:260:260,83484622,1642061542,0x2260fac5e5542a773aa44fbcfedf7c193bc2c5990xb53c1a33016b2dc2ff3653530bff1848a515c8c5,0xa43fda3b06b9ec93c17d7077248f60446fec2956,0xa43fda3b06b9ec93c17d7077248f60446fec2956,0xb53c1a33016b2dc2ff3653530bff1848a515c8c5,2547263966787163151229629,Variable,0,82729888
13995968:38:0xb89d16d60e331ab111b46a27fbb61666b3ee4208cce9873a1f46f83c10888319:122:122,6000000000,1642060786,0xa0b86991c6218b36c1d19d4a2e9eb0ce3606eb480xb53c1a33016b2dc2ff3653530bff1848a515c8c5,0xaf59c4a07e71e760991d8e8b65eb3ec54fe410e0,0xaf59c4a07e71e760991d8e8b65eb3ec54fe410e0,0xb53c1a33016b2dc2ff3653530bff1848a515c8c5,38582814407143728087382940,Variable,0,60637309737
13995959:175:0xed1ba83239f4c2b34af744ca00de16e8ee814a274eed29f1f3394158f1d78c9b:208:208,6000000000000000000000,1642060696,0x6b175474e89094c44da98b954eedeac495271d0f0xb53c1a33016b2dc2ff3653530bff1848a515c8c5,0xf72a2caa677b90b0ae449af1318f1b80344ae97c,0xf72a2caa677b90b0ae449af1318f1b80344ae97c,0xb53c1a33016b2dc2ff3653530bff1848a515c8c5,38937055416327776832493908,Variable,0,54276990236003416118643
13995830:161:0x5d0f72096031d4f88cf1ca6c97964384de27e6bc314e2f632691d17b14b09ae7:245:245,20000000000,1642058684,0xdac17f958d2ee523a2206206994597c13d831ec70xb53c1a33016b2dc2ff3653530bff1848a515c8c5,0xf9138f184a1433c3a28a91cb27146550f477ca3e,0xf9138f184a1433c3a28a91cb27146550f477ca3e,0xb53c1a33016b2dc2ff3653530bff1848a515c8c5,39386399251788215322685291,Variable,0,2354840039575
13995827:235:0x43927fa48e9dcc4791987b5e63be52652de3e49ef1bd3711ec702e5bcd2a3e9c:331:331,5000000000,1642058674,0xa0b86991c6218b36c1d19d4a2e9eb0ce3606eb480xb53c1a33016b2dc2ff3653530bff1848a515c8c5,0x617f81dc84773050d95f6b7bee920f5deb6c5e6b,0x617f81dc84773050d95f6b7bee920f5deb6c5e6b,0xb53c1a33016b2dc2ff3653530bff1848a515c8c5,38582726899657601703680118,Variable,0,4570696637
13995819:253:0x6a77e01e9157e6bdacb009546efb6ddfb20cf14bf495e557a43c72360793dc85:416:416,300000000000,1642058598,0xdac17f958d2ee523a2206206994597c13d831ec70xb53c1a33016b2dc2ff3653530bff1848a515c8c5,0xd2acb1bbd0c696051e1c55cf0d561b40a8509c19,0xd2acb1bbd0c696051e1c55cf0d561b40a8509c19,0xb53c1a33016b2dc2ff3653530bff1848a515c8c5,39386973029803862138468218,Variable,0,268518509698
13995815:119:0xb4359be029e2524f8e719419b32ce86091319a0283820abc7a5f63621910b159:217:217,10940479433507921168,1642058566,0xc02aaa39b223fe8d0a0e5c4f27ead9083c756cc20xb53c1a33016b2dc2ff3653530bff1848a515c8c5,0x28810b00af57628772d01e5a9bb3542b01adf20d,0x28810b00af57628772d01e5a9bb3542b01adf20d,0xb53c1a33016b2dc2ff3653530bff1848a515c8c5,3312205708889374444111768,Variable,0,10831036519429219789
13995772:222:0x498cdd38164fc5f429f14da95c38fa7ed7432250b5e6f1bcd9244307a1d3aef0:417:417,40000000000000000000000,1642058118,0xd533a949740bb3306d119cc777fa900ba034cd520xb53c1a33016b2dc2ff3653530bff1848a515c8c5,0xe7c5ff8b017f48a2275a3f9f4f01a1e664cb81ee,0xe7c5ff8b017f48a2275a3f9f4f01a1e664cb81ee,0xb53c1a33016b2dc2ff3653530bff1848a515c8c5,66133014476322964099629736,Variable,0,33834488310919497529113
13995712:81:0xcb959506ea49613f1bb761afab0653c964a67d6f8d190ad066606ef1680132cb:113:113,7000000000000,1642057345,0xdac17f958d2ee523a2206206994597c13d831ec70xb53c1a33016b2dc2ff3653530bff1848a515c8c5,0x4093fbe60ab50ab79a5bd32fa2adec255372f80e,0x4093fbe60ab50ab79a5bd32fa2adec255372f80e,0xb53c1a33016b2dc2ff3653530bff1848a515c8c5,39376375278664321086966118,Variable,4825283,68569479947764
13995689:112:0x18bc625c777b103c52ba6a2d334f46d5b2b44284ea010a9e15e277622a1ba206:83:83,15000000000,1642057056,0xa0b86991c6218b36c1d19d4a2e9eb0ce3606eb480xb53c1a33016b2dc2ff3653530bff1848a515c8c5,0x207e2530a3194b7dfd40f02f8017beca67e77aeb,0x207e2530a3194b7dfd40f02f8017beca67e77aeb,0xb53c1a33016b2dc2ff3653530bff1848a515c8c5,38583486924749228418572846,Variable,0,74253674475
13995323:202:0x9067cb82c4affe6448502201baf490530a35092d595f10884a13a910289f07d8:299:299,50000000000,1642052053,0xa0b86991c6218b36c1d19d4a2e9eb0ce3606eb480xb53c1a33016b2dc2ff3653530bff1848a515c8c5,0xcca58ce511aad7a2498ba50c35c85e37d8613a82,0xcca58ce511aad7a2498ba50c35c85e37d8613a82,0xb53c1a33016b2dc2ff3653530bff1848a515c8c5,38582834298146849135420874,Variable,0,622906251556
13995275:15:0xe9cd19b8acd33c840e6755a7f13d6eb5443bda9cfcbead95b67d83a7660cc04b:17:17,40500000000,1642051317,0xa0b86991c6218b36c1d19d4a2e9eb0ce3606eb480xb53c1a33016b2dc2ff3653530bff1848a515c8c5,0x4f03745d7963462cdbb0050f02f99025fed52976,0x4f03745d7963462cdbb0050f02f99025fed52976,0xb53c1a33016b2dc2ff3653530bff1848a515c8c5,38582213348376727716549740,Variable,0,77671139978
13995145:50:0xb379a27393af6156d11fa7de6bb0a80c18bbcca67b6a6018b77e8603ff1472a5:169:169,302420968900000000,1642049491,0xc02aaa39b223fe8d0a0e5c4f27ead9083c756cc20xb53c1a33016b2dc2ff3653530bff1848a515c8c5,0x2eb25541f54472a9caf21ea56ae1dbcb0571b17d,0xcc9a0b7c43dc2a5f023bb9b738e45b0ef6b06e04,0xb53c1a33016b2dc2ff3653530bff1848a515c8c5,3301923707155292068698405,Variable,0,299395990663477596
13995110:2:0x4e6bd2db92a896bab1e3e4d8aae08f8d7477cc7ceb8c5a791c0601c1350d1140:25:25,5000000000000000000000,1642049160,0x6b175474e89094c44da98b954eedeac495271d0f0xb53c1a33016b2dc2ff3653530bff1848a515c8c5,0x55d17c482e958ef70967986e1819b31899d5012c,0x55d17c482e958ef70967986e1819b31899d5012c,0xb53c1a33016b2dc2ff3653530bff1848a515c8c5,38936809131528948677347431,Variable,0,23318935171176105866816
13995066:269:0x9fda101b92a6b232bae9a68af85f71feaac0b5a45108d3bf8ac0cc0cf39e3144:363:363,20000000000000000000000,1642048367,0x6b175474e89094c44da98b954eedeac495271d0f0xb53c1a33016b2dc2ff3653530bff1848a515c8c5,0x31ba1e39e826ffbbd3b9d89b8ca91ce8d2b18fc0,0x31ba1e39e826ffbbd3b9d89b8ca91ce8d2b18fc0,0xb53c1a33016b2dc2ff3653530bff1848a515c8c5,38936669661660877501259773,Variable,0,106151677460247049941620
13995007:142:0xddf3aafcef0a2c3deee3c8a86265a1ae60dcd86c4bc1cfda380c11f64bc79f17:403:403,6000000000000000000000,1642047658,0x853d955acef822db058eb8505911ed77f175b99e0xb53c1a33016b2dc2ff3653530bff1848a515c8c5,0xfbf3bf1ffe79f59cb58958288f0dfb596098ab6f,0xfbf3bf1ffe79f59cb58958288f0dfb596098ab6f,0xb53c1a33016b2dc2ff3653530bff1848a515c8c5,25842281141081069309491928,Variable,0,5916886426569678722691
13994973:32:0x9b9886809de070f33b27070ad30ceef8ae269d3df12cd5c06d267bf333ca5528:42:42,500000000000000000000,1642047270,0xd5147bc8e386d91cc5dbe72099dac6c9b99276f50xb53c1a33016b2dc2ff3653530bff1848a515c8c5,0xdacd3ad9fe68a29a4ae2b7a66599ceb784fafaad,0xdacd3ad9fe68a29a4ae2b7a66599ceb784fafaad,0xb53c1a33016b2dc2ff3653530bff1848a515c8c5,30747566635737886921667743,Variable,0,1932878016021126733751
13994777:146:0x3264abcb9250f40b52d753c552a56dbef92f4484f06999e3183e6ca6fa310c20:239:239,10000000000,1642044708,0xa0b86991c6218b36c1d19d4a2e9eb0ce3606eb480xb53c1a33016b2dc2ff3653530bff1848a515c8c5,0xcd0b2155c937abb6b0804a677838d709a6c555d4,0xcd0b2155c937abb6b0804a677838d709a6c555d4,0xb53c1a33016b2dc2ff3653530bff1848a515c8c5,38647988111151462653456947,Variable,0,155052995478
13994361:369:0x5f16e0bfaf1050583c4f06fb9a11d692febb42b99680de85b39ce26bafa9700f:487:487,25000000000,1642039088,0xa0b86991c6218b36c1d19d4a2e9eb0ce3606eb480xb53c1a33016b2dc2ff3653530bff1848a515c8c5,0xd31e5afac44b31a818de79063969b5abbd26eb8c,0xd31e5afac44b31a818de79063969b5abbd26eb8c,0xb53c1a33016b2dc2ff3653530bff1848a515c8c5,38652617558150150953722918,Variable,0,1093082530456
13994332:140:0xedcf8c7b2a61fbcaf39476302a3c9e74e73d86834f22449e83d1fe2ffb089757:168:168,35000000000000000000,1642038756,0xc02aaa39b223fe8d0a0e5c4f27ead9083c756cc20xb53c1a33016b2dc2ff3653530bff1848a515c8c5,0x456ee5b6ea8ca03adc0aa7c9a65bc07f396b70dc,0xcc9a0b7c43dc2a5f023bb9b738e45b0ef6b06e04,0xb53c1a33016b2dc2ff3653530bff1848a515c8c5,3297321174924849851805474,Variable,0,34649949972496272133
13994329:305:0x3a5a312a6915ac8afc490a1e49d119b76bb751ed255f1e538d858560c6ecc6ef:409:409,800000000000,1642038716,0xa0b86991c6218b36c1d19d4a2e9eb0ce3606eb480xb53c1a33016b2dc2ff3653530bff1848a515c8c5,0x1f3f3eb4dbe259aa39f67e97afca6cb50c3a52e7,0x1f3f3eb4dbe259aa39f67e97afca6cb50c3a52e7,0xb53c1a33016b2dc2ff3653530bff1848a515c8c5,38653404662647326692570191,Variable,0,4315940209273
13994294:11:0x6bda3f3cde436ca85dcf653e766d6a098f2adc0459f5c133681c8f8b7751841f:27:27,400000000000,1642038246,0xdac17f958d2ee523a2206206994597c13d831ec70xb53c1a33016b2dc2ff3653530bff1848a515c8c5,0x77693ff03fd85f9181e5e577b8cabfddac00880a,0x77693ff03fd85f9181e5e577b8cabfddac00880a,0xb53c1a33016b2dc2ff3653530bff1848a515c8c5,39373262252679795091254899,Variable,0,1247175001437
13994195:44:0xcf43348871cc610da9ad0eba0fe99f3611818661d0a8ae3d7ca515e231f1f28a:70:70,70000000000,1642037173,0xa0b86991c6218b36c1d19d4a2e9eb0ce3606eb480xb53c1a33016b2dc2ff3653530bff1848a515c8c5,0x56f08f2947cc582dc3c7235118d0413fce4bb27a,0x56f08f2947cc582dc3c7235118d0413fce4bb27a,0xb53c1a33016b2dc2ff3653530bff1848a515c8c5,38641486635937960978628654,Variable,0,1171296737780
13994194:14:0xffe20e35140c2394121f3cb8c2f4812832bfd3cdbd2054ab9edf948d907bfe11:32:32,30000000000000000000000,1642037172,0x0000000000085d4780b73119b644ae5ecd22b3760xb53c1a33016b2dc2ff3653530bff1848a515c8c5,0x7f78c085441419f163a9a25522052240040366ef,0x7f78c085441419f163a9a25522052240040366ef,0xb53c1a33016b2dc2ff3653530bff1848a515c8c5,28856395107419697941714186,Variable,0,134596682414769541534728
13994183:23:0x93cab211710739599fae1852dd5846f34eb8ae72469681e0b605740804b55149:40:40,600000000000,1642036998,0xa0b86991c6218b36c1d19d4a2e9eb0ce3606eb480xb53c1a33016b2dc2ff3653530bff1848a515c8c5,0xd31e5afac44b31a818de79063969b5abbd26eb8c,0xd31e5afac44b31a818de79063969b5abbd26eb8c,0xb53c1a33016b2dc2ff3653530bff1848a515c8c5,38640622273297921496039107,Variable,0,1143361547526
13994141:270:0xc56d2016cae72f750104f831f89c1e36b32d49a842044bc73fd9313e8c90870b:435:435,4000000000,1642036395,0xa0b86991c6218b36c1d19d4a2e9eb0ce3606eb480xb53c1a33016b2dc2ff3653530bff1848a515c8c5,0x87fa38fd559ed347854bde3d28a77435759ee2e4,0x87fa38fd559ed347854bde3d28a77435759ee2e4,0xb53c1a33016b2dc2ff3653530bff1848a515c8c5,38633219164968157530545101,Variable,0,3656657060
13994080:73:0xe11c17873930bb999f497e6777b6d194f094a4ffffd7b88b174d32384935bf70:119:119,15000000000000000000,1642035553,0xc02aaa39b223fe8d0a0e5c4f27ead9083c756cc20xb53c1a33016b2dc2ff3653530bff1848a515c8c5,0x0e79fa10ac8d92ff43309dd24eaf2481b624d328,0xcc9a0b7c43dc2a5f023bb9b738e45b0ef6b06e04,0xb53c1a33016b2dc2ff3653530bff1848a515c8c5,3293998690209015858707228,Variable,0,237611974511815370225
13993883:90:0x3aa46aa64ee583314c03e6ce9997c737de5b093a578c33ab3cee20d731004d45:114:114,5000000000000000000000,1642032740,0x6b175474e89094c44da98b954eedeac495271d0f0xb53c1a33016b2dc2ff3653530bff1848a515c8c5,0xbaad6d5b389b65007a10f0ee03ca907ec6f9e956,0xbaad6d5b389b65007a10f0ee03ca907ec6f9e956,0xb53c1a33016b2dc2ff3653530bff1848a515c8c5,39000307943905235850093845,Variable,0,8659483420806882711881
13993872:30:0xd0499129630d19c953ee8b912200d96c772260ad7823a65b100ddb32902f6b18:17:17,4200000000000000000000,1642032642,0x514910771af9ca656af840dff83e8264ecf986ca0xb53c1a33016b2dc2ff3653530bff1848a515c8c5,0x0894b39017c78b16aa7b7270c0a6a9648274ec38,0x0894b39017c78b16aa7b7270c0a6a9648274ec38,0xb53c1a33016b2dc2ff3653530bff1848a515c8c5,1305284865200623246184416,Variable,0,4188989100325277578413
13993767:50:0x0cbb8b58af8bbd852f2f144d2b8fda310edcdb1bb8968cee4a3afd7a5a67a612:104:104,9000000000,1642031053,0xdac17f958d2ee523a2206206994597c13d831ec70xb53c1a33016b2dc2ff3653530bff1848a515c8c5,0x5f4324c2221aeb6510bb5026466e57d6c0920bf8,0x5f4324c2221aeb6510bb5026466e57d6c0920bf8,0xb53c1a33016b2dc2ff3653530bff1848a515c8c5,39351928308400892219276658,Variable,0,27016625910
13993737:102:0xb39b43e528fe79f490e812a006233b816c646d95a4ebad8e1c77598887b45197:189:189,4000000000000000000,1642030650,0xc02aaa39b223fe8d0a0e5c4f27ead9083c756cc20xb53c1a33016b2dc2ff3653530bff1848a515c8c5,0x82c219840cee8b440fea8202de244874395b44fe,0xcc9a0b7c43dc2a5f023bb9b738e45b0ef6b06e04,0xb53c1a33016b2dc2ff3653530bff1848a515c8c5,3293154498815987721451085,Variable,0,20497613534815940857
13993681:133:0xd7d86e6f512207f2483795e5c54bb7865f95579368b391de1cfab89c51a9d0a9:140:140,22000000000,1642030040,0xdac17f958d2ee523a2206206994597c13d831ec70xb53c1a33016b2dc2ff3653530bff1848a515c8c5,0xaa3939e4142e2a6b866b9bdb59decf7d578d7811,0xaa3939e4142e2a6b866b9bdb59decf7d578d7811,0xb53c1a33016b2dc2ff3653530bff1848a515c8c5,39412601472791313006225322,Variable,0,19692057583
13993526:217:0x491587c10cf0ff82794d2f691d26a92ded2d50a6f8fced9b5875aafdc86d25b2:306:306,10300000000000000000,1642027920,0xc02aaa39b223fe8d0a0e5c4f27ead9083c756cc20xb53c1a33016b2dc2ff3653530bff1848a515c8c5,0x3abbf51219a87ced996f24f357d4d90dcabdfc79,0xcc9a0b7c43dc2a5f023bb9b738e45b0ef6b06e04,0xb53c1a33016b2dc2ff3653530bff1848a515c8c5,3296695949241023942662703,Variable,0,89396973185139967538
13993495:187:0xd3438f67cf89c0739e0de6f9c947013aaaa76b3226cde0f92dff0f2170f2452a:320:320,42500000000,1642027371,0xa0b86991c6218b36c1d19d4a2e9eb0ce3606eb480xb53c1a33016b2dc2ff3653530bff1848a515c8c5,0xea8f1607df5fd7e54bdd76a8cb9dc4b0970089bd,0xea8f1607df5fd7e54bdd76a8cb9dc4b0970089bd,0xb53c1a33016b2dc2ff3653530bff1848a515c8c5,38622149777141396156112737,Variable,0,38852410638
13993434:36:0x4774868d8b55f14c28e8a1db758c0139bdac658b9f93081b069e96129eb08fed:68:68,15000000000000000000000,1642026677,0x6b175474e89094c44da98b954eedeac495271d0f0xb53c1a33016b2dc2ff3653530bff1848a515c8c5,0x38e2bb6aebb4198aa98f75577e46b5b83417d0f9,0x38e2bb6aebb4198aa98f75577e46b5b83417d0f9,0xb53c1a33016b2dc2ff3653530bff1848a515c8c5,39001251188315018446167940,Variable,0,32344909572349621149965
14000054:74:0x1dc8034ea271c2e08ab2b6951a811cad6344a60fdbc71a97b68b8e7d5e34dca9:176:176,2999953012563252651,1642115622,0xc02aaa39b223fe8d0a0e5c4f27ead9083c756cc20xb53c1a33016b2dc2ff3653530bff1848a515c8c5,0xc8fb3be9d30456168795d2e495a169f5149555b9,0xcc9a0b7c43dc2a5f023bb9b738e45b0ef6b06e04,0xb53c1a33016b2dc2ff3653530bff1848a515c8c5,34168003998225346053752459,Stable,10084533134196182223,0
14000097:74:0xc101a15d252ba5db8365e77fc8b345219296c73b689df16c83e3118e02dbf749:91:91,3500000000,1642116280,0xdac17f958d2ee523a2206206994597c13d831ec70xb53c1a33016b2dc2ff3653530bff1848a515c8c5,0xf68f5b88206aba201b8ec2913ad62df9f8d302d6,0xf68f5b88206aba201b8ec2913ad62df9f8d302d6,0xb53c1a33016b2dc2ff3653530bff1848a515c8c5,124195873572784295674067382,Stable,3500000000,0
14000102:77:0xa42b7bb4cee92958ea65c7ebb8e2d9cd635ebe81e146c8c9d0351760747ac383:89:89,825000000000000000,1642116344,0xc02aaa39b223fe8d0a0e5c4f27ead9083c756cc20xb53c1a33016b2dc2ff3653530bff1848a515c8c5,0xe73be3a60a0343eecb0e158fde488a5527af4e61,0xcc9a0b7c43dc2a5f023bb9b738e45b0ef6b06e04,0xb53c1a33016b2dc2ff3653530bff1848a515c8c5,3334769895080552754064555,Variable,0,816742152675809789
14000115:161:0xa5418356f611b8a401342c46f8a218a2d350fe4b79f7733cabcb486d76eca617:282:282,50000000000,1642116472,0xa0b86991c6218b36c1d19d4a2e9eb0ce3606eb480xb53c1a33016b2dc2ff3653530bff1848a515c8c5,0x1a026895485684985438c67316fe6a7671e66d47,0x1a026895485684985438c67316fe6a7671e66d47,0xb53c1a33016b2dc2ff3653530bff1848a515c8c5,38714400117679199940094451,Variable,0,351535265273
14000182:66:0x71e4be0580e6ad93822ad3e756e3b368e94c2b136b60d38d3d448483b4dfe83a:108:108,40000000000000000000,1642117290,0xc02aaa39b223fe8d0a0e5c4f27ead9083c756cc20xb53c1a33016b2dc2ff3653530bff1848a515c8c5,0x1109297e392d92c1613fdbdf30579a0215c20da9,0xcc9a0b7c43dc2a5f023bb9b738e45b0ef6b06e04,0xb53c1a33016b2dc2ff3653530bff1848a515c8c5,3338597000119799871149158,Variable,0,39599615562342249671
14000184:140:0x7aada57f12cc829406935fb26c69a46d9d47c780d9108f02fb516c12efbd91f7:164:164,7000000000,1642117319,0xdac17f958d2ee523a2206206994597c13d831ec70xb53c1a33016b2dc2ff3653530bff1848a515c8c5,0xf68f5b88206aba201b8ec2913ad62df9f8d302d6,0xf68f5b88206aba201b8ec2913ad62df9f8d302d6,0xb53c1a33016b2dc2ff3653530bff1848a515c8c5,124218719071562654470087980,Stable,10500014321,0
14000761:169:0x47ea511507f8c410253d744b9c9d76485b7ff2c40026b0efce64f6eb9d20e8a9:288:288,2000000000,1642125092,0xdac17f958d2ee523a2206206994597c13d831ec70xb53c1a33016b2dc2ff3653530bff1848a515c8c5,0xf68f5b88206aba201b8ec2913ad62df9f8d302d6,0xf68f5b88206aba201b8ec2913ad62df9f8d302d6,0xb53c1a33016b2dc2ff3653530bff1848a515c8c5,122372092188353346705940602,Stable,12500335790,0
14001076:47:0x49a77a9e784abe74f0ab1faed1c0dd0383b7f0a45b29fc2f0379fa27b37c5e70:96:96,75000000000,1642129327,0xdac17f958d2ee523a2206206994597c13d831ec70xb53c1a33016b2dc2ff3653530bff1848a515c8c5,0x1252813fb95faf0493fcfcb5e8ed81acee3e72d8,0x1252813fb95faf0493fcfcb5e8ed81acee3e72d8,0xb53c1a33016b2dc2ff3653530bff1848a515c8c5,42780446800474800472763548,Variable,0,79656543965
14001194:125:0x26449c245cc852edb9f67852446eb9e8fd58bc69dd373643d9c66b5780e448ff:52:52,50000000000,1642130836,0xdac17f958d2ee523a2206206994597c13d831ec70xb53c1a33016b2dc2ff3653530bff1848a515c8c5,0x414a26eaa23583715d71b3294f0bf5eabdd2eaa8,0x414a26eaa23583715d71b3294f0bf5eabdd2eaa8,0xb53c1a33016b2dc2ff3653530bff1848a515c8c5,43096314688281985566818248,Variable,0,2104682918777
14001222:153:0x8e21414283fb1fd6e9eda8f797e2c3f2a8f23981122a208c3e9f9fcc0c71b3ee:240:240,38979000000,1642131139,0xdac17f958d2ee523a2206206994597c13d831ec70xb53c1a33016b2dc2ff3653530bff1848a515c8c5,0x8a473efb809b1c9ea7a4dd5cdd498e1fac54da14,0x8a473efb809b1c9ea7a4dd5cdd498e1fac54da14,0xb53c1a33016b2dc2ff3653530bff1848a515c8c5,43341906984542818510644076,Variable,0,34885263917
14001258:305:0xe8a485e9bbb0d4be244f75b7d4b69a2613fad86eb1c743bc3a48ee05b201477a:261:261,12500000000,1642131503,0xdac17f958d2ee523a2206206994597c13d831ec70xb53c1a33016b2dc2ff3653530bff1848a515c8c5,0xf68f5b88206aba201b8ec2913ad62df9f8d302d6,0xf68f5b88206aba201b8ec2913ad62df9f8d302d6,0xb53c1a33016b2dc2ff3653530bff1848a515c8c5,123341906984542818510644076,Stable,25000650693,0
14001290:207:0x85b855fc41255e89843c2d474dab232d05b2099ab471773db5f843549b10748c:309:309,19646000000000000000000,1642131942,0xc011a73ee8576fb46f5e1c5751ca3b9fe0af2a6f0xb53c1a33016b2dc2ff3653530bff1848a515c8c5,0x2aab2c89d5a717427dd6ad4899f011867e030b15,0x2aab2c89d5a717427dd6ad4899f011867e030b15,0xb53c1a33016b2dc2ff3653530bff1848a515c8c5,43854150212672761310885988,Variable,0,17587647524734419279860
14001370:74:0x7eb02310548094d12836871eae8a9cbbf3998eb53beae0fb8b67b082e6751266:143:143,41000000000,1642132856,0xdac17f958d2ee523a2206206994597c13d831ec70xb53c1a33016b2dc2ff3653530bff1848a515c8c5,0x3405c80fcf75d48febb0fe7aaef0c49842d5399e,0x3405c80fcf75d48febb0fe7aaef0c49842d5399e,0xb53c1a33016b2dc2ff3653530bff1848a515c8c5,43822688263169336126468668,Variable,0,511225118361
14001385:38:0xa3f66dd7a6bb69782a8e1705c2d3a662c6a0535c8ffdced5ac28b67f0c23ab3b:38:38,8900000000,1642133020,0xdac17f958d2ee523a2206206994597c13d831ec70xb53c1a33016b2dc2ff3653530bff1848a515c8c5,0xa876ae4eb312cf5cc2c5f483631e7fcade6c4188,0xa876ae4eb312cf5cc2c5f483631e7fcade6c4188,0xb53c1a33016b2dc2ff3653530bff1848a515c8c5,43878838494508934017451068,Variable,0,14135120545
14001477:159:0xe2f29e4e34291df4dc6b3af12f4684fd581f45681f85010df87aa32b04c622c6:308:308,2054232066,1642134162,0xa0b86991c6218b36c1d19d4a2e9eb0ce3606eb480xb53c1a33016b2dc2ff3653530bff1848a515c8c5,0xc94c422b43d1bd9c0fa1c4e1dde7d3f0373fbb6e,0xc94c422b43d1bd9c0fa1c4e1dde7d3f0373fbb6e,0xb53c1a33016b2dc2ff3653530bff1848a515c8c5,38701361245396848021361372,Variable,0,8474213381
14001481:131:0x3efc42e133a3f2c2ca1d33405187475679f08ac0ff4e1525121f14a3a926bb58:224:224,20000000000000000000000,1642134225,0x0000000000085d4780b73119b644ae5ecd22b3760xb53c1a33016b2dc2ff3653530bff1848a515c8c5,0x7f78c085441419f163a9a25522052240040366ef,0x7f78c085441419f163a9a25522052240040366ef,0xb53c1a33016b2dc2ff3653530bff1848a515c8c5,28870442130678360944997761,Variable,0,151711253430785611383845
14001489:22:0xbccb027ef3bc23a06b5096fecfc1a16288e6f2f2b47616c6770e74ce1ef301e2:48:48,30000000000,1642134366,0xa0b86991c6218b36c1d19d4a2e9eb0ce3606eb480xb53c1a33016b2dc2ff3653530bff1848a515c8c5,0x24d9db7c839262197b278a912ca0beefbfbc15a2,0x24d9db7c839262197b278a912ca0beefbfbc15a2,0xb53c1a33016b2dc2ff3653530bff1848a515c8c5,38701733000632050811903389,Variable,0,27421632715
14001626:316:0x6b37b7da03d0a387e64340308a4c0b1d6ce9b1b09e6e656d1b074762b5ee975a:410:410,4000000000000,1642136156,0xa0b86991c6218b36c1d19d4a2e9eb0ce3606eb480xb53c1a33016b2dc2ff3653530bff1848a515c8c5,0x4740fa6b32c5b41ebbf631fe1af41e6fff6e2388,0x4740fa6b32c5b41ebbf631fe1af41e6fff6e2388,0xb53c1a33016b2dc2ff3653530bff1848a515c8c5,38740589307221762546449434,Variable,0,18143545273898
14001696:24:0x38980cb4b8a4cfdc8ce1106a3217b191115750450b79b727f817732491dfaa87:34:34,2759563017,1642137081,0xdac17f958d2ee523a2206206994597c13d831ec70xb53c1a33016b2dc2ff3653530bff1848a515c8c5,0x7689e30437477714e901e55cad0bbf82ba3ffd5e,0x7689e30437477714e901e55cad0bbf82ba3ffd5e,0xb53c1a33016b2dc2ff3653530bff1848a515c8c5,44120449115947075079984224,Variable,22031600212,6929696843
14001723:122:0x928c606d43bf137ff7ac034739d35916ca93ba2239c8aa6a0eae19ac8eea35f8:183:183,82619837765176310000000,1642137426,0x6b175474e89094c44da98b954eedeac495271d0f0xb53c1a33016b2dc2ff3653530bff1848a515c8c5,0x97a5370695c5a64004359f43889f398fb4d07fb1,0x97a5370695c5a64004359f43889f398fb4d07fb1,0xb53c1a33016b2dc2ff3653530bff1848a515c8c5,38923325996501694889255694,Variable,0,75116704010634904502618
14001797:69:0x74a7d8679aa36f7da7146181cc18165575ae914c2d6d96dc065f83b35870b8d5:168:168,4000000000,1642138269,0xa0b86991c6218b36c1d19d4a2e9eb0ce3606eb480xb53c1a33016b2dc2ff3653530bff1848a515c8c5,0x46a9dedf7bbb4f420f4fe0aca9d225e4555109a8,0x46a9dedf7bbb4f420f4fe0aca9d225e4555109a8,0xb53c1a33016b2dc2ff3653530bff1848a515c8c5,38738770502728790132218337,Variable,0,18474450916
14001928:309:0x4827b064063660675bd6ea5385fcd4e0885497b1ddd309612064a24ae5982862:325:325,3500000000000000000000,1642140033,0x1f9840a85d5af5bf1d1762f925bdaddc4201f9840xb53c1a33016b2dc2ff3653530bff1848a515c8c5,0xdacd3ad9fe68a29a4ae2b7a66599ceb784fafaad,0xdacd3ad9fe68a29a4ae2b7a66599ceb784fafaad,0xb53c1a33016b2dc2ff3653530bff1848a515c8c5,1818845424972774360991827,Variable,0,3459563719235998969663
14002085:253:0xea4e0773c543f75260dca485df554a6601249f0d5627b3aebee06b7707d03963:418:418,924187000000000000000000,1642142236,0x6b175474e89094c44da98b954eedeac495271d0f0xb53c1a33016b2dc2ff3653530bff1848a515c8c5,0xa976ea51b9ba3232706af125a92e32788dc08ddc,0xa976ea51b9ba3232706af125a92e32788dc08ddc,0xb53c1a33016b2dc2ff3653530bff1848a515c8c5,38947790958494927649978126,Variable,0,8450352559826405085311305
14002372:419:0x18e5b3f5edcfa551fe7aee06ccd33688a0add9c2f72bdb3b3195e1e584760583:475:475,28000000000,1642146133,0xa0b86991c6218b36c1d19d4a2e9eb0ce3606eb480xb53c1a33016b2dc2ff3653530bff1848a515c8c5,0xe97968cd95b25032e6a538c7708f09f3ec37813b,0xe97968cd95b25032e6a538c7708f09f3ec37813b,0xb53c1a33016b2dc2ff3653530bff1848a515c8c5,38738089482755015321884272,Variable,0,67759417201
14002627:181:0x7462816d3c45a1a1af770f020e38449bd755096e0795ae97f24eea8b4f5e2926:166:166,823756650,1642149625,0xdac17f958d2ee523a2206206994597c13d831ec70xb53c1a33016b2dc2ff3653530bff1848a515c8c5,0x59862299867e44ffe531231378f202e8623e3c6f,0x59862299867e44ffe531231378f202e8623e3c6f,0xb53c1a33016b2dc2ff3653530bff1848a515c8c5,43405278705673007146788682,Variable,0,737223413
14002862:191:0xc32161c1213003f3082ab7e55beb147d6ffa7d4fa0a26e68f42fef4d9f457b13:289:289,53300000000000000000000,1642152892,0x6b175474e89094c44da98b954eedeac495271d0f0xb53c1a33016b2dc2ff3653530bff1848a515c8c5,0xdbe34e06f38fe5cfa9fe795bc426e4630bc60895,0xdbe34e06f38fe5cfa9fe795bc426e4630bc60895,0xb53c1a33016b2dc2ff3653530bff1848a515c8c5,38948901699971111551846641,Variable,0,391869620561122470945205
14002883:149:0x35107f33649dc20dfe789f98f7743759cf3e216a4da82cd2771ed08f7d0f6686:250:250,3000000000,1642153279,0xa0b86991c6218b36c1d19d4a2e9eb0ce3606eb480xb53c1a33016b2dc2ff3653530bff1848a515c8c5,0xd754180befd846bd3a9c7703fd8382042b91085a,0xd754180befd846bd3a9c7703fd8382042b91085a,0xb53c1a33016b2dc2ff3653530bff1848a515c8c5,38739410955024980364279583,Variable,0,3747939265
14003031:120:0x8325886307dac61faa8e64b7575098e547724f49e4e7be293c9dc6f3e2a9414b:193:193,520000000000000000000000,1642155091,0x4fabb145d64652a948d72533023f6e7a623c7c530xb53c1a33016b2dc2ff3653530bff1848a515c8c5,0x2e5a6a3a79237aac0a1b5078cfe9a374626d2fad,0x2e5a6a3a79237aac0a1b5078cfe9a374626d2fad,0xb53c1a33016b2dc2ff3653530bff1848a515c8c5,33178034942015728551095271,Variable,0,467205701311910522532603
14003112:246:0x4fc9dccc984191eb2e1c2ccd43fc8417efbf903f4f9f90220a86d228f57c40fa:235:235,300000000000000000000,1642156325,0xc02aaa39b223fe8d0a0e5c4f27ead9083c756cc20xb53c1a33016b2dc2ff3653530bff1848a515c8c5,0x9dbbf9a7485b3bdc2aee3c70799761f9bd426257,0xcc9a0b7c43dc2a5f023bb9b738e45b0ef6b06e04,0xb53c1a33016b2dc2ff3653530bff1848a515c8c5,3366869756118289803782455,Variable,0,1272159681912718905088
14003121:312:0xec96a068aa17d6b428ddb58b8de9fb39ec24cde06b1f66356302a7ffe75bf032:552:552,29998000000,1642156423,0xa0b86991c6218b36c1d19d4a2e9eb0ce3606eb480xb53c1a33016b2dc2ff3653530bff1848a515c8c5,0x21f0805d0778661ae90e8fab889e120e7e9cfcd5,0x21f0805d0778661ae90e8fab889e120e7e9cfcd5,0xb53c1a33016b2dc2ff3653530bff1848a515c8c5,38739801188417383798599792,Variable,0,330001450728
14003122:148:0x78dd7d7ed20220731324ab352850b5c6f4a0bd3859bf8f15c046a58828ecaaf7:439:439,2500000000,1642156447,0xa0b86991c6218b36c1d19d4a2e9eb0ce3606eb480xb53c1a33016b2dc2ff3653530bff1848a515c8c5,0xbf98af5077241a75a1db333e1cdf04a4ffd62af4,0xbf98af5077241a75a1db333e1cdf04a4ffd62af4,0xb53c1a33016b2dc2ff3653530bff1848a515c8c5,38739832210917921821474131,Variable,0,72433139153
14003156:220:0xdaff7f7c8d7efe57d58154054ccc8db61cb43e60f91ba2e3e8fb09b1f9930bd4:354:354,95805896269710000000,1642156888,0x514910771af9ca656af840dff83e8264ecf986ca0xb53c1a33016b2dc2ff3653530bff1848a515c8c5,0x261fb7c6df525f557aeb2dd3336510fc29c39441,0x261fb7c6df525f557aeb2dd3336510fc29c39441,0xb53c1a33016b2dc2ff3653530bff1848a515c8c5,1306000700493202621481180,Variable,0,95554237585706165908
14003256:274:0xc6f0dc0ce76a75acaee65eab496d08886ab23bfec37bcf105453589df6e66f3d:415:415,600000000000000000000000,1642158131,0x853d955acef822db058eb8505911ed77f175b99e0xb53c1a33016b2dc2ff3653530bff1848a515c8c5,0x3f3b9b0f14def5817a61437ccb25ccbbd4853ffd,0x3f3b9b0f14def5817a61437ccb25ccbbd4853ffd,0xb53c1a33016b2dc2ff3653530bff1848a515c8c5,26620105767968257954955723,Variable,0,591635081004945867296115
14003366:149:0xb8ea51fe406cbdab4506bea2eda3c4028cf58a3207bf6e4076bd92d98a80cf7d:271:271,210000000000000000000000,1642159592,0x6b175474e89094c44da98b954eedeac495271d0f0xb53c1a33016b2dc2ff3653530bff1848a515c8c5,0xd5d37cb5d2fb53c998b645bcda99b00d36643a7a,0xd5d37cb5d2fb53c998b645bcda99b00d36643a7a,0xb53c1a33016b2dc2ff3653530bff1848a515c8c5,38551045862335298069505404,Variable,0,372814826555839901817552
14003433:130:0x0ee8a4b2c98c570bee7c1a6e2d81ee46a44688edeabfa78f108f80b03eb69430:204:204,11600000000000000000000000,1642160446,0x6b175474e89094c44da98b954eedeac495271d0f0xb53c1a33016b2dc2ff3653530bff1848a515c8c5,0x3a0dc3fc4b84e2427ced214c9ce858ea218e97d9,0x3a0dc3fc4b84e2427ced214c9ce858ea218e97d9,0xb53c1a33016b2dc2ff3653530bff1848a515c8c5,39243166995973627571610906,Variable,0,255957712799188031378835885
14003455:103:0x88ad74cbcddb66e63b280f0a5debb858436a3781b839736ba4e3741f053b58b5:233:233,3500000000000,1642160729,0xdac17f958d2ee523a2206206994597c13d831ec70xb53c1a33016b2dc2ff3653530bff1848a515c8c5,0x4093fbe60ab50ab79a5bd32fa2adec255372f80e,0x4093fbe60ab50ab79a5bd32fa2adec255372f80e,0xb53c1a33016b2dc2ff3653530bff1848a515c8c5,72237416363490971562734704,Variable,4825283,76176865237993
14003468:179:0x85eeddd855ed893fc4d75519b8257428c4c1f367b187fc36c8070c34454d4185:286:286,17500000000,1642160996,0xa0b86991c6218b36c1d19d4a2e9eb0ce3606eb480xb53c1a33016b2dc2ff3653530bff1848a515c8c5,0x95dfddf52a166184f9b67266cfc965fa02fa386f,0x95dfddf52a166184f9b67266cfc965fa02fa386f,0xb53c1a33016b2dc2ff3653530bff1848a515c8c5,109368521130827537707791569,Stable,101760067572,0
14003468:133:0xa00862ab1d11c697cadd9cdef691cd8d299253a9730259975ba93042ed3f75f4:208:208,100000000000000000000000,1642160996,0x6b175474e89094c44da98b954eedeac495271d0f0xb53c1a33016b2dc2ff3653530bff1848a515c8c5,0xf0a8d7abcc0df2ee4a68c64e3e3e6620a8717884,0xf0a8d7abcc0df2ee4a68c64e3e3e6620a8717884,0xb53c1a33016b2dc2ff3653530bff1848a515c8c5,39659075626117019301005809,Variable,0,90915837142275422316081
14003488:137:0xd9e6c43760cfa60016bd34ac420f12c108bc5e4ae459120f690130ded7a04399:178:178,17499000000,1642161359,0xa0b86991c6218b36c1d19d4a2e9eb0ce3606eb480xb53c1a33016b2dc2ff3653530bff1848a515c8c5,0xfa273296a238ea726d9af7eb835c9c586784ea2d,0xfa273296a238ea726d9af7eb835c9c586784ea2d,0xb53c1a33016b2dc2ff3653530bff1848a515c8c5,109368629929844333292757529,Stable,68807874698,0
14003503:61:0xf4a0367e6625bbf2e5f9acfdffe1e4bbf13d9b5f12a8462e1886fb85c223960e:68:68,4000000000,1642161560,0xa0b86991c6218b36c1d19d4a2e9eb0ce3606eb480xb53c1a33016b2dc2ff3653530bff1848a515c8c5,0x74e07962ba7ff426d3644ca66f6822d297989989,0x74e07962ba7ff426d3644ca66f6822d297989989,0xb53c1a33016b2dc2ff3653530bff1848a515c8c5,38737528892999979216991071,Variable,0,7316700412
14003550:232:0xe8f27285256378314146412378b26adf10167a65216b8404bee423a9f057521e:412:412,742500006310706435,1642162304,0xc02aaa39b223fe8d0a0e5c4f27ead9083c756cc20xb53c1a33016b2dc2ff3653530bff1848a515c8c5,0x139b7d23e1b026552ac0fac92b4b34227e8f6922,0xcc9a0b7c43dc2a5f023bb9b738e45b0ef6b06e04,0xb53c1a33016b2dc2ff3653530bff1848a515c8c5,3372512914851719808866409,Variable,0,735064362986512013
14003734:182:0x97f6b0751fc158bbc0cdd309e691031d605d05a711d9e1235d07bdc43fb7c913:336:336,5000000000,1642164710,0xa0b86991c6218b36c1d19d4a2e9eb0ce3606eb480xb53c1a33016b2dc2ff3653530bff1848a515c8c5,0xe97968cd95b25032e6a538c7708f09f3ec37813b,0xe97968cd95b25032e6a538c7708f09f3ec37813b,0xb53c1a33016b2dc2ff3653530bff1848a515c8c5,38737610479986063612494521,Variable,0,72329518981
14003781:228:0x8e1227cedd9cd7449d3436a2d56a35b2f1cea4c574582d20cf3d2d4001ff6e94:493:493,4500000000000000000000,1642165321,0x6b175474e89094c44da98b954eedeac495271d0f0xb53c1a33016b2dc2ff3653530bff1848a515c8c5,0x99e94953369c1c1c236bdcc76d74e31bb268afde,0x99e94953369c1c1c236bdcc76d74e31bb268afde,0xb53c1a33016b2dc2ff3653530bff1848a515c8c5,39122923586475620929912299,Variable,0,4091190693189890306209
14003788:1:0x5a9109767a65052f38868e2de918c6aa1a035f2ad7da7e9649a65fef6086ab74:30:30,156908702014939000214,1642165364,0xc02aaa39b223fe8d0a0e5c4f27ead9083c756cc20xb53c1a33016b2dc2ff3653530bff1848a515c8c5,0x55e83ce0d0346074eff5d3a1f9073913e8545f59,0x55e83ce0d0346074eff5d3a1f9073913e8545f59,0xb53c1a33016b2dc2ff3653530bff1848a515c8c5,3387565157141015932517357,Variable,0,155337314976412431891
14003859:185:0xa5f0675bb14eec279081494aedc2fba3d7b305cbe1102bab708d0bc902da1f0d:294:294,11000000000000000000,1642166473,0xc02aaa39b223fe8d0a0e5c4f27ead9083c756cc20xb53c1a33016b2dc2ff3653530bff1848a515c8c5,0x7173ce51d1b494320229e06bbdbe0da258b9b547,0xcc9a0b7c43dc2a5f023bb9b738e45b0ef6b06e04,0xb53c1a33016b2dc2ff3653530bff1848a515c8c5,3388646966424779469502457,Variable,0,10889837461164396598
14003861:91:0xb4f8e83c2b78487e7bf751711d2b959aa0b00d34795b7137f9c23831f8d8ed6b:111:111,110000000000,1642166500,0xdac17f958d2ee523a2206206994597c13d831ec70xb53c1a33016b2dc2ff3653530bff1848a515c8c5,0x0084ee6c8893c01e252198b56ec127443dc27464,0x0084ee6c8893c01e252198b56ec127443dc27464,0xb53c1a33016b2dc2ff3653530bff1848a515c8c5,72873554908360439745430780,Variable,0,144157648529
14004259:329:0xa21e5b7950d88a1188834cf5524471ed9f958a8c13d04a739351a666bd95812c:521:521,40000000000,1642171917,0xa0b86991c6218b36c1d19d4a2e9eb0ce3606eb480xb53c1a33016b2dc2ff3653530bff1848a515c8c5,0x036f2dacf33ea6fb436257b1df4670de25e4a8cf,0x036f2dacf33ea6fb436257b1df4670de25e4a8cf,0xb53c1a33016b2dc2ff3653530bff1848a515c8c5,38733561037734716205598592,Variable,0,47530796811
14004290:307:0x3b350b44618bf0dc788054798f38beaac7ebfafcc43bf0054f35bd0ac5b9e2c4:405:405,2000000000000000000,1642172344,0xc02aaa39b223fe8d0a0e5c4f27ead9083c756cc20xb53c1a33016b2dc2ff3653530bff1848a515c8c5,0x7896062cbee5b512ea2b5a6182d1c89438aaee5f,0xcc9a0b7c43dc2a5f023bb9b738e45b0ef6b06e04,0xb53c1a33016b2dc2ff3653530bff1848a515c8c5,3382630352402411519098246,Variable,0,1979969199956894582
14004324:434:0x06efb2a7c030e24585ef15f1a0ff9db70037b4529fbb0929c0c7c05c0fa8e33e:468:468,5000000000,1642172817,0xa0b86991c6218b36c1d19d4a2e9eb0ce3606eb480xb53c1a33016b2dc2ff3653530bff1848a515c8c5,0x035a1ffa41d92f553aa477f7f895bb374e88ab15,0x035a1ffa41d92f553aa477f7f895bb374e88ab15,0xb53c1a33016b2dc2ff3653530bff1848a515c8c5,38747885932966708826240320,Variable,0,334045281892
14004390:327:0xfbbce46e6a3e4a314b04f3299f0f875ef09fcc441b767a5275e160b92066ccbe:447:447,420000000,1642173726,0x2260fac5e5542a773aa44fbcfedf7c193bc2c5990xb53c1a33016b2dc2ff3653530bff1848a515c8c5,0x89b8b20ae90328692cd367f75aafadf55fd33e8b,0x89b8b20ae90328692cd367f75aafadf55fd33e8b,0xb53c1a33016b2dc2ff3653530bff1848a515c8c5,2574219715753139372238211,Variable,0,802441138
14004799:280:0xa3e330137a65560fceb4f50ad3b713181953372ae19d035f1a25bec0f39371cd:285:285,100000000000,1642178993,0xdac17f958d2ee523a2206206994597c13d831ec70xb53c1a33016b2dc2ff3653530bff1848a515c8c5,0x316c387ec14a0d0c15ed8167ba98352059e568c6,0x316c387ec14a0d0c15ed8167ba98352059e568c6,0xb53c1a33016b2dc2ff3653530bff1848a515c8c5,73397170690162715206956328,Variable,0,268517080746
14005059:148:0x0a538dcec7dd875cc6f2b45126ee6fa710fb149796b370b5db84c0a15e0b340e:159:159,50000000000,1642182385,0xa0b86991c6218b36c1d19d4a2e9eb0ce3606eb480xb53c1a33016b2dc2ff3653530bff1848a515c8c5,0x1a026895485684985438c67316fe6a7671e66d47,0x1a026895485684985438c67316fe6a7671e66d47,0xb53c1a33016b2dc2ff3653530bff1848a515c8c5,38541057357641364072473223,Variable,0,330147787173
14005164:326:0x4964e36e56155bd84afc2884c32f3b4635aac165c3df283f5c75e54d6200c333:424:424,240000000000,1642183757,0xa0b86991c6218b36c1d19d4a2e9eb0ce3606eb480xb53c1a33016b2dc2ff3653530bff1848a515c8c5,0x2fe09e93acbb8b0da86c394335b8a92d3f5e273e,0x2fe09e93acbb8b0da86c394335b8a92d3f5e273e,0xb53c1a33016b2dc2ff3653530bff1848a515c8c5,38579938599367409819032461,Variable,0,321931810093
14005251:83:0x1566a1e2267e0c22c01c060f2d7c969b5cb8019b26f3cac2e211dd87c1fa9b24:120:120,20000000000000000000000,1642185080,0x6b175474e89094c44da98b954eedeac495271d0f0xb53c1a33016b2dc2ff3653530bff1848a515c8c5,0x4c2b7e9a474e7a19addf2a9fdb577ee99abc82b6,0x4c2b7e9a474e7a19addf2a9fdb577ee99abc82b6,0xb53c1a33016b2dc2ff3653530bff1848a515c8c5,39061034307887363651531331,Variable,0,18182624292843721861494
14005377:50:0xc30314b1d51a1ed67580227cd5748358ed7fbdaf5b6a0b98360faf031d304f5a:105:105,1000000000000000000,1642186745,0xc02aaa39b223fe8d0a0e5c4f27ead9083c756cc20xb53c1a33016b2dc2ff3653530bff1848a515c8c5,0x4594c8935288d744f5d1d8eff68643c3ecec1572,0xcc9a0b7c43dc2a5f023bb9b738e45b0ef6b06e04,0xb53c1a33016b2dc2ff3653530bff1848a515c8c5,3396151004196427405626672,Variable,0,989983066602266485
14005407:97:0x06fb11d8c79272d9dec159680111518f30a49241b4487ede830ba79003f963fc:189:189,11972887452000,1642187255,0xa0b86991c6218b36c1d19d4a2e9eb0ce3606eb480xb53c1a33016b2dc2ff3653530bff1848a515c8c5,0xccad42f141beb476b4ab6b19c13a9710bdee53fd,0xccad42f141beb476b4ab6b19c13a9710bdee53fd,0xb53c1a33016b2dc2ff3653530bff1848a515c8c5,38567534419692195088310994,Variable,0,10943160640076
14005419:49:0x6e3f1ffaab778359a457b5a4071a535310b2a70ce299074e392d9041b8a7ed4d:91:91,20000000000,1642187535,0xa0b86991c6218b36c1d19d4a2e9eb0ce3606eb480xb53c1a33016b2dc2ff3653530bff1848a515c8c5,0x3dc30cf7c35257e5c0b41fe71e485a463fc55842,0x3dc30cf7c35257e5c0b41fe71e485a463fc55842,0xb53c1a33016b2dc2ff3653530bff1848a515c8c5,38567782394427572809140678,Variable,0,18279896035
14005529:123:0xff3536c2707bde39135552c77c8cd15f2162ff87d1b67901e1528c39aac318d5:237:237,16000000000,1642189083,0xa0b86991c6218b36c1d19d4a2e9eb0ce3606eb480xb53c1a33016b2dc2ff3653530bff1848a515c8c5,0x1ea898c6b176bf436b841f184cc221c2ae1dc572,0x1ea898c6b176bf436b841f184cc221c2ae1dc572,0xb53c1a33016b2dc2ff3653530bff1848a515c8c5,109283891197213786404570339,Stable,20052095336,0
14005615:74:0x50738037e2c326763e748807126aa3f43239b3e1794dfb6b980852fccf3f4496:109:109,460132822,1642190193,0x2260fac5e5542a773aa44fbcfedf7c193bc2c5990xb53c1a33016b2dc2ff3653530bff1848a515c8c5,0x2ba7f6b33b07ceccd7cd640d82ebbd6fdd02fd53,0x2ba7f6b33b07ceccd7cd640d82ebbd6fdd02fd53,0xb53c1a33016b2dc2ff3653530bff1848a515c8c5,2593802766667516369890117,Variable,0,455968280
14005686:98:0x865a8e1172f7e0a367300ea9a7c6058886dd21865f1c7a7010a3af90817ce22d:191:191,11062276542,1642190923,0xa0b86991c6218b36c1d19d4a2e9eb0ce3606eb480xb53c1a33016b2dc2ff3653530bff1848a515c8c5,0xb54f09a307e20b6e60f8b4f8d2b86cdfcd8efb01,0xb54f09a307e20b6e60f8b4f8d2b86cdfcd8efb01,0xb53c1a33016b2dc2ff3653530bff1848a515c8c5,38568137286510218913830839,Variable,0,10110821361
14005756:82:0xa9e61bda3d159a94ba9424cd352930347ae2ed04352cd6ad874a12ca53344029:120:120,20000000000,1642191740,0xa0b86991c6218b36c1d19d4a2e9eb0ce3606eb480xb53c1a33016b2dc2ff3653530bff1848a515c8c5,0xebfa5bb9559a602f9775cd62e753216ea63dc24c,0xebfa5bb9559a602f9775cd62e753216ea63dc24c,0xb53c1a33016b2dc2ff3653530bff1848a515c8c5,38568388713944456006643379,Variable,0,67257696869
14005807:125:0x6bda70bb430d2885978812ee4645c7c2ae94a88f56cd555e16c93b29883fe0b5:199:199,5000000000000000000,1642192444,0xc02aaa39b223fe8d0a0e5c4f27ead9083c756cc20xb53c1a33016b2dc2ff3653530bff1848a515c8c5,0x2067c2ce64dcdef7c6bd195a7ee190d734c13fc8,0xcc9a0b7c43dc2a5f023bb9b738e45b0ef6b06e04,0xb53c1a33016b2dc2ff3653530bff1848a515c8c5,3396387031175199929926848,Variable,0,34652344036411912764
14005856:33:0x5f63100c2827e8dc38b54af8da68ba2f11b7540d3508f587d77d886ea9d955e3:79:79,4142069999999,1642193062,0xa0b86991c6218b36c1d19d4a2e9eb0ce3606eb480xb53c1a33016b2dc2ff3653530bff1848a515c8c5,0x5b63df1aec68fe2832c96237214ac11484ee5cf9,0x5b63df1aec68fe2832c96237214ac11484ee5cf9,0xb53c1a33016b2dc2ff3653530bff1848a515c8c5,38565748050983670463710512,Variable,0,3785804858390
14005899:173:0x12be1beb966635241f76ca11a2fde64b49d520a64f017925b672b976764724b4:312:312,8736999470,1642193693,0xa0b86991c6218b36c1d19d4a2e9eb0ce3606eb480xb53c1a33016b2dc2ff3653530bff1848a515c8c5,0xff79d54240f51cbdcea84d9bed6ff22888644cbe,0xff79d54240f51cbdcea84d9bed6ff22888644cbe,0xb53c1a33016b2dc2ff3653530bff1848a515c8c5,38577070572298440538254911,Variable,0,7985511957
